ISO-10303-21;
HEADER;
FILE_DESCRIPTION(('FreeCAD Model'),'2;1');
FILE_NAME('Open CASCADE Shape Model','2026-07-06T17:21:58',(''),(''),
  'Open CASCADE STEP processor 7.8','FreeCAD','Unknown');
FILE_SCHEMA(('AUTOMOTIVE_DESIGN { 1 0 10303 214 1 1 1 1 }'));
ENDSEC;
DATA;
#1 = APPLICATION_PROTOCOL_DEFINITION('international standard',
  'automotive_design',2000,#2);
#2 = APPLICATION_CONTEXT(
  'core data for automotive mechanical design processes');
#3 = SHAPE_DEFINITION_REPRESENTATION(#4,#10);
#4 = PRODUCT_DEFINITION_SHAPE('','',#5);
#5 = PRODUCT_DEFINITION('design','',#6,#9);
#6 = PRODUCT_DEFINITION_FORMATION('','',#7);
#7 = PRODUCT('09855056','09855056','',(#8));
#8 = PRODUCT_CONTEXT('',#2,'mechanical');
#9 = PRODUCT_DEFINITION_CONTEXT('part definition',#2,'design');
#10 = ADVANCED_BREP_SHAPE_REPRESENTATION('',(#11,#15),#5167);
#11 = AXIS2_PLACEMENT_3D('',#12,#13,#14);
#12 = CARTESIAN_POINT('',(0.,0.,0.));
#13 = DIRECTION('',(0.,0.,1.));
#14 = DIRECTION('',(1.,0.,-0.));
#15 = MANIFOLD_SOLID_BREP('',#16);
#16 = CLOSED_SHELL('',(#17,#61,#151,#169,#201,#233,#251,#269,#301,#335,
    #353,#382,#452,#522,#554,#572,#604,#633,#667,#685,#719,#737,#771,
    #789,#821,#839,#871,#889,#923,#941,#984,#1002,#1072,#1104,#1122,
    #1156,#1174,#1354,#1518,#1555,#1573,#1605,#1760,#1785,#1817,#1918,
    #1943,#2090,#2114,#2232,#2257,#2375,#2399,#2551,#2576,#2657,#2674,
    #2781,#2932,#2957,#3075,#3176,#3201,#3332,#3349,#3460,#3485,#3594,
    #3611,#3747,#3772,#3853,#3865,#3875,#3893,#3911,#3929,#3947,#3965,
    #4059,#4071,#4097,#4147,#4187,#4219,#4299,#4324,#4350,#4366,#4391,
    #4403,#4421,#4439,#4462,#4478,#4493,#4511,#4534,#4552,#4570,#4588,
    #4606,#4618,#4630,#4648,#4666,#4684,#4696,#4708,#4726,#4744,#4762,
    #4780,#4792,#4817,#4843,#4859,#4884,#4896,#4914,#4932,#4955,#4966,
    #4984,#5007,#5025,#5043,#5061,#5079,#5091,#5109,#5127,#5145,#5157));
#17 = ADVANCED_FACE('',(#18),#56,.T.);
#18 = FACE_BOUND('',#19,.T.);
#19 = EDGE_LOOP('',(#20,#31,#40,#49));
#20 = ORIENTED_EDGE('',*,*,#21,.F.);
#21 = EDGE_CURVE('',#22,#24,#26,.T.);
#22 = VERTEX_POINT('',#23);
#23 = CARTESIAN_POINT('',(2.55899617507E+03,-739.8585373,641.840421801)
  );
#24 = VERTEX_POINT('',#25);
#25 = CARTESIAN_POINT('',(2.56499688575E+03,-739.8585373,652.824649018)
  );
#26 = CIRCLE('',#27,6.25823010516);
#27 = AXIS2_PLACEMENT_3D('',#28,#29,#30);
#28 = CARTESIAN_POINT('',(2.56199653041E+03,-739.8585373,647.332535409)
  );
#29 = DIRECTION('',(-0.,1.,0.));
#30 = DIRECTION('',(0.,0.,1.));
#31 = ORIENTED_EDGE('',*,*,#32,.F.);
#32 = EDGE_CURVE('',#33,#22,#35,.T.);
#33 = VERTEX_POINT('',#34);
#34 = CARTESIAN_POINT('',(2.55881397236E+03,-739.894977599,641.506901977
    ));
#35 = CIRCLE('',#36,2.);
#36 = AXIS2_PLACEMENT_3D('',#37,#38,#39);
#37 = CARTESIAN_POINT('',(2.55899617507E+03,-741.8585373,641.8404218));
#38 = DIRECTION('',(0.87758256189,0.,-0.479425538604));
#39 = DIRECTION('',(0.479425538604,0.,0.87758256189));
#40 = ORIENTED_EDGE('',*,*,#41,.T.);
#41 = EDGE_CURVE('',#33,#42,#44,.T.);
#42 = VERTEX_POINT('',#43);
#43 = CARTESIAN_POINT('',(2.56517908846E+03,-739.894977599,653.158168841
    ));
#44 = CIRCLE('',#45,6.63827391832);
#45 = AXIS2_PLACEMENT_3D('',#46,#47,#48);
#46 = CARTESIAN_POINT('',(2.56199653041E+03,-739.894977599,647.332535409
    ));
#47 = DIRECTION('',(-0.,1.,0.));
#48 = DIRECTION('',(0.,0.,1.));
#49 = ORIENTED_EDGE('',*,*,#50,.T.);
#50 = EDGE_CURVE('',#42,#24,#51,.T.);
#51 = CIRCLE('',#52,2.);
#52 = AXIS2_PLACEMENT_3D('',#53,#54,#55);
#53 = CARTESIAN_POINT('',(2.56499688575E+03,-741.8585373,652.824649018)
  );
#54 = DIRECTION('',(-0.87758256189,0.,0.479425538604));
#55 = DIRECTION('',(-0.479425538604,0.,-0.87758256189));
#56 = TOROIDAL_SURFACE('',#57,6.25823010516,2.);
#57 = AXIS2_PLACEMENT_3D('',#58,#59,#60);
#58 = CARTESIAN_POINT('',(2.56199653041E+03,-741.8585373,647.332535409)
  );
#59 = DIRECTION('',(0.,1.,0.));
#60 = DIRECTION('',(-0.479425538604,0.,-0.87758256189));
#61 = ADVANCED_FACE('',(#62,#92),#146,.T.);
#62 = FACE_BOUND('',#63,.T.);
#63 = EDGE_LOOP('',(#64,#65));
#64 = ORIENTED_EDGE('',*,*,#21,.T.);
#65 = ORIENTED_EDGE('',*,*,#66,.T.);
#66 = EDGE_CURVE('',#24,#22,#67,.T.);
#67 = B_SPLINE_CURVE_WITH_KNOTS('',5,(#68,#69,#70,#71,#72,#73,#74,#75,
    #76,#77,#78,#79,#80,#81,#82,#83,#84,#85,#86,#87,#88,#89,#90,#91),
  .UNSPECIFIED.,.F.,.F.,(6,3,3,3,3,3,3,6),(0.,4.332931277,8.66586255299,
    12.9987938478,17.3317251343,21.6646564367,25.9975877403,
    27.8027420047),.UNSPECIFIED.);
#68 = CARTESIAN_POINT('',(2.56499688575E+03,-739.8585373,652.824649018)
  );
#69 = CARTESIAN_POINT('',(2.56553464115E+03,-739.8585373,652.530871901)
  );
#70 = CARTESIAN_POINT('',(2.56603644003E+03,-739.8585373,652.171277687)
  );
#71 = CARTESIAN_POINT('',(2.56649155762E+03,-739.8585373,651.751701509)
  );
#72 = CARTESIAN_POINT('',(2.56728979935E+03,-739.8585373,650.809759502)
  );
#73 = CARTESIAN_POINT('',(2.56783730752E+03,-739.8585373,649.703109037)
  );
#74 = CARTESIAN_POINT('',(2.56804165725E+03,-739.8585373,649.118799716)
  );
#75 = CARTESIAN_POINT('',(2.56830318186E+03,-739.8585373,647.91213096));
#76 = CARTESIAN_POINT('',(2.56826597156E+03,-739.8585373,646.678009471)
  );
#77 = CARTESIAN_POINT('',(2.56817154451E+03,-739.8585373,646.066241777)
  );
#78 = CARTESIAN_POINT('',(2.56783491069E+03,-739.8585373,644.878335095)
  );
#79 = CARTESIAN_POINT('',(2.56722172394E+03,-739.8585373,643.806681017)
  );
#80 = CARTESIAN_POINT('',(2.56685070433E+03,-739.8585373,643.311180631)
  );
#81 = CARTESIAN_POINT('',(2.56599499918E+03,-739.8585373,642.421116976)
  );
#82 = CARTESIAN_POINT('',(2.56494989504E+03,-739.8585373,641.763699449)
  );
#83 = CARTESIAN_POINT('',(2.56438944841E+03,-739.8585373,641.500876801)
  );
#84 = CARTESIAN_POINT('',(2.56321570708E+03,-739.8585373,641.11776335));
#85 = CARTESIAN_POINT('',(2.56198421718E+03,-739.8585373,641.029032814)
  );
#86 = CARTESIAN_POINT('',(2.5613660121E+03,-739.8585373,641.060634157));
#87 = CARTESIAN_POINT('',(2.56050469422E+03,-739.8585373,641.2121009));
#88 = CARTESIAN_POINT('',(2.55968725937E+03,-739.8585373,641.507534281)
  );
#89 = CARTESIAN_POINT('',(2.55945048738E+03,-739.8585373,641.607062858)
  );
#90 = CARTESIAN_POINT('',(2.55922021081E+03,-739.8585373,641.71803052));
#91 = CARTESIAN_POINT('',(2.55899617507E+03,-739.8585373,641.840421802)
  );
#92 = FACE_BOUND('',#93,.T.);
#93 = EDGE_LOOP('',(#94,#122));
#94 = ORIENTED_EDGE('',*,*,#95,.F.);
#95 = EDGE_CURVE('',#96,#98,#100,.T.);
#96 = VERTEX_POINT('',#97);
#97 = CARTESIAN_POINT('',(2.56331495064E+03,-739.858537301,649.745887454
    ));
#98 = VERTEX_POINT('',#99);
#99 = CARTESIAN_POINT('',(2.56067811173E+03,-739.8585373,644.919186207)
  );
#100 = B_SPLINE_CURVE_WITH_KNOTS('',5,(#101,#102,#103,#104,#105,#106,
    #107,#108,#109,#110,#111,#112,#113,#114,#115,#116,#117,#118,#119,
    #120,#121),.UNSPECIFIED.,.F.,.F.,(6,3,3,3,3,3,6),(0.,2.29777442386,
    4.59554883228,6.893323254,9.19109768129,11.4888721143,12.2171345121)
  ,.UNSPECIFIED.);
#101 = CARTESIAN_POINT('',(2.56331494909E+03,-739.8585373,649.745884611)
  );
#102 = CARTESIAN_POINT('',(2.56360012338E+03,-739.8585373,649.590093185)
  );
#103 = CARTESIAN_POINT('',(2.56386228569E+03,-739.8585373,649.392179898)
  );
#104 = CARTESIAN_POINT('',(2.56409315379E+03,-739.8585373,649.156637979)
  );
#105 = CARTESIAN_POINT('',(2.56447839357E+03,-739.8585373,648.624483389)
  );
#106 = CARTESIAN_POINT('',(2.56469333267E+03,-739.8585373,648.003680544)
  );
#107 = CARTESIAN_POINT('',(2.56475385186E+03,-739.8585373,647.679462241)
  );
#108 = CARTESIAN_POINT('',(2.56477734203E+03,-739.8585373,647.022920996)
  );
#109 = CARTESIAN_POINT('',(2.56461001977E+03,-739.8585373,646.387627169)
  );
#110 = CARTESIAN_POINT('',(2.56447967081E+03,-739.8585373,646.084659799)
  );
#111 = CARTESIAN_POINT('',(2.56413344695E+03,-739.8585373,645.526334414)
  );
#112 = CARTESIAN_POINT('',(2.56364059451E+03,-739.8585373,645.091948112)
  );
#113 = CARTESIAN_POINT('',(2.56336357267E+03,-739.8585373,644.912953778)
  );
#114 = CARTESIAN_POINT('',(2.56276502314E+03,-739.8585373,644.642146353)
  );
#115 = CARTESIAN_POINT('',(2.56211374379E+03,-739.8585373,644.555947716)
  );
#116 = CARTESIAN_POINT('',(2.56178397424E+03,-739.8585373,644.561615043)
  );
#117 = CARTESIAN_POINT('',(2.56135732769E+03,-739.8585373,644.633078076)
  );
#118 = CARTESIAN_POINT('',(2.56095628307E+03,-739.8585373,644.783751021)
  );
#119 = CARTESIAN_POINT('',(2.56086119106E+03,-739.8585373,644.824663604)
  );
#120 = CARTESIAN_POINT('',(2.56076849559E+03,-739.8585373,644.869809281)
  );
#121 = CARTESIAN_POINT('',(2.56067811173E+03,-739.8585373,644.919186207)
  );
#122 = ORIENTED_EDGE('',*,*,#123,.F.);
#123 = EDGE_CURVE('',#98,#96,#124,.T.);
#124 = B_SPLINE_CURVE_WITH_KNOTS('',5,(#125,#126,#127,#128,#129,#130,
    #131,#132,#133,#134,#135,#136,#137,#138,#139,#140,#141,#142,#143,
    #144,#145),.UNSPECIFIED.,.F.,.F.,(6,3,3,3,3,3,6),(0.,2.29777442237,
    4.59554883771,6.89332326101,9.191097687,11.4888721223,12.2171345201)
  ,.UNSPECIFIED.);
#125 = CARTESIAN_POINT('',(2.56067811173E+03,-739.8585373,644.919186207)
  );
#126 = CARTESIAN_POINT('',(2.56039293744E+03,-739.8585373,645.074977633)
  );
#127 = CARTESIAN_POINT('',(2.56013077513E+03,-739.8585373,645.27289092)
  );
#128 = CARTESIAN_POINT('',(2.55989990703E+03,-739.8585373,645.508432839)
  );
#129 = CARTESIAN_POINT('',(2.55951466725E+03,-739.8585373,646.04058743)
  );
#130 = CARTESIAN_POINT('',(2.55929972815E+03,-739.8585373,646.661390276)
  );
#131 = CARTESIAN_POINT('',(2.55923920896E+03,-739.8585373,646.985608575)
  );
#132 = CARTESIAN_POINT('',(2.55921571879E+03,-739.8585373,647.642149821)
  );
#133 = CARTESIAN_POINT('',(2.55938304105E+03,-739.8585373,648.277443649)
  );
#134 = CARTESIAN_POINT('',(2.55951339001E+03,-739.8585373,648.580411018)
  );
#135 = CARTESIAN_POINT('',(2.55985961387E+03,-739.8585373,649.138736404)
  );
#136 = CARTESIAN_POINT('',(2.56035246631E+03,-739.8585373,649.573122706)
  );
#137 = CARTESIAN_POINT('',(2.56062948815E+03,-739.8585373,649.75211704)
  );
#138 = CARTESIAN_POINT('',(2.56122803768E+03,-739.8585373,650.022924465)
  );
#139 = CARTESIAN_POINT('',(2.56187931703E+03,-739.8585373,650.109123102)
  );
#140 = CARTESIAN_POINT('',(2.56220908657E+03,-739.8585373,650.103455775)
  );
#141 = CARTESIAN_POINT('',(2.56263573313E+03,-739.8585373,650.031992742)
  );
#142 = CARTESIAN_POINT('',(2.56303677775E+03,-739.8585373,649.881319797)
  );
#143 = CARTESIAN_POINT('',(2.56313186976E+03,-739.8585373,649.840407214)
  );
#144 = CARTESIAN_POINT('',(2.56322456523E+03,-739.8585373,649.795261537)
  );
#145 = CARTESIAN_POINT('',(2.56331494909E+03,-739.8585373,649.745884611)
  );
#146 = PLANE('',#147);
#147 = AXIS2_PLACEMENT_3D('',#148,#149,#150);
#148 = CARTESIAN_POINT('',(2.56199653041E+03,-739.8585373,653.590765514)
  );
#149 = DIRECTION('',(-0.,1.,0.));
#150 = DIRECTION('',(1.,0.,0.));
#151 = ADVANCED_FACE('',(#152),#164,.T.);
#152 = FACE_BOUND('',#153,.T.);
#153 = EDGE_LOOP('',(#154,#155,#156,#163));
#154 = ORIENTED_EDGE('',*,*,#66,.F.);
#155 = ORIENTED_EDGE('',*,*,#50,.F.);
#156 = ORIENTED_EDGE('',*,*,#157,.T.);
#157 = EDGE_CURVE('',#42,#33,#158,.T.);
#158 = CIRCLE('',#159,6.63827391832);
#159 = AXIS2_PLACEMENT_3D('',#160,#161,#162);
#160 = CARTESIAN_POINT('',(2.56199653041E+03,-739.894977599,
    647.332535409));
#161 = DIRECTION('',(-0.,1.,0.));
#162 = DIRECTION('',(0.,0.,1.));
#163 = ORIENTED_EDGE('',*,*,#32,.T.);
#164 = TOROIDAL_SURFACE('',#165,6.25823010516,2.);
#165 = AXIS2_PLACEMENT_3D('',#166,#167,#168);
#166 = CARTESIAN_POINT('',(2.56199653041E+03,-741.8585373,647.332535409)
  );
#167 = DIRECTION('',(0.,1.,0.));
#168 = DIRECTION('',(0.479425538604,-0.,0.87758256189));
#169 = ADVANCED_FACE('',(#170),#196,.T.);
#170 = FACE_BOUND('',#171,.T.);
#171 = EDGE_LOOP('',(#172,#173,#181,#190));
#172 = ORIENTED_EDGE('',*,*,#41,.F.);
#173 = ORIENTED_EDGE('',*,*,#174,.T.);
#174 = EDGE_CURVE('',#33,#175,#177,.T.);
#175 = VERTEX_POINT('',#176);
#176 = CARTESIAN_POINT('',(2.55816112656E+03,-740.158537302,
    640.311875756));
#177 = LINE('',#178,#179);
#178 = CARTESIAN_POINT('',(-2.32784761506E+05,-9.57502066264E+04,
    -4.30152018396E+05));
#179 = VECTOR('',#180,1.);
#180 = DIRECTION('',(-0.470690333515,-0.190021908125,-0.861592876229));
#181 = ORIENTED_EDGE('',*,*,#182,.F.);
#182 = EDGE_CURVE('',#183,#175,#185,.T.);
#183 = VERTEX_POINT('',#184);
#184 = CARTESIAN_POINT('',(2.56583193426E+03,-740.158537302,
    654.353195062));
#185 = CIRCLE('',#186,7.99999904049);
#186 = AXIS2_PLACEMENT_3D('',#187,#188,#189);
#187 = CARTESIAN_POINT('',(2.56199653041E+03,-740.158537302,
    647.332535409));
#188 = DIRECTION('',(0.,-1.,0.));
#189 = DIRECTION('',(0.,-0.,-1.));
#190 = ORIENTED_EDGE('',*,*,#191,.F.);
#191 = EDGE_CURVE('',#42,#183,#192,.T.);
#192 = LINE('',#193,#194);
#193 = CARTESIAN_POINT('',(2.37908754567E+05,-9.57502066264E+04,
    4.31446683466E+05));
#194 = VECTOR('',#195,1.);
#195 = DIRECTION('',(0.470690333515,-0.190021908125,0.861592876229));
#196 = CONICAL_SURFACE('',#197,6.63827391829,1.37961186561);
#197 = AXIS2_PLACEMENT_3D('',#198,#199,#200);
#198 = CARTESIAN_POINT('',(2.56199653041E+03,-739.894977599,
    647.332535409));
#199 = DIRECTION('',(0.,-1.,0.));
#200 = DIRECTION('',(0.479425538604,0.,0.87758256189));
#201 = ADVANCED_FACE('',(#202),#228,.T.);
#202 = FACE_BOUND('',#203,.T.);
#203 = EDGE_LOOP('',(#204,#215,#221,#222));
#204 = ORIENTED_EDGE('',*,*,#205,.F.);
#205 = EDGE_CURVE('',#206,#208,#210,.T.);
#206 = VERTEX_POINT('',#207);
#207 = CARTESIAN_POINT('',(2.56331495064E+03,-737.5585373,649.745887454)
  );
#208 = VERTEX_POINT('',#209);
#209 = CARTESIAN_POINT('',(2.56067811018E+03,-737.5585373,644.919183364)
  );
#210 = CIRCLE('',#211,2.75);
#211 = AXIS2_PLACEMENT_3D('',#212,#213,#214);
#212 = CARTESIAN_POINT('',(2.56199653041E+03,-737.5585373,647.332535409)
  );
#213 = DIRECTION('',(-0.,1.,0.));
#214 = DIRECTION('',(0.,0.,1.));
#215 = ORIENTED_EDGE('',*,*,#216,.F.);
#216 = EDGE_CURVE('',#96,#206,#217,.T.);
#217 = LINE('',#218,#219);
#218 = CARTESIAN_POINT('',(2.56331495064E+03,-746.558537301,
    649.745887454));
#219 = VECTOR('',#220,1.);
#220 = DIRECTION('',(0.,1.,0.));
#221 = ORIENTED_EDGE('',*,*,#95,.T.);
#222 = ORIENTED_EDGE('',*,*,#223,.T.);
#223 = EDGE_CURVE('',#98,#208,#224,.T.);
#224 = LINE('',#225,#226);
#225 = CARTESIAN_POINT('',(2.56067811018E+03,-746.558537301,
    644.919183364));
#226 = VECTOR('',#227,1.);
#227 = DIRECTION('',(0.,1.,0.));
#228 = CYLINDRICAL_SURFACE('',#229,2.75);
#229 = AXIS2_PLACEMENT_3D('',#230,#231,#232);
#230 = CARTESIAN_POINT('',(2.56199653041E+03,-746.5585373,647.332535409)
  );
#231 = DIRECTION('',(-0.,1.,0.));
#232 = DIRECTION('',(0.479425538604,0.,0.87758256189));
#233 = ADVANCED_FACE('',(#234),#246,.T.);
#234 = FACE_BOUND('',#235,.T.);
#235 = EDGE_LOOP('',(#236,#243,#244,#245));
#236 = ORIENTED_EDGE('',*,*,#237,.F.);
#237 = EDGE_CURVE('',#208,#206,#238,.T.);
#238 = CIRCLE('',#239,2.75);
#239 = AXIS2_PLACEMENT_3D('',#240,#241,#242);
#240 = CARTESIAN_POINT('',(2.56199653041E+03,-737.5585373,647.332535409)
  );
#241 = DIRECTION('',(-0.,1.,0.));
#242 = DIRECTION('',(0.,0.,1.));
#243 = ORIENTED_EDGE('',*,*,#223,.F.);
#244 = ORIENTED_EDGE('',*,*,#123,.T.);
#245 = ORIENTED_EDGE('',*,*,#216,.T.);
#246 = CYLINDRICAL_SURFACE('',#247,2.75);
#247 = AXIS2_PLACEMENT_3D('',#248,#249,#250);
#248 = CARTESIAN_POINT('',(2.56199653041E+03,-746.5585373,647.332535409)
  );
#249 = DIRECTION('',(-0.,1.,0.));
#250 = DIRECTION('',(-0.479425538604,0.,-0.87758256189));
#251 = ADVANCED_FACE('',(#252),#264,.T.);
#252 = FACE_BOUND('',#253,.T.);
#253 = EDGE_LOOP('',(#254,#255,#256,#263));
#254 = ORIENTED_EDGE('',*,*,#157,.F.);
#255 = ORIENTED_EDGE('',*,*,#191,.T.);
#256 = ORIENTED_EDGE('',*,*,#257,.F.);
#257 = EDGE_CURVE('',#175,#183,#258,.T.);
#258 = CIRCLE('',#259,7.99999904049);
#259 = AXIS2_PLACEMENT_3D('',#260,#261,#262);
#260 = CARTESIAN_POINT('',(2.56199653041E+03,-740.158537302,
    647.332535409));
#261 = DIRECTION('',(0.,-1.,0.));
#262 = DIRECTION('',(0.,-0.,-1.));
#263 = ORIENTED_EDGE('',*,*,#174,.F.);
#264 = CONICAL_SURFACE('',#265,6.63827391829,1.37961186561);
#265 = AXIS2_PLACEMENT_3D('',#266,#267,#268);
#266 = CARTESIAN_POINT('',(2.56199653041E+03,-739.894977599,
    647.332535409));
#267 = DIRECTION('',(0.,-1.,0.));
#268 = DIRECTION('',(-0.479425538604,-0.,-0.87758256189));
#269 = ADVANCED_FACE('',(#270),#296,.T.);
#270 = FACE_BOUND('',#271,.T.);
#271 = EDGE_LOOP('',(#272,#273,#281,#290));
#272 = ORIENTED_EDGE('',*,*,#182,.T.);
#273 = ORIENTED_EDGE('',*,*,#274,.F.);
#274 = EDGE_CURVE('',#275,#175,#277,.T.);
#275 = VERTEX_POINT('',#276);
#276 = CARTESIAN_POINT('',(2.55816112656E+03,-740.4585373,640.311875756)
  );
#277 = LINE('',#278,#279);
#278 = CARTESIAN_POINT('',(2.55816112656E+03,-746.558537301,
    640.311875756));
#279 = VECTOR('',#280,1.);
#280 = DIRECTION('',(0.,1.,0.));
#281 = ORIENTED_EDGE('',*,*,#282,.T.);
#282 = EDGE_CURVE('',#275,#283,#285,.T.);
#283 = VERTEX_POINT('',#284);
#284 = CARTESIAN_POINT('',(2.56583193426E+03,-740.4585373,654.353195062)
  );
#285 = CIRCLE('',#286,7.99999904055);
#286 = AXIS2_PLACEMENT_3D('',#287,#288,#289);
#287 = CARTESIAN_POINT('',(2.56199653041E+03,-740.4585373,647.332535409)
  );
#288 = DIRECTION('',(-0.,1.,0.));
#289 = DIRECTION('',(0.,0.,1.));
#290 = ORIENTED_EDGE('',*,*,#291,.T.);
#291 = EDGE_CURVE('',#283,#183,#292,.T.);
#292 = LINE('',#293,#294);
#293 = CARTESIAN_POINT('',(2.56583193426E+03,-746.558537301,
    654.353195062));
#294 = VECTOR('',#295,1.);
#295 = DIRECTION('',(0.,1.,0.));
#296 = CYLINDRICAL_SURFACE('',#297,7.99999904055);
#297 = AXIS2_PLACEMENT_3D('',#298,#299,#300);
#298 = CARTESIAN_POINT('',(2.56199653041E+03,-746.5585373,647.332535409)
  );
#299 = DIRECTION('',(-0.,1.,0.));
#300 = DIRECTION('',(-0.479425538604,0.,-0.87758256189));
#301 = ADVANCED_FACE('',(#302),#330,.F.);
#302 = FACE_BOUND('',#303,.F.);
#303 = EDGE_LOOP('',(#304,#313,#314,#323));
#304 = ORIENTED_EDGE('',*,*,#305,.T.);
#305 = EDGE_CURVE('',#306,#208,#308,.T.);
#306 = VERTEX_POINT('',#307);
#307 = CARTESIAN_POINT('',(2.5604383975E+03,-737.0585373,644.48039225));
#308 = CIRCLE('',#309,0.5);
#309 = AXIS2_PLACEMENT_3D('',#310,#311,#312);
#310 = CARTESIAN_POINT('',(2.56043839741E+03,-737.5585373,644.480392083)
  );
#311 = DIRECTION('',(0.87758256189,0.,-0.479425538604));
#312 = DIRECTION('',(0.479425538604,0.,0.87758256189));
#313 = ORIENTED_EDGE('',*,*,#205,.F.);
#314 = ORIENTED_EDGE('',*,*,#315,.F.);
#315 = EDGE_CURVE('',#316,#206,#318,.T.);
#316 = VERTEX_POINT('',#317);
#317 = CARTESIAN_POINT('',(2.56355466332E+03,-737.0585373,650.184678568)
  );
#318 = CIRCLE('',#319,0.5);
#319 = AXIS2_PLACEMENT_3D('',#320,#321,#322);
#320 = CARTESIAN_POINT('',(2.56355466341E+03,-737.5585373,650.184678735)
  );
#321 = DIRECTION('',(-0.87758256189,0.,0.479425538604));
#322 = DIRECTION('',(-0.479425538604,0.,-0.87758256189));
#323 = ORIENTED_EDGE('',*,*,#324,.T.);
#324 = EDGE_CURVE('',#316,#306,#325,.T.);
#325 = CIRCLE('',#326,3.24999980972);
#326 = AXIS2_PLACEMENT_3D('',#327,#328,#329);
#327 = CARTESIAN_POINT('',(2.56199653041E+03,-737.0585373,647.332535409)
  );
#328 = DIRECTION('',(-0.,1.,0.));
#329 = DIRECTION('',(0.,0.,1.));
#330 = TOROIDAL_SURFACE('',#331,3.25,0.5);
#331 = AXIS2_PLACEMENT_3D('',#332,#333,#334);
#332 = CARTESIAN_POINT('',(2.56199653041E+03,-737.5585373,647.332535409)
  );
#333 = DIRECTION('',(0.,1.,0.));
#334 = DIRECTION('',(0.479425538604,-0.,0.87758256189));
#335 = ADVANCED_FACE('',(#336),#348,.F.);
#336 = FACE_BOUND('',#337,.F.);
#337 = EDGE_LOOP('',(#338,#339,#340,#341));
#338 = ORIENTED_EDGE('',*,*,#315,.T.);
#339 = ORIENTED_EDGE('',*,*,#237,.F.);
#340 = ORIENTED_EDGE('',*,*,#305,.F.);
#341 = ORIENTED_EDGE('',*,*,#342,.T.);
#342 = EDGE_CURVE('',#306,#316,#343,.T.);
#343 = CIRCLE('',#344,3.24999980972);
#344 = AXIS2_PLACEMENT_3D('',#345,#346,#347);
#345 = CARTESIAN_POINT('',(2.56199653041E+03,-737.0585373,647.332535409)
  );
#346 = DIRECTION('',(-0.,1.,0.));
#347 = DIRECTION('',(0.,0.,1.));
#348 = TOROIDAL_SURFACE('',#349,3.25,0.5);
#349 = AXIS2_PLACEMENT_3D('',#350,#351,#352);
#350 = CARTESIAN_POINT('',(2.56199653041E+03,-737.5585373,647.332535409)
  );
#351 = DIRECTION('',(0.,1.,0.));
#352 = DIRECTION('',(-0.479425538604,0.,-0.87758256189));
#353 = ADVANCED_FACE('',(#354),#377,.T.);
#354 = FACE_BOUND('',#355,.T.);
#355 = EDGE_LOOP('',(#356,#357,#358,#376));
#356 = ORIENTED_EDGE('',*,*,#257,.T.);
#357 = ORIENTED_EDGE('',*,*,#291,.F.);
#358 = ORIENTED_EDGE('',*,*,#359,.T.);
#359 = EDGE_CURVE('',#283,#275,#360,.T.);
#360 = B_SPLINE_CURVE_WITH_KNOTS('',5,(#361,#362,#363,#364,#365,#366,
    #367,#368,#369,#370,#371,#372,#373,#374,#375),.UNSPECIFIED.,.F.,.F.,
  (6,3,3,3,6),(-12.5663691067,-6.28318455336,-8.881784197E-16,
    6.28318455336,12.5663691067),.UNSPECIFIED.);
#361 = CARTESIAN_POINT('',(2.56583193426E+03,-740.4585373,654.353195062)
  );
#362 = CARTESIAN_POINT('',(2.5669347369E+03,-740.4585373,653.750731234)
  );
#363 = CARTESIAN_POINT('',(2.56791924604E+03,-740.4585373,652.931732614)
  );
#364 = CARTESIAN_POINT('',(2.56872858124E+03,-740.4585373,651.926995266)
  );
#365 = CARTESIAN_POINT('',(2.56990968588E+03,-740.458537301,
    649.654318474));
#366 = CARTESIAN_POINT('',(2.57014375311E+03,-740.458537301,
    647.103773335));
#367 = CARTESIAN_POINT('',(2.57000558293E+03,-740.458537301,
    645.821030334));
#368 = CARTESIAN_POINT('',(2.56923372485E+03,-740.458537301,
    643.378838064));
#369 = CARTESIAN_POINT('',(2.56759572762E+03,-740.458537301,
    641.409819777));
#370 = CARTESIAN_POINT('',(2.56659099027E+03,-740.458537301,
    640.600484576));
#371 = CARTESIAN_POINT('',(2.56431831348E+03,-740.458537301,
    639.419379937));
#372 = CARTESIAN_POINT('',(2.56176776834E+03,-740.458537301,
    639.185312709));
#373 = CARTESIAN_POINT('',(2.56048502534E+03,-740.458537301,
    639.323482892));
#374 = CARTESIAN_POINT('',(2.5592639292E+03,-740.458537301,639.709411928
    ));
#375 = CARTESIAN_POINT('',(2.55816112656E+03,-740.458537301,
    640.311875756));
#376 = ORIENTED_EDGE('',*,*,#274,.T.);
#377 = CYLINDRICAL_SURFACE('',#378,7.99999904055);
#378 = AXIS2_PLACEMENT_3D('',#379,#380,#381);
#379 = CARTESIAN_POINT('',(2.56199653041E+03,-746.5585373,647.332535409)
  );
#380 = DIRECTION('',(-0.,1.,0.));
#381 = DIRECTION('',(0.479425538604,0.,0.87758256189));
#382 = ADVANCED_FACE('',(#383,#387),#447,.F.);
#383 = FACE_BOUND('',#384,.T.);
#384 = EDGE_LOOP('',(#385,#386));
#385 = ORIENTED_EDGE('',*,*,#359,.F.);
#386 = ORIENTED_EDGE('',*,*,#282,.F.);
#387 = FACE_BOUND('',#388,.T.);
#388 = EDGE_LOOP('',(#389,#420));
#389 = ORIENTED_EDGE('',*,*,#390,.T.);
#390 = EDGE_CURVE('',#391,#393,#395,.T.);
#391 = VERTEX_POINT('',#392);
#392 = CARTESIAN_POINT('',(2.55888026559E+03,-740.458537399,
    641.628250926));
#393 = VERTEX_POINT('',#394);
#394 = CARTESIAN_POINT('',(2.56511279523E+03,-740.458537399,
    653.036819892));
#395 = B_SPLINE_CURVE_WITH_KNOTS('',5,(#396,#397,#398,#399,#400,#401,
    #402,#403,#404,#405,#406,#407,#408,#409,#410,#411,#412,#413,#414,
    #415,#416,#417,#418,#419),.UNSPECIFIED.,.F.,.F.,(6,3,3,3,3,3,3,6),(
    0.,4.41583617665,8.83167234279,13.2475085431,17.6633447497,
    22.0791809543,26.4950171472,28.8784656079),.UNSPECIFIED.);
#396 = CARTESIAN_POINT('',(2.5588802656E+03,-740.458537301,641.628250929
    ));
#397 = CARTESIAN_POINT('',(2.55833222095E+03,-740.458537301,
    641.927649082));
#398 = CARTESIAN_POINT('',(2.55782013288E+03,-740.458537301,
    642.292864436));
#399 = CARTESIAN_POINT('',(2.55735452502E+03,-740.458537301,
    642.718170032));
#400 = CARTESIAN_POINT('',(2.55653460526E+03,-740.458537301,
    643.672214829));
#401 = CARTESIAN_POINT('',(2.55596389497E+03,-740.458537301,
    644.793265928));
#402 = CARTESIAN_POINT('',(2.55574752819E+03,-740.458537301,
    645.385601101));
#403 = CARTESIAN_POINT('',(2.5554612926E+03,-740.458537301,646.610566027
    ));
#404 = CARTESIAN_POINT('',(2.55547323725E+03,-740.458537301,
    647.868470292));
#405 = CARTESIAN_POINT('',(2.55555508952E+03,-740.458537301,
    648.493750805));
#406 = CARTESIAN_POINT('',(2.55586733193E+03,-740.458537301,
    649.712346136));
#407 = CARTESIAN_POINT('',(2.55645922768E+03,-740.458537301,
    650.822357512));
#408 = CARTESIAN_POINT('',(2.55682077047E+03,-740.458537301,
    651.339041479));
#409 = CARTESIAN_POINT('',(2.55766080999E+03,-740.458537301,
    652.275419339));
#410 = CARTESIAN_POINT('',(2.55869867209E+03,-740.458537301,
    652.986269605));
#411 = CARTESIAN_POINT('',(2.5592580646E+03,-740.458537301,653.277397636
    ));
#412 = CARTESIAN_POINT('',(2.56043574533E+03,-740.458537301,
    653.719594433));
#413 = CARTESIAN_POINT('',(2.56168463766E+03,-740.458537301,
    653.870371654));
#414 = CARTESIAN_POINT('',(2.56231525276E+03,-740.458537301,
    653.870042423));
#415 = CARTESIAN_POINT('',(2.56327662329E+03,-740.458537301,
    653.752958019));
#416 = CARTESIAN_POINT('',(2.56419560383E+03,-740.458537301,653.46319165
    ));
#417 = CARTESIAN_POINT('',(2.56451070558E+03,-740.458537301,653.34084577
    ));
#418 = CARTESIAN_POINT('',(2.56481698802E+03,-740.458537301,
    653.198420102));
#419 = CARTESIAN_POINT('',(2.56511279522E+03,-740.458537301,
    653.036819889));
#420 = ORIENTED_EDGE('',*,*,#421,.T.);
#421 = EDGE_CURVE('',#393,#391,#422,.T.);
#422 = B_SPLINE_CURVE_WITH_KNOTS('',5,(#423,#424,#425,#426,#427,#428,
    #429,#430,#431,#432,#433,#434,#435,#436,#437,#438,#439,#440,#441,
    #442,#443,#444,#445,#446),.UNSPECIFIED.,.F.,.F.,(6,3,3,3,3,3,3,6),(
    0.,4.41583616466,8.83167233516,13.2475085193,17.6633447052,
    22.0791808728,26.495017053,28.8784655418),.UNSPECIFIED.);
#423 = CARTESIAN_POINT('',(2.56511279522E+03,-740.458537301,
    653.036819889));
#424 = CARTESIAN_POINT('',(2.56566083986E+03,-740.458537301,
    652.737421738));
#425 = CARTESIAN_POINT('',(2.56617292794E+03,-740.458537301,
    652.372206384));
#426 = CARTESIAN_POINT('',(2.5666385358E+03,-740.458537301,651.946900784
    ));
#427 = CARTESIAN_POINT('',(2.56745845556E+03,-740.458537301,
    650.992855987));
#428 = CARTESIAN_POINT('',(2.56802916585E+03,-740.458537301,649.87180489
    ));
#429 = CARTESIAN_POINT('',(2.56824553263E+03,-740.458537301,
    649.279469717));
#430 = CARTESIAN_POINT('',(2.56853176822E+03,-740.458537301,
    648.054504792));
#431 = CARTESIAN_POINT('',(2.56851982357E+03,-740.458537301,
    646.796600529));
#432 = CARTESIAN_POINT('',(2.5684379713E+03,-740.458537301,646.171320007
    ));
#433 = CARTESIAN_POINT('',(2.56812572889E+03,-740.458537301,
    644.952724682));
#434 = CARTESIAN_POINT('',(2.56753383314E+03,-740.458537301,643.84271331
    ));
#435 = CARTESIAN_POINT('',(2.56717229035E+03,-740.458537301,
    643.326029333));
#436 = CARTESIAN_POINT('',(2.56633225083E+03,-740.458537301,642.38965148
    ));
#437 = CARTESIAN_POINT('',(2.56529438874E+03,-740.458537301,
    641.678801218));
#438 = CARTESIAN_POINT('',(2.56473499621E+03,-740.458537301,
    641.387673177));
#439 = CARTESIAN_POINT('',(2.56355731549E+03,-740.458537301,
    640.945476383));
#440 = CARTESIAN_POINT('',(2.56230842317E+03,-740.458537301,
    640.794699163));
#441 = CARTESIAN_POINT('',(2.56167780805E+03,-740.458537301,
    640.795028396));
#442 = CARTESIAN_POINT('',(2.56071643753E+03,-740.458537301,
    640.912112801));
#443 = CARTESIAN_POINT('',(2.55979745698E+03,-740.458537301,
    641.201879171));
#444 = CARTESIAN_POINT('',(2.55948235525E+03,-740.458537301,
    641.324225045));
#445 = CARTESIAN_POINT('',(2.5591760728E+03,-740.458537301,641.466650715
    ));
#446 = CARTESIAN_POINT('',(2.5588802656E+03,-740.458537301,641.628250929
    ));
#447 = PLANE('',#448);
#448 = AXIS2_PLACEMENT_3D('',#449,#450,#451);
#449 = CARTESIAN_POINT('',(2.56199653041E+03,-740.458537301,655.33253445
    ));
#450 = DIRECTION('',(-0.,1.,0.));
#451 = DIRECTION('',(1.,0.,0.));
#452 = ADVANCED_FACE('',(#453,#513),#517,.F.);
#453 = FACE_BOUND('',#454,.T.);
#454 = EDGE_LOOP('',(#455,#486));
#455 = ORIENTED_EDGE('',*,*,#456,.F.);
#456 = EDGE_CURVE('',#457,#459,#461,.T.);
#457 = VERTEX_POINT('',#458);
#458 = CARTESIAN_POINT('',(2.56511279641E+03,-737.058537298,
    653.036822061));
#459 = VERTEX_POINT('',#460);
#460 = CARTESIAN_POINT('',(2.55888026441E+03,-737.058537298,
    641.628248756));
#461 = B_SPLINE_CURVE_WITH_KNOTS('',5,(#462,#463,#464,#465,#466,#467,
    #468,#469,#470,#471,#472,#473,#474,#475,#476,#477,#478,#479,#480,
    #481,#482,#483,#484,#485),.UNSPECIFIED.,.F.,.F.,(6,3,3,3,3,3,3,6),(
    0.,4.41583700181,8.83167402396,13.2475110349,17.6633480545,
    22.0791850865,26.4950221348,28.8784765999),.UNSPECIFIED.);
#462 = CARTESIAN_POINT('',(2.56511279641E+03,-737.0585373,653.036822062)
  );
#463 = CARTESIAN_POINT('',(2.56566084116E+03,-737.0585373,652.737423854)
  );
#464 = CARTESIAN_POINT('',(2.56617292933E+03,-737.0585373,652.372208444)
  );
#465 = CARTESIAN_POINT('',(2.56663853731E+03,-737.0585373,651.946902783)
  );
#466 = CARTESIAN_POINT('',(2.56745845728E+03,-737.0585373,650.992857863)
  );
#467 = CARTESIAN_POINT('',(2.56802916781E+03,-737.0585373,649.871806619)
  );
#468 = CARTESIAN_POINT('',(2.5682455347E+03,-737.0585373,649.279471372)
  );
#469 = CARTESIAN_POINT('',(2.56853177055E+03,-737.0585373,648.054506264)
  );
#470 = CARTESIAN_POINT('',(2.56851982616E+03,-737.0585373,646.796601763)
  );
#471 = CARTESIAN_POINT('',(2.56843797401E+03,-737.0585373,646.171321097)
  );
#472 = CARTESIAN_POINT('',(2.56812573185E+03,-737.0585373,644.952725467)
  );
#473 = CARTESIAN_POINT('',(2.56753383633E+03,-737.0585373,643.842713714)
  );
#474 = CARTESIAN_POINT('',(2.56717229363E+03,-737.0585373,643.326029521)
  );
#475 = CARTESIAN_POINT('',(2.56633225426E+03,-737.0585373,642.389651203)
  );
#476 = CARTESIAN_POINT('',(2.56529439225E+03,-737.0585373,641.678800403)
  );
#477 = CARTESIAN_POINT('',(2.56473499975E+03,-737.0585373,641.387672085)
  );
#478 = CARTESIAN_POINT('',(2.563557319E+03,-737.0585373,640.945474693));
#479 = CARTESIAN_POINT('',(2.56230842651E+03,-737.0585373,640.794696846)
  );
#480 = CARTESIAN_POINT('',(2.56167781129E+03,-737.0585373,640.795025759)
  );
#481 = CARTESIAN_POINT('',(2.56071643974E+03,-737.0585373,640.912109775)
  );
#482 = CARTESIAN_POINT('',(2.55979745814E+03,-737.0585373,641.201876061)
  );
#483 = CARTESIAN_POINT('',(2.55948235559E+03,-737.0585373,641.324222151)
  );
#484 = CARTESIAN_POINT('',(2.55917607236E+03,-737.0585373,641.466648138)
  );
#485 = CARTESIAN_POINT('',(2.55888026441E+03,-737.0585373,641.628248757)
  );
#486 = ORIENTED_EDGE('',*,*,#487,.F.);
#487 = EDGE_CURVE('',#459,#457,#488,.T.);
#488 = B_SPLINE_CURVE_WITH_KNOTS('',5,(#489,#490,#491,#492,#493,#494,
    #495,#496,#497,#498,#499,#500,#501,#502,#503,#504,#505,#506,#507,
    #508,#509,#510,#511,#512),.UNSPECIFIED.,.F.,.F.,(6,3,3,3,3,3,3,6),(
    0.,4.41583702674,8.83167403699,13.2475110486,17.663348071,
    22.0791850819,26.4950221064,28.8784765301),.UNSPECIFIED.);
#489 = CARTESIAN_POINT('',(2.55888026441E+03,-737.0585373,641.628248757)
  );
#490 = CARTESIAN_POINT('',(2.55833221966E+03,-737.0585373,641.927646967)
  );
#491 = CARTESIAN_POINT('',(2.55782013148E+03,-737.0585373,642.29286238)
  );
#492 = CARTESIAN_POINT('',(2.55735452352E+03,-737.0585373,642.718168029)
  );
#493 = CARTESIAN_POINT('',(2.55653460354E+03,-737.0585373,643.672212951)
  );
#494 = CARTESIAN_POINT('',(2.55596389301E+03,-737.0585373,644.793264196)
  );
#495 = CARTESIAN_POINT('',(2.55574752612E+03,-737.0585373,645.385599449)
  );
#496 = CARTESIAN_POINT('',(2.55546129027E+03,-737.0585373,646.610564556)
  );
#497 = CARTESIAN_POINT('',(2.55547323466E+03,-737.0585373,647.868469055)
  );
#498 = CARTESIAN_POINT('',(2.55555508681E+03,-737.0585373,648.49374972)
  );
#499 = CARTESIAN_POINT('',(2.55586732897E+03,-737.0585373,649.712345351)
  );
#500 = CARTESIAN_POINT('',(2.55645922449E+03,-737.0585373,650.822357105)
  );
#501 = CARTESIAN_POINT('',(2.55682076719E+03,-737.0585373,651.339041296)
  );
#502 = CARTESIAN_POINT('',(2.55766080655E+03,-737.0585373,652.275419613)
  );
#503 = CARTESIAN_POINT('',(2.55869866856E+03,-737.0585373,652.986270411)
  );
#504 = CARTESIAN_POINT('',(2.55925806107E+03,-737.0585373,653.277398737)
  );
#505 = CARTESIAN_POINT('',(2.56043574182E+03,-737.0585373,653.719596126)
  );
#506 = CARTESIAN_POINT('',(2.56168463431E+03,-737.0585373,653.870373973)
  );
#507 = CARTESIAN_POINT('',(2.56231524954E+03,-737.0585373,653.870045058)
  );
#508 = CARTESIAN_POINT('',(2.56327662108E+03,-737.0585373,653.752961043)
  );
#509 = CARTESIAN_POINT('',(2.56419560267E+03,-737.0585373,653.46319476)
  );
#510 = CARTESIAN_POINT('',(2.56451070524E+03,-737.0585373,653.340848664)
  );
#511 = CARTESIAN_POINT('',(2.56481698847E+03,-737.0585373,653.198422679)
  );
#512 = CARTESIAN_POINT('',(2.56511279641E+03,-737.0585373,653.036822062)
  );
#513 = FACE_BOUND('',#514,.T.);
#514 = EDGE_LOOP('',(#515,#516));
#515 = ORIENTED_EDGE('',*,*,#342,.T.);
#516 = ORIENTED_EDGE('',*,*,#324,.T.);
#517 = PLANE('',#518);
#518 = AXIS2_PLACEMENT_3D('',#519,#520,#521);
#519 = CARTESIAN_POINT('',(2.56199653041E+03,-737.0585373,653.832533889)
  );
#520 = DIRECTION('',(-0.,1.,0.));
#521 = DIRECTION('',(1.,0.,0.));
#522 = ADVANCED_FACE('',(#523),#549,.T.);
#523 = FACE_BOUND('',#524,.T.);
#524 = EDGE_LOOP('',(#525,#526,#534,#543));
#525 = ORIENTED_EDGE('',*,*,#390,.F.);
#526 = ORIENTED_EDGE('',*,*,#527,.F.);
#527 = EDGE_CURVE('',#528,#391,#530,.T.);
#528 = VERTEX_POINT('',#529);
#529 = CARTESIAN_POINT('',(2.55966949263E+03,-740.524385127,
    643.072921317));
#530 = LINE('',#531,#532);
#531 = CARTESIAN_POINT('',(-2.36960395876E+05,1.92433985883E+04,
    -4.3779546584E+05));
#532 = VECTOR('',#533,1.);
#533 = DIRECTION('',(-0.479042457775,3.996804009911E-02,-0.876881337137)
  );
#534 = ORIENTED_EDGE('',*,*,#535,.T.);
#535 = EDGE_CURVE('',#528,#536,#538,.T.);
#536 = VERTEX_POINT('',#537);
#537 = CARTESIAN_POINT('',(2.56432356819E+03,-740.524385127,
    651.592149499));
#538 = CIRCLE('',#539,4.85380439049);
#539 = AXIS2_PLACEMENT_3D('',#540,#541,#542);
#540 = CARTESIAN_POINT('',(2.56199653041E+03,-740.524385127,
    647.332535409));
#541 = DIRECTION('',(-0.,1.,0.));
#542 = DIRECTION('',(0.,0.,1.));
#543 = ORIENTED_EDGE('',*,*,#544,.T.);
#544 = EDGE_CURVE('',#536,#393,#545,.T.);
#545 = LINE('',#546,#547);
#546 = CARTESIAN_POINT('',(2.42084388937E+05,1.92433985883E+04,
    4.39090130911E+05));
#547 = VECTOR('',#548,1.);
#548 = DIRECTION('',(0.479042457775,3.996804009911E-02,0.876881337137));
#549 = CONICAL_SURFACE('',#550,4.85380439049,1.53081763792);
#550 = AXIS2_PLACEMENT_3D('',#551,#552,#553);
#551 = CARTESIAN_POINT('',(2.56199653041E+03,-740.524385127,
    647.332535409));
#552 = DIRECTION('',(0.,1.,0.));
#553 = DIRECTION('',(-0.479425538604,0.,-0.87758256189));
#554 = ADVANCED_FACE('',(#555),#567,.T.);
#555 = FACE_BOUND('',#556,.T.);
#556 = EDGE_LOOP('',(#557,#558,#559,#566));
#557 = ORIENTED_EDGE('',*,*,#421,.F.);
#558 = ORIENTED_EDGE('',*,*,#544,.F.);
#559 = ORIENTED_EDGE('',*,*,#560,.T.);
#560 = EDGE_CURVE('',#536,#528,#561,.T.);
#561 = CIRCLE('',#562,4.85380439049);
#562 = AXIS2_PLACEMENT_3D('',#563,#564,#565);
#563 = CARTESIAN_POINT('',(2.56199653041E+03,-740.524385127,
    647.332535409));
#564 = DIRECTION('',(-0.,1.,0.));
#565 = DIRECTION('',(0.,0.,1.));
#566 = ORIENTED_EDGE('',*,*,#527,.T.);
#567 = CONICAL_SURFACE('',#568,4.85380439049,1.53081763792);
#568 = AXIS2_PLACEMENT_3D('',#569,#570,#571);
#569 = CARTESIAN_POINT('',(2.56199653041E+03,-740.524385127,
    647.332535409));
#570 = DIRECTION('',(0.,1.,0.));
#571 = DIRECTION('',(0.479425538604,-0.,0.87758256189));
#572 = ADVANCED_FACE('',(#573),#599,.T.);
#573 = FACE_BOUND('',#574,.T.);
#574 = EDGE_LOOP('',(#575,#586,#592,#593));
#575 = ORIENTED_EDGE('',*,*,#576,.F.);
#576 = EDGE_CURVE('',#577,#579,#581,.T.);
#577 = VERTEX_POINT('',#578);
#578 = CARTESIAN_POINT('',(2.56511279641E+03,-736.72249808,653.036822062
    ));
#579 = VERTEX_POINT('',#580);
#580 = CARTESIAN_POINT('',(2.55888026441E+03,-736.72249808,641.628248757
    ));
#581 = CIRCLE('',#582,6.5);
#582 = AXIS2_PLACEMENT_3D('',#583,#584,#585);
#583 = CARTESIAN_POINT('',(2.56199653041E+03,-736.722498079,
    647.332535409));
#584 = DIRECTION('',(-0.,1.,0.));
#585 = DIRECTION('',(0.,0.,1.));
#586 = ORIENTED_EDGE('',*,*,#587,.F.);
#587 = EDGE_CURVE('',#457,#577,#588,.T.);
#588 = LINE('',#589,#590);
#589 = CARTESIAN_POINT('',(2.56511279641E+03,-746.558537301,
    653.036822061));
#590 = VECTOR('',#591,1.);
#591 = DIRECTION('',(0.,1.,0.));
#592 = ORIENTED_EDGE('',*,*,#456,.T.);
#593 = ORIENTED_EDGE('',*,*,#594,.T.);
#594 = EDGE_CURVE('',#459,#579,#595,.T.);
#595 = LINE('',#596,#597);
#596 = CARTESIAN_POINT('',(2.55888026441E+03,-746.558537301,
    641.628248757));
#597 = VECTOR('',#598,1.);
#598 = DIRECTION('',(0.,1.,0.));
#599 = CYLINDRICAL_SURFACE('',#600,6.5);
#600 = AXIS2_PLACEMENT_3D('',#601,#602,#603);
#601 = CARTESIAN_POINT('',(2.56199653041E+03,-746.5585373,647.332535409)
  );
#602 = DIRECTION('',(-0.,1.,0.));
#603 = DIRECTION('',(0.479425538604,0.,0.87758256189));
#604 = ADVANCED_FACE('',(#605),#628,.T.);
#605 = FACE_BOUND('',#606,.T.);
#606 = EDGE_LOOP('',(#607,#625,#626,#627));
#607 = ORIENTED_EDGE('',*,*,#608,.F.);
#608 = EDGE_CURVE('',#579,#577,#609,.T.);
#609 = B_SPLINE_CURVE_WITH_KNOTS('',5,(#610,#611,#612,#613,#614,#615,
    #616,#617,#618,#619,#620,#621,#622,#623,#624),.UNSPECIFIED.,.F.,.F.,
  (6,3,3,3,6),(-10.2101761238,-5.10508806191,0.,5.10508806191,
    10.2101761238),.UNSPECIFIED.);
#610 = CARTESIAN_POINT('',(2.55888026441E+03,-736.72249808,641.628248757
    ));
#611 = CARTESIAN_POINT('',(2.55798423716E+03,-736.72249808,642.117750675
    ));
#612 = CARTESIAN_POINT('',(2.55718432338E+03,-736.72249808,642.783187134
    ));
#613 = CARTESIAN_POINT('',(2.55652673845E+03,-736.72249808,643.599536327
    ));
#614 = CARTESIAN_POINT('',(2.55556709082E+03,-736.72249808,645.446086442
    ));
#615 = CARTESIAN_POINT('',(2.55537691117E+03,-736.72249808,647.518404615
    ));
#616 = CARTESIAN_POINT('',(2.55548917446E+03,-736.72249808,648.560633429
    ));
#617 = CARTESIAN_POINT('',(2.55611630922E+03,-736.72249808,650.544914887
    ));
#618 = CARTESIAN_POINT('',(2.55744718213E+03,-736.722498079,
    652.144742437));
#619 = CARTESIAN_POINT('',(2.55826353133E+03,-736.722498079,
    652.802327367));
#620 = CARTESIAN_POINT('',(2.56011008144E+03,-736.722498079,
    653.761975001));
#621 = CARTESIAN_POINT('',(2.56218239962E+03,-736.722498079,
    653.952154646));
#622 = CARTESIAN_POINT('',(2.56322462843E+03,-736.722498079,
    653.839891359));
#623 = CARTESIAN_POINT('',(2.56421676916E+03,-736.722498079,653.52632398
    ));
#624 = CARTESIAN_POINT('',(2.56511279641E+03,-736.722498079,
    653.036822062));
#625 = ORIENTED_EDGE('',*,*,#594,.F.);
#626 = ORIENTED_EDGE('',*,*,#487,.T.);
#627 = ORIENTED_EDGE('',*,*,#587,.T.);
#628 = CYLINDRICAL_SURFACE('',#629,6.5);
#629 = AXIS2_PLACEMENT_3D('',#630,#631,#632);
#630 = CARTESIAN_POINT('',(2.56199653041E+03,-746.5585373,647.332535409)
  );
#631 = DIRECTION('',(-0.,1.,0.));
#632 = DIRECTION('',(-0.479425538604,0.,-0.87758256189));
#633 = ADVANCED_FACE('',(#634),#662,.F.);
#634 = FACE_BOUND('',#635,.F.);
#635 = EDGE_LOOP('',(#636,#645,#654,#661));
#636 = ORIENTED_EDGE('',*,*,#637,.T.);
#637 = EDGE_CURVE('',#536,#638,#640,.T.);
#638 = VERTEX_POINT('',#639);
#639 = CARTESIAN_POINT('',(2.56420850223E+03,-740.774185367,
    651.381522674));
#640 = CIRCLE('',#641,0.25);
#641 = AXIS2_PLACEMENT_3D('',#642,#643,#644);
#642 = CARTESIAN_POINT('',(2.56432835862E+03,-740.774185367,
    651.600918315));
#643 = DIRECTION('',(-0.87758256189,0.,0.479425538604));
#644 = DIRECTION('',(-0.479425538604,0.,-0.87758256189));
#645 = ORIENTED_EDGE('',*,*,#646,.F.);
#646 = EDGE_CURVE('',#647,#638,#649,.T.);
#647 = VERTEX_POINT('',#648);
#648 = CARTESIAN_POINT('',(2.55978455859E+03,-740.774185367,
    643.283548144));
#649 = CIRCLE('',#650,4.61379640052);
#650 = AXIS2_PLACEMENT_3D('',#651,#652,#653);
#651 = CARTESIAN_POINT('',(2.56199653041E+03,-740.774185367,
    647.332535409));
#652 = DIRECTION('',(-0.,1.,0.));
#653 = DIRECTION('',(0.,0.,1.));
#654 = ORIENTED_EDGE('',*,*,#655,.F.);
#655 = EDGE_CURVE('',#528,#647,#656,.T.);
#656 = CIRCLE('',#657,0.25);
#657 = AXIS2_PLACEMENT_3D('',#658,#659,#660);
#658 = CARTESIAN_POINT('',(2.5596647022E+03,-740.774185367,643.064152503
    ));
#659 = DIRECTION('',(0.87758256189,0.,-0.479425538604));
#660 = DIRECTION('',(0.479425538604,0.,0.87758256189));
#661 = ORIENTED_EDGE('',*,*,#535,.T.);
#662 = TOROIDAL_SURFACE('',#663,4.86379640052,0.25);
#663 = AXIS2_PLACEMENT_3D('',#664,#665,#666);
#664 = CARTESIAN_POINT('',(2.56199653041E+03,-740.774185367,
    647.332535409));
#665 = DIRECTION('',(0.,1.,0.));
#666 = DIRECTION('',(-0.479425538604,0.,-0.87758256189));
#667 = ADVANCED_FACE('',(#668),#680,.F.);
#668 = FACE_BOUND('',#669,.F.);
#669 = EDGE_LOOP('',(#670,#671,#678,#679));
#670 = ORIENTED_EDGE('',*,*,#655,.T.);
#671 = ORIENTED_EDGE('',*,*,#672,.F.);
#672 = EDGE_CURVE('',#638,#647,#673,.T.);
#673 = CIRCLE('',#674,4.61379640052);
#674 = AXIS2_PLACEMENT_3D('',#675,#676,#677);
#675 = CARTESIAN_POINT('',(2.56199653041E+03,-740.774185367,
    647.332535409));
#676 = DIRECTION('',(-0.,1.,0.));
#677 = DIRECTION('',(0.,0.,1.));
#678 = ORIENTED_EDGE('',*,*,#637,.F.);
#679 = ORIENTED_EDGE('',*,*,#560,.T.);
#680 = TOROIDAL_SURFACE('',#681,4.86379640052,0.25);
#681 = AXIS2_PLACEMENT_3D('',#682,#683,#684);
#682 = CARTESIAN_POINT('',(2.56199653041E+03,-740.774185367,
    647.332535409));
#683 = DIRECTION('',(0.,1.,0.));
#684 = DIRECTION('',(0.479425538604,-0.,0.87758256189));
#685 = ADVANCED_FACE('',(#686),#714,.T.);
#686 = FACE_BOUND('',#687,.T.);
#687 = EDGE_LOOP('',(#688,#697,#706,#713));
#688 = ORIENTED_EDGE('',*,*,#689,.T.);
#689 = EDGE_CURVE('',#579,#690,#692,.T.);
#690 = VERTEX_POINT('',#691);
#691 = CARTESIAN_POINT('',(2.5589573449E+03,-736.526381945,641.769343649
    ));
#692 = CIRCLE('',#693,0.2);
#693 = AXIS2_PLACEMENT_3D('',#694,#695,#696);
#694 = CARTESIAN_POINT('',(2.55897614952E+03,-736.72249808,641.803765269
    ));
#695 = DIRECTION('',(0.87758256189,0.,-0.479425538604));
#696 = DIRECTION('',(0.479425538604,0.,0.87758256189));
#697 = ORIENTED_EDGE('',*,*,#698,.F.);
#698 = EDGE_CURVE('',#699,#690,#701,.T.);
#699 = VERTEX_POINT('',#700);
#700 = CARTESIAN_POINT('',(2.56503571592E+03,-736.526381945,
    652.895727169));
#701 = CIRCLE('',#702,6.33922322709);
#702 = AXIS2_PLACEMENT_3D('',#703,#704,#705);
#703 = CARTESIAN_POINT('',(2.56199653041E+03,-736.526381945,
    647.332535409));
#704 = DIRECTION('',(-0.,1.,0.));
#705 = DIRECTION('',(0.,0.,1.));
#706 = ORIENTED_EDGE('',*,*,#707,.F.);
#707 = EDGE_CURVE('',#577,#699,#708,.T.);
#708 = CIRCLE('',#709,0.2);
#709 = AXIS2_PLACEMENT_3D('',#710,#711,#712);
#710 = CARTESIAN_POINT('',(2.5650169113E+03,-736.72249808,652.861305549)
  );
#711 = DIRECTION('',(-0.87758256189,0.,0.479425538604));
#712 = DIRECTION('',(-0.479425538604,0.,-0.87758256189));
#713 = ORIENTED_EDGE('',*,*,#576,.T.);
#714 = TOROIDAL_SURFACE('',#715,6.3,0.2);
#715 = AXIS2_PLACEMENT_3D('',#716,#717,#718);
#716 = CARTESIAN_POINT('',(2.56199653041E+03,-736.72249808,647.332535409
    ));
#717 = DIRECTION('',(0.,1.,0.));
#718 = DIRECTION('',(0.479425538604,-0.,0.87758256189));
#719 = ADVANCED_FACE('',(#720),#732,.T.);
#720 = FACE_BOUND('',#721,.T.);
#721 = EDGE_LOOP('',(#722,#723,#730,#731));
#722 = ORIENTED_EDGE('',*,*,#707,.T.);
#723 = ORIENTED_EDGE('',*,*,#724,.F.);
#724 = EDGE_CURVE('',#690,#699,#725,.T.);
#725 = CIRCLE('',#726,6.33922322709);
#726 = AXIS2_PLACEMENT_3D('',#727,#728,#729);
#727 = CARTESIAN_POINT('',(2.56199653041E+03,-736.526381945,
    647.332535409));
#728 = DIRECTION('',(-0.,1.,0.));
#729 = DIRECTION('',(0.,0.,1.));
#730 = ORIENTED_EDGE('',*,*,#689,.F.);
#731 = ORIENTED_EDGE('',*,*,#608,.T.);
#732 = TOROIDAL_SURFACE('',#733,6.3,0.2);
#733 = AXIS2_PLACEMENT_3D('',#734,#735,#736);
#734 = CARTESIAN_POINT('',(2.56199653041E+03,-736.72249808,647.332535409
    ));
#735 = DIRECTION('',(0.,1.,0.));
#736 = DIRECTION('',(-0.479425538604,0.,-0.87758256189));
#737 = ADVANCED_FACE('',(#738),#766,.F.);
#738 = FACE_BOUND('',#739,.F.);
#739 = EDGE_LOOP('',(#740,#749,#750,#759));
#740 = ORIENTED_EDGE('',*,*,#741,.F.);
#741 = EDGE_CURVE('',#647,#742,#744,.T.);
#742 = VERTEX_POINT('',#743);
#743 = CARTESIAN_POINT('',(2.55972245952E+03,-740.993243607,
    643.169876575));
#744 = CIRCLE('',#745,0.25);
#745 = AXIS2_PLACEMENT_3D('',#746,#747,#748);
#746 = CARTESIAN_POINT('',(2.5596647022E+03,-740.774185367,643.064152503
    ));
#747 = DIRECTION('',(0.87758256189,0.,-0.479425538604));
#748 = DIRECTION('',(0.479425538604,0.,0.87758256189));
#749 = ORIENTED_EDGE('',*,*,#646,.T.);
#750 = ORIENTED_EDGE('',*,*,#751,.T.);
#751 = EDGE_CURVE('',#638,#752,#754,.T.);
#752 = VERTEX_POINT('',#753);
#753 = CARTESIAN_POINT('',(2.56427060129E+03,-740.993243606,
    651.495194242));
#754 = CIRCLE('',#755,0.25);
#755 = AXIS2_PLACEMENT_3D('',#756,#757,#758);
#756 = CARTESIAN_POINT('',(2.56432835862E+03,-740.774185367,
    651.600918315));
#757 = DIRECTION('',(-0.87758256189,0.,0.479425538604));
#758 = DIRECTION('',(-0.479425538604,0.,-0.87758256189));
#759 = ORIENTED_EDGE('',*,*,#760,.F.);
#760 = EDGE_CURVE('',#742,#752,#761,.T.);
#761 = CIRCLE('',#762,4.74332446128);
#762 = AXIS2_PLACEMENT_3D('',#763,#764,#765);
#763 = CARTESIAN_POINT('',(2.56199653041E+03,-740.993243606,
    647.332535409));
#764 = DIRECTION('',(-0.,1.,0.));
#765 = DIRECTION('',(0.,0.,1.));
#766 = TOROIDAL_SURFACE('',#767,4.86379640052,0.25);
#767 = AXIS2_PLACEMENT_3D('',#768,#769,#770);
#768 = CARTESIAN_POINT('',(2.56199653041E+03,-740.774185367,
    647.332535409));
#769 = DIRECTION('',(0.,1.,0.));
#770 = DIRECTION('',(-0.479425538604,0.,-0.87758256189));
#771 = ADVANCED_FACE('',(#772),#784,.F.);
#772 = FACE_BOUND('',#773,.F.);
#773 = EDGE_LOOP('',(#774,#775,#776,#777));
#774 = ORIENTED_EDGE('',*,*,#751,.F.);
#775 = ORIENTED_EDGE('',*,*,#672,.T.);
#776 = ORIENTED_EDGE('',*,*,#741,.T.);
#777 = ORIENTED_EDGE('',*,*,#778,.F.);
#778 = EDGE_CURVE('',#752,#742,#779,.T.);
#779 = CIRCLE('',#780,4.74332446128);
#780 = AXIS2_PLACEMENT_3D('',#781,#782,#783);
#781 = CARTESIAN_POINT('',(2.56199653041E+03,-740.993243606,
    647.332535409));
#782 = DIRECTION('',(-0.,1.,0.));
#783 = DIRECTION('',(0.,0.,1.));
#784 = TOROIDAL_SURFACE('',#785,4.86379640052,0.25);
#785 = AXIS2_PLACEMENT_3D('',#786,#787,#788);
#786 = CARTESIAN_POINT('',(2.56199653041E+03,-740.774185367,
    647.332535409));
#787 = DIRECTION('',(0.,1.,0.));
#788 = DIRECTION('',(0.479425538604,-0.,0.87758256189));
#789 = ADVANCED_FACE('',(#790),#816,.T.);
#790 = FACE_BOUND('',#791,.T.);
#791 = EDGE_LOOP('',(#792,#803,#809,#810));
#792 = ORIENTED_EDGE('',*,*,#793,.T.);
#793 = EDGE_CURVE('',#794,#796,#798,.T.);
#794 = VERTEX_POINT('',#795);
#795 = CARTESIAN_POINT('',(2.55998572704E+03,-736.097375949,
    643.651784539));
#796 = VERTEX_POINT('',#797);
#797 = CARTESIAN_POINT('',(2.56400733377E+03,-736.097375949,
    651.013286278));
#798 = CIRCLE('',#799,4.19419326183);
#799 = AXIS2_PLACEMENT_3D('',#800,#801,#802);
#800 = CARTESIAN_POINT('',(2.56199653041E+03,-736.097375949,
    647.332535409));
#801 = DIRECTION('',(0.,-1.,0.));
#802 = DIRECTION('',(0.,-0.,-1.));
#803 = ORIENTED_EDGE('',*,*,#804,.T.);
#804 = EDGE_CURVE('',#796,#699,#805,.T.);
#805 = LINE('',#806,#807);
#806 = CARTESIAN_POINT('',(2.37620711152E+05,-9.87937462979E+04,
    4.30919423532E+05));
#807 = VECTOR('',#808,1.);
#808 = DIRECTION('',(0.47011541844,-0.196116136683,0.860540501242));
#809 = ORIENTED_EDGE('',*,*,#698,.T.);
#810 = ORIENTED_EDGE('',*,*,#811,.F.);
#811 = EDGE_CURVE('',#794,#690,#812,.T.);
#812 = LINE('',#813,#814);
#813 = CARTESIAN_POINT('',(-2.32496718091E+05,-9.87937462979E+04,
    -4.29624758461E+05));
#814 = VECTOR('',#815,1.);
#815 = DIRECTION('',(-0.47011541844,-0.196116136683,-0.860540501242));
#816 = CONICAL_SURFACE('',#817,4.19419324376,1.37340076537);
#817 = AXIS2_PLACEMENT_3D('',#818,#819,#820);
#818 = CARTESIAN_POINT('',(2.56199653041E+03,-736.097375945,
    647.332535409));
#819 = DIRECTION('',(0.,-1.,0.));
#820 = DIRECTION('',(-0.479425538604,-0.,-0.87758256189));
#821 = ADVANCED_FACE('',(#822),#834,.T.);
#822 = FACE_BOUND('',#823,.T.);
#823 = EDGE_LOOP('',(#824,#831,#832,#833));
#824 = ORIENTED_EDGE('',*,*,#825,.T.);
#825 = EDGE_CURVE('',#796,#794,#826,.T.);
#826 = CIRCLE('',#827,4.19419326183);
#827 = AXIS2_PLACEMENT_3D('',#828,#829,#830);
#828 = CARTESIAN_POINT('',(2.56199653041E+03,-736.097375949,
    647.332535409));
#829 = DIRECTION('',(0.,-1.,0.));
#830 = DIRECTION('',(0.,-0.,-1.));
#831 = ORIENTED_EDGE('',*,*,#811,.T.);
#832 = ORIENTED_EDGE('',*,*,#724,.T.);
#833 = ORIENTED_EDGE('',*,*,#804,.F.);
#834 = CONICAL_SURFACE('',#835,4.19419324376,1.37340076537);
#835 = AXIS2_PLACEMENT_3D('',#836,#837,#838);
#836 = CARTESIAN_POINT('',(2.56199653041E+03,-736.097375945,
    647.332535409));
#837 = DIRECTION('',(0.,-1.,0.));
#838 = DIRECTION('',(0.479425538604,0.,0.87758256189));
#839 = ADVANCED_FACE('',(#840),#866,.T.);
#840 = FACE_BOUND('',#841,.T.);
#841 = EDGE_LOOP('',(#842,#843,#851,#860));
#842 = ORIENTED_EDGE('',*,*,#760,.F.);
#843 = ORIENTED_EDGE('',*,*,#844,.T.);
#844 = EDGE_CURVE('',#742,#845,#847,.T.);
#845 = VERTEX_POINT('',#846);
#846 = CARTESIAN_POINT('',(2.55847753971E+03,-742.421303832,
    640.891066138));
#847 = LINE('',#848,#849);
#848 = CARTESIAN_POINT('',(-2.07483368613E+05,-2.41683566857E+05,
    -3.83838129361E+05));
#849 = VECTOR('',#850,1.);
#850 = DIRECTION('',(-0.420088456215,-0.481887755836,-0.768966761135));
#851 = ORIENTED_EDGE('',*,*,#852,.F.);
#852 = EDGE_CURVE('',#853,#845,#855,.T.);
#853 = VERTEX_POINT('',#854);
#854 = CARTESIAN_POINT('',(2.56551552111E+03,-742.421303832,
    653.774004679));
#855 = CIRCLE('',#856,7.34001511686);
#856 = AXIS2_PLACEMENT_3D('',#857,#858,#859);
#857 = CARTESIAN_POINT('',(2.56199653041E+03,-742.421303832,
    647.332535409));
#858 = DIRECTION('',(0.,-1.,0.));
#859 = DIRECTION('',(0.,-0.,-1.));
#860 = ORIENTED_EDGE('',*,*,#861,.F.);
#861 = EDGE_CURVE('',#752,#853,#862,.T.);
#862 = LINE('',#863,#864);
#863 = CARTESIAN_POINT('',(2.12607361673E+05,-2.41683566857E+05,
    3.85132794432E+05));
#864 = VECTOR('',#865,1.);
#865 = DIRECTION('',(0.420088456215,-0.481887755836,0.768966761135));
#866 = CONICAL_SURFACE('',#867,4.74332446156,1.06798848801);
#867 = AXIS2_PLACEMENT_3D('',#868,#869,#870);
#868 = CARTESIAN_POINT('',(2.56199653041E+03,-740.993243605,
    647.332535409));
#869 = DIRECTION('',(0.,-1.,0.));
#870 = DIRECTION('',(0.479425538604,0.,0.87758256189));
#871 = ADVANCED_FACE('',(#872),#884,.T.);
#872 = FACE_BOUND('',#873,.T.);
#873 = EDGE_LOOP('',(#874,#875,#876,#883));
#874 = ORIENTED_EDGE('',*,*,#778,.F.);
#875 = ORIENTED_EDGE('',*,*,#861,.T.);
#876 = ORIENTED_EDGE('',*,*,#877,.F.);
#877 = EDGE_CURVE('',#845,#853,#878,.T.);
#878 = CIRCLE('',#879,7.34001511686);
#879 = AXIS2_PLACEMENT_3D('',#880,#881,#882);
#880 = CARTESIAN_POINT('',(2.56199653041E+03,-742.421303832,
    647.332535409));
#881 = DIRECTION('',(0.,-1.,0.));
#882 = DIRECTION('',(0.,-0.,-1.));
#883 = ORIENTED_EDGE('',*,*,#844,.F.);
#884 = CONICAL_SURFACE('',#885,4.74332446156,1.06798848801);
#885 = AXIS2_PLACEMENT_3D('',#886,#887,#888);
#886 = CARTESIAN_POINT('',(2.56199653041E+03,-740.993243605,
    647.332535409));
#887 = DIRECTION('',(0.,-1.,0.));
#888 = DIRECTION('',(-0.479425538604,-0.,-0.87758256189));
#889 = ADVANCED_FACE('',(#890),#918,.T.);
#890 = FACE_BOUND('',#891,.T.);
#891 = EDGE_LOOP('',(#892,#903,#910,#911));
#892 = ORIENTED_EDGE('',*,*,#893,.F.);
#893 = EDGE_CURVE('',#894,#896,#898,.T.);
#894 = VERTEX_POINT('',#895);
#895 = CARTESIAN_POINT('',(2.5638192875E+03,-736.0585373,650.669069883)
  );
#896 = VERTEX_POINT('',#897);
#897 = CARTESIAN_POINT('',(2.56017377332E+03,-736.0585373,643.996000937)
  );
#898 = CIRCLE('',#899,3.8019607713);
#899 = AXIS2_PLACEMENT_3D('',#900,#901,#902);
#900 = CARTESIAN_POINT('',(2.56199653041E+03,-736.0585373,647.332535409)
  );
#901 = DIRECTION('',(-0.,1.,0.));
#902 = DIRECTION('',(0.,0.,1.));
#903 = ORIENTED_EDGE('',*,*,#904,.F.);
#904 = EDGE_CURVE('',#796,#894,#905,.T.);
#905 = CIRCLE('',#906,2.);
#906 = AXIS2_PLACEMENT_3D('',#907,#908,#909);
#907 = CARTESIAN_POINT('',(2.56381928761E+03,-738.0585373,650.669070076)
  );
#908 = DIRECTION('',(-0.87758256189,0.,0.479425538604));
#909 = DIRECTION('',(-0.479425538604,0.,-0.87758256189));
#910 = ORIENTED_EDGE('',*,*,#793,.F.);
#911 = ORIENTED_EDGE('',*,*,#912,.T.);
#912 = EDGE_CURVE('',#794,#896,#913,.T.);
#913 = CIRCLE('',#914,2.);
#914 = AXIS2_PLACEMENT_3D('',#915,#916,#917);
#915 = CARTESIAN_POINT('',(2.56017377321E+03,-738.0585373,643.996000742)
  );
#916 = DIRECTION('',(0.87758256189,0.,-0.479425538604));
#917 = DIRECTION('',(0.479425538604,0.,0.87758256189));
#918 = TOROIDAL_SURFACE('',#919,3.80196099167,2.);
#919 = AXIS2_PLACEMENT_3D('',#920,#921,#922);
#920 = CARTESIAN_POINT('',(2.56199653041E+03,-738.0585373,647.332535409)
  );
#921 = DIRECTION('',(0.,1.,0.));
#922 = DIRECTION('',(0.479425538604,-0.,0.87758256189));
#923 = ADVANCED_FACE('',(#924),#936,.T.);
#924 = FACE_BOUND('',#925,.T.);
#925 = EDGE_LOOP('',(#926,#933,#934,#935));
#926 = ORIENTED_EDGE('',*,*,#927,.F.);
#927 = EDGE_CURVE('',#896,#894,#928,.T.);
#928 = CIRCLE('',#929,3.8019607713);
#929 = AXIS2_PLACEMENT_3D('',#930,#931,#932);
#930 = CARTESIAN_POINT('',(2.56199653041E+03,-736.0585373,647.332535409)
  );
#931 = DIRECTION('',(-0.,1.,0.));
#932 = DIRECTION('',(0.,0.,1.));
#933 = ORIENTED_EDGE('',*,*,#912,.F.);
#934 = ORIENTED_EDGE('',*,*,#825,.F.);
#935 = ORIENTED_EDGE('',*,*,#904,.T.);
#936 = TOROIDAL_SURFACE('',#937,3.80196099167,2.);
#937 = AXIS2_PLACEMENT_3D('',#938,#939,#940);
#938 = CARTESIAN_POINT('',(2.56199653041E+03,-738.0585373,647.332535409)
  );
#939 = DIRECTION('',(0.,1.,0.));
#940 = DIRECTION('',(-0.479425538604,0.,-0.87758256189));
#941 = ADVANCED_FACE('',(#942),#979,.T.);
#942 = FACE_BOUND('',#943,.T.);
#943 = EDGE_LOOP('',(#944,#945,#953,#973));
#944 = ORIENTED_EDGE('',*,*,#852,.T.);
#945 = ORIENTED_EDGE('',*,*,#946,.F.);
#946 = EDGE_CURVE('',#947,#845,#949,.T.);
#947 = VERTEX_POINT('',#948);
#948 = CARTESIAN_POINT('',(2.55847753971E+03,-742.671303832,
    640.891066139));
#949 = LINE('',#950,#951);
#950 = CARTESIAN_POINT('',(2.55847753971E+03,-746.558537301,
    640.891066139));
#951 = VECTOR('',#952,1.);
#952 = DIRECTION('',(0.,1.,0.));
#953 = ORIENTED_EDGE('',*,*,#954,.F.);
#954 = EDGE_CURVE('',#955,#947,#957,.T.);
#955 = VERTEX_POINT('',#956);
#956 = CARTESIAN_POINT('',(2.56551552111E+03,-742.671303832,
    653.774004679));
#957 = B_SPLINE_CURVE_WITH_KNOTS('',5,(#958,#959,#960,#961,#962,#963,
    #964,#965,#966,#967,#968,#969,#970,#971,#972),.UNSPECIFIED.,.F.,.F.,
  (6,3,3,3,6),(-11.5296687835,-5.76483439176,0.,5.76483439176,
    11.5296687835),.UNSPECIFIED.);
#958 = CARTESIAN_POINT('',(2.56551552111E+03,-742.671303832,
    653.774004679));
#959 = CARTESIAN_POINT('',(2.56450369748E+03,-742.671303832,
    654.326766446));
#960 = CARTESIAN_POINT('',(2.56338333934E+03,-742.671303832,
    654.680857108));
#961 = CARTESIAN_POINT('',(2.56220642007E+03,-742.671303832,
    654.807628527));
#962 = CARTESIAN_POINT('',(2.5598662898E+03,-742.671303832,654.592871378
    ));
#963 = CARTESIAN_POINT('',(2.5577811043E+03,-742.671303832,653.50920551)
  );
#964 = CARTESIAN_POINT('',(2.55685925578E+03,-742.671303833,
    652.766638844));
#965 = CARTESIAN_POINT('',(2.55535639004E+03,-742.671303833,
    650.960060629));
#966 = CARTESIAN_POINT('',(2.55464820871E+03,-742.671303833,
    648.719344337));
#967 = CARTESIAN_POINT('',(2.55452143729E+03,-742.671303833,
    647.542425068));
#968 = CARTESIAN_POINT('',(2.55473619444E+03,-742.671303833,
    645.202294804));
#969 = CARTESIAN_POINT('',(2.55581986031E+03,-742.671303833,
    643.117109302));
#970 = CARTESIAN_POINT('',(2.55656242697E+03,-742.671303833,
    642.195260777));
#971 = CARTESIAN_POINT('',(2.55746571608E+03,-742.671303833,
    641.443827905));
#972 = CARTESIAN_POINT('',(2.55847753971E+03,-742.671303833,
    640.891066139));
#973 = ORIENTED_EDGE('',*,*,#974,.T.);
#974 = EDGE_CURVE('',#955,#853,#975,.T.);
#975 = LINE('',#976,#977);
#976 = CARTESIAN_POINT('',(2.56551552111E+03,-746.558537301,
    653.774004679));
#977 = VECTOR('',#978,1.);
#978 = DIRECTION('',(0.,1.,0.));
#979 = CYLINDRICAL_SURFACE('',#980,7.34001511656);
#980 = AXIS2_PLACEMENT_3D('',#981,#982,#983);
#981 = CARTESIAN_POINT('',(2.56199653041E+03,-746.5585373,647.332535409)
  );
#982 = DIRECTION('',(-0.,1.,0.));
#983 = DIRECTION('',(-0.479425538604,0.,-0.87758256189));
#984 = ADVANCED_FACE('',(#985),#997,.T.);
#985 = FACE_BOUND('',#986,.T.);
#986 = EDGE_LOOP('',(#987,#988,#989,#996));
#987 = ORIENTED_EDGE('',*,*,#877,.T.);
#988 = ORIENTED_EDGE('',*,*,#974,.F.);
#989 = ORIENTED_EDGE('',*,*,#990,.T.);
#990 = EDGE_CURVE('',#955,#947,#991,.T.);
#991 = CIRCLE('',#992,7.34001511656);
#992 = AXIS2_PLACEMENT_3D('',#993,#994,#995);
#993 = CARTESIAN_POINT('',(2.56199653041E+03,-742.671303832,
    647.332535409));
#994 = DIRECTION('',(-0.,1.,0.));
#995 = DIRECTION('',(0.,0.,1.));
#996 = ORIENTED_EDGE('',*,*,#946,.T.);
#997 = CYLINDRICAL_SURFACE('',#998,7.34001511656);
#998 = AXIS2_PLACEMENT_3D('',#999,#1000,#1001);
#999 = CARTESIAN_POINT('',(2.56199653041E+03,-746.5585373,647.332535409)
  );
#1000 = DIRECTION('',(-0.,1.,0.));
#1001 = DIRECTION('',(0.479425538604,0.,0.87758256189));
#1002 = ADVANCED_FACE('',(#1003,#1007),#1067,.T.);
#1003 = FACE_BOUND('',#1004,.T.);
#1004 = EDGE_LOOP('',(#1005,#1006));
#1005 = ORIENTED_EDGE('',*,*,#927,.T.);
#1006 = ORIENTED_EDGE('',*,*,#893,.T.);
#1007 = FACE_BOUND('',#1008,.T.);
#1008 = EDGE_LOOP('',(#1009,#1040));
#1009 = ORIENTED_EDGE('',*,*,#1010,.F.);
#1010 = EDGE_CURVE('',#1011,#1013,#1015,.T.);
#1011 = VERTEX_POINT('',#1012);
#1012 = CARTESIAN_POINT('',(2.56321906553E+03,-736.0585373,649.570370941
    ));
#1013 = VERTEX_POINT('',#1014);
#1014 = CARTESIAN_POINT('',(2.56077399529E+03,-736.0585373,645.094699876
    ));
#1015 = B_SPLINE_CURVE_WITH_KNOTS('',5,(#1016,#1017,#1018,#1019,#1020,
    #1021,#1022,#1023,#1024,#1025,#1026,#1027,#1028,#1029,#1030,#1031,
    #1032,#1033,#1034,#1035,#1036,#1037,#1038,#1039),.UNSPECIFIED.,.F.,
  .F.,(6,3,3,3,3,3,3,6),(0.,1.65950417716,3.31900835626,4.97851254664,
    6.63801675705,8.29752095089,9.95702513867,11.3292632049),
  .UNSPECIFIED.);
#1016 = CARTESIAN_POINT('',(2.56321906553E+03,-736.0585373,649.570370944
    ));
#1017 = CARTESIAN_POINT('',(2.5634250248E+03,-736.0585373,649.457854885)
  );
#1018 = CARTESIAN_POINT('',(2.56361803946E+03,-736.0585373,649.321644671
    ));
#1019 = CARTESIAN_POINT('',(2.56379448064E+03,-736.0585373,649.163716152
    ));
#1020 = CARTESIAN_POINT('',(2.56410785144E+03,-736.0585373,648.810117962
    ));
#1021 = CARTESIAN_POINT('',(2.56433273907E+03,-736.0585373,648.39459771)
  );
#1022 = CARTESIAN_POINT('',(2.56442068822E+03,-736.0585373,648.17473899)
  );
#1023 = CARTESIAN_POINT('',(2.56454442404E+03,-736.0585373,647.718753921
    ));
#1024 = CARTESIAN_POINT('',(2.56456138122E+03,-736.0585373,647.246584476
    ));
#1025 = CARTESIAN_POINT('',(2.56454254016E+03,-736.0585373,647.010538042
    ));
#1026 = CARTESIAN_POINT('',(2.56445089728E+03,-736.0585373,646.54703559)
  );
#1027 = CARTESIAN_POINT('',(2.56425639599E+03,-736.0585373,646.116453673
    ));
#1028 = CARTESIAN_POINT('',(2.56413468469E+03,-736.0585373,645.913329922
    ));
#1029 = CARTESIAN_POINT('',(2.56384672977E+03,-736.0585373,645.538743611
    ));
#1030 = CARTESIAN_POINT('',(2.56348123678E+03,-736.0585373,645.239333501
    ));
#1031 = CARTESIAN_POINT('',(2.56328197775E+03,-736.0585373,645.111393117
    ));
#1032 = CARTESIAN_POINT('',(2.56285762095E+03,-736.0585373,644.903657116
    ));
#1033 = CARTESIAN_POINT('',(2.56239717853E+03,-736.0585373,644.797712273
    ));
#1034 = CARTESIAN_POINT('',(2.5621618284E+03,-736.0585373,644.771573768)
  );
#1035 = CARTESIAN_POINT('',(2.56173025193E+03,-736.0585373,644.773706309
    ));
#1036 = CARTESIAN_POINT('',(2.56130941784E+03,-736.0585373,644.865308617
    ));
#1037 = CARTESIAN_POINT('',(2.56112346021E+03,-736.0585373,644.924822686
    ));
#1038 = CARTESIAN_POINT('',(2.56094430226E+03,-736.0585373,645.001660753
    ));
#1039 = CARTESIAN_POINT('',(2.56077399528E+03,-736.0585373,645.09469988)
  );
#1040 = ORIENTED_EDGE('',*,*,#1041,.F.);
#1041 = EDGE_CURVE('',#1013,#1011,#1042,.T.);
#1042 = B_SPLINE_CURVE_WITH_KNOTS('',5,(#1043,#1044,#1045,#1046,#1047,
    #1048,#1049,#1050,#1051,#1052,#1053,#1054,#1055,#1056,#1057,#1058,
    #1059,#1060,#1061,#1062,#1063,#1064,#1065,#1066),.UNSPECIFIED.,.F.,
  .F.,(6,3,3,3,3,3,3,6),(0.,1.65950421748,3.31900840587,4.97851257695,
    6.6380167759,8.29752099709,9.95702518637,11.3292631743),
  .UNSPECIFIED.);
#1043 = CARTESIAN_POINT('',(2.56077399528E+03,-736.0585373,645.09469988)
  );
#1044 = CARTESIAN_POINT('',(2.56056803601E+03,-736.0585373,645.207215942
    ));
#1045 = CARTESIAN_POINT('',(2.56037502135E+03,-736.0585373,645.34342616)
  );
#1046 = CARTESIAN_POINT('',(2.56019858018E+03,-736.0585373,645.501354664
    ));
#1047 = CARTESIAN_POINT('',(2.55988520938E+03,-736.0585373,645.854952859
    ));
#1048 = CARTESIAN_POINT('',(2.55966032174E+03,-736.0585373,646.270473119
    ));
#1049 = CARTESIAN_POINT('',(2.5595723726E+03,-736.0585373,646.490331832)
  );
#1050 = CARTESIAN_POINT('',(2.55944863678E+03,-736.0585373,646.9463169)
  );
#1051 = CARTESIAN_POINT('',(2.5594316796E+03,-736.0585373,647.418486344)
  );
#1052 = CARTESIAN_POINT('',(2.55945052066E+03,-736.0585373,647.65453279)
  );
#1053 = CARTESIAN_POINT('',(2.55954216355E+03,-736.0585373,648.118035237
    ));
#1054 = CARTESIAN_POINT('',(2.55973666483E+03,-736.0585373,648.548617149
    ));
#1055 = CARTESIAN_POINT('',(2.55985837613E+03,-736.0585373,648.751740906
    ));
#1056 = CARTESIAN_POINT('',(2.56014633106E+03,-736.0585373,649.126327216
    ));
#1057 = CARTESIAN_POINT('',(2.56051182405E+03,-736.0585373,649.425737326
    ));
#1058 = CARTESIAN_POINT('',(2.56071108307E+03,-736.0585373,649.553677701
    ));
#1059 = CARTESIAN_POINT('',(2.56113543987E+03,-736.0585373,649.761413703
    ));
#1060 = CARTESIAN_POINT('',(2.5615958823E+03,-736.0585373,649.867358546)
  );
#1061 = CARTESIAN_POINT('',(2.56183123243E+03,-736.0585373,649.893497051
    ));
#1062 = CARTESIAN_POINT('',(2.56226280889E+03,-736.0585373,649.891364509
    ));
#1063 = CARTESIAN_POINT('',(2.56268364297E+03,-736.0585373,649.799762205
    ));
#1064 = CARTESIAN_POINT('',(2.56286960062E+03,-736.0585373,649.740248127
    ));
#1065 = CARTESIAN_POINT('',(2.56304875856E+03,-736.0585373,649.663410065
    ));
#1066 = CARTESIAN_POINT('',(2.56321906553E+03,-736.0585373,649.570370944
    ));
#1067 = PLANE('',#1068);
#1068 = AXIS2_PLACEMENT_3D('',#1069,#1070,#1071);
#1069 = CARTESIAN_POINT('',(2.56199653041E+03,-736.0585373,651.13449618)
  );
#1070 = DIRECTION('',(-0.,1.,0.));
#1071 = DIRECTION('',(1.,0.,0.));
#1072 = ADVANCED_FACE('',(#1073),#1099,.F.);
#1073 = FACE_BOUND('',#1074,.F.);
#1074 = EDGE_LOOP('',(#1075,#1083,#1092,#1098));
#1075 = ORIENTED_EDGE('',*,*,#1076,.F.);
#1076 = EDGE_CURVE('',#1077,#955,#1079,.T.);
#1077 = VERTEX_POINT('',#1078);
#1078 = CARTESIAN_POINT('',(2.56415426901E+03,-741.318272403,
    651.282249424));
#1079 = LINE('',#1080,#1081);
#1080 = CARTESIAN_POINT('',(2.18961720414E+05,-2.15832048511E+05,
    3.96764370087E+05));
#1081 = VECTOR('',#1082,1.);
#1082 = DIRECTION('',(0.432797290029,-0.430183605185,0.792230125389));
#1083 = ORIENTED_EDGE('',*,*,#1084,.T.);
#1084 = EDGE_CURVE('',#1077,#1085,#1087,.T.);
#1085 = VERTEX_POINT('',#1086);
#1086 = CARTESIAN_POINT('',(2.55983879181E+03,-741.318272403,
    643.382821394));
#1087 = CIRCLE('',#1088,4.5006751344);
#1088 = AXIS2_PLACEMENT_3D('',#1089,#1090,#1091);
#1089 = CARTESIAN_POINT('',(2.56199653041E+03,-741.318272403,
    647.332535409));
#1090 = DIRECTION('',(0.,-1.,0.));
#1091 = DIRECTION('',(0.,-0.,-1.));
#1092 = ORIENTED_EDGE('',*,*,#1093,.T.);
#1093 = EDGE_CURVE('',#1085,#947,#1094,.T.);
#1094 = LINE('',#1095,#1096);
#1095 = CARTESIAN_POINT('',(-2.13837727353E+05,-2.15832048511E+05,
    -3.95469705016E+05));
#1096 = VECTOR('',#1097,1.);
#1097 = DIRECTION('',(-0.432797290029,-0.430183605185,-0.792230125389));
#1098 = ORIENTED_EDGE('',*,*,#954,.F.);
#1099 = CONICAL_SURFACE('',#1100,4.5006751344,1.12610017347);
#1100 = AXIS2_PLACEMENT_3D('',#1101,#1102,#1103);
#1101 = CARTESIAN_POINT('',(2.56199653041E+03,-741.318272403,
    647.332535409));
#1102 = DIRECTION('',(0.,-1.,0.));
#1103 = DIRECTION('',(0.479425538604,0.,0.87758256189));
#1104 = ADVANCED_FACE('',(#1105),#1117,.F.);
#1105 = FACE_BOUND('',#1106,.F.);
#1106 = EDGE_LOOP('',(#1107,#1108,#1115,#1116));
#1107 = ORIENTED_EDGE('',*,*,#1093,.F.);
#1108 = ORIENTED_EDGE('',*,*,#1109,.T.);
#1109 = EDGE_CURVE('',#1085,#1077,#1110,.T.);
#1110 = CIRCLE('',#1111,4.5006751344);
#1111 = AXIS2_PLACEMENT_3D('',#1112,#1113,#1114);
#1112 = CARTESIAN_POINT('',(2.56199653041E+03,-741.318272403,
    647.332535409));
#1113 = DIRECTION('',(0.,-1.,0.));
#1114 = DIRECTION('',(0.,-0.,-1.));
#1115 = ORIENTED_EDGE('',*,*,#1076,.T.);
#1116 = ORIENTED_EDGE('',*,*,#990,.T.);
#1117 = CONICAL_SURFACE('',#1118,4.5006751344,1.12610017347);
#1118 = AXIS2_PLACEMENT_3D('',#1119,#1120,#1121);
#1119 = CARTESIAN_POINT('',(2.56199653041E+03,-741.318272403,
    647.332535409));
#1120 = DIRECTION('',(0.,-1.,0.));
#1121 = DIRECTION('',(-0.479425538604,-0.,-0.87758256189));
#1122 = ADVANCED_FACE('',(#1123),#1151,.T.);
#1123 = FACE_BOUND('',#1124,.T.);
#1124 = EDGE_LOOP('',(#1125,#1136,#1143,#1144));
#1125 = ORIENTED_EDGE('',*,*,#1126,.F.);
#1126 = EDGE_CURVE('',#1127,#1129,#1131,.T.);
#1127 = VERTEX_POINT('',#1128);
#1128 = CARTESIAN_POINT('',(2.56273963999E+03,-737.058537298,
    648.69278838));
#1129 = VERTEX_POINT('',#1130);
#1130 = CARTESIAN_POINT('',(2.56125342082E+03,-737.058537298,
    645.97228244));
#1131 = CIRCLE('',#1132,1.55);
#1132 = AXIS2_PLACEMENT_3D('',#1133,#1134,#1135);
#1133 = CARTESIAN_POINT('',(2.56199653041E+03,-737.0585373,647.332535409
    ));
#1134 = DIRECTION('',(-0.,1.,0.));
#1135 = DIRECTION('',(0.,0.,1.));
#1136 = ORIENTED_EDGE('',*,*,#1137,.F.);
#1137 = EDGE_CURVE('',#1011,#1127,#1138,.T.);
#1138 = CIRCLE('',#1139,1.);
#1139 = AXIS2_PLACEMENT_3D('',#1140,#1141,#1142);
#1140 = CARTESIAN_POINT('',(2.56321906553E+03,-737.0585373,649.570370942
    ));
#1141 = DIRECTION('',(-0.87758256189,0.,0.479425538604));
#1142 = DIRECTION('',(-0.479425538604,0.,-0.87758256189));
#1143 = ORIENTED_EDGE('',*,*,#1010,.T.);
#1144 = ORIENTED_EDGE('',*,*,#1145,.T.);
#1145 = EDGE_CURVE('',#1013,#1129,#1146,.T.);
#1146 = CIRCLE('',#1147,1.);
#1147 = AXIS2_PLACEMENT_3D('',#1148,#1149,#1150);
#1148 = CARTESIAN_POINT('',(2.56077399529E+03,-737.0585373,645.094699876
    ));
#1149 = DIRECTION('',(0.87758256189,0.,-0.479425538604));
#1150 = DIRECTION('',(0.479425538604,0.,0.87758256189));
#1151 = TOROIDAL_SURFACE('',#1152,2.55,1.);
#1152 = AXIS2_PLACEMENT_3D('',#1153,#1154,#1155);
#1153 = CARTESIAN_POINT('',(2.56199653041E+03,-737.0585373,647.332535409
    ));
#1154 = DIRECTION('',(0.,1.,0.));
#1155 = DIRECTION('',(0.479425538604,-0.,0.87758256189));
#1156 = ADVANCED_FACE('',(#1157),#1169,.T.);
#1157 = FACE_BOUND('',#1158,.T.);
#1158 = EDGE_LOOP('',(#1159,#1160,#1167,#1168));
#1159 = ORIENTED_EDGE('',*,*,#1137,.T.);
#1160 = ORIENTED_EDGE('',*,*,#1161,.F.);
#1161 = EDGE_CURVE('',#1129,#1127,#1162,.T.);
#1162 = CIRCLE('',#1163,1.55);
#1163 = AXIS2_PLACEMENT_3D('',#1164,#1165,#1166);
#1164 = CARTESIAN_POINT('',(2.56199653041E+03,-737.0585373,647.332535409
    ));
#1165 = DIRECTION('',(-0.,1.,0.));
#1166 = DIRECTION('',(0.,0.,1.));
#1167 = ORIENTED_EDGE('',*,*,#1145,.F.);
#1168 = ORIENTED_EDGE('',*,*,#1041,.T.);
#1169 = TOROIDAL_SURFACE('',#1170,2.55,1.);
#1170 = AXIS2_PLACEMENT_3D('',#1171,#1172,#1173);
#1171 = CARTESIAN_POINT('',(2.56199653041E+03,-737.0585373,647.332535409
    ));
#1172 = DIRECTION('',(0.,1.,0.));
#1173 = DIRECTION('',(-0.479425538604,0.,-0.87758256189));
#1174 = ADVANCED_FACE('',(#1175),#1349,.F.);
#1175 = FACE_BOUND('',#1176,.F.);
#1176 = EDGE_LOOP('',(#1177,#1188,#1197,#1206,#1215,#1224,#1233,#1242,
    #1252,#1261,#1270,#1279,#1288,#1297,#1307,#1316,#1325,#1334,#1341,
    #1342));
#1177 = ORIENTED_EDGE('',*,*,#1178,.F.);
#1178 = EDGE_CURVE('',#1179,#1181,#1183,.T.);
#1179 = VERTEX_POINT('',#1180);
#1180 = CARTESIAN_POINT('',(2.56249653041E+03,-741.402893066,
    651.38922924));
#1181 = VERTEX_POINT('',#1182);
#1182 = CARTESIAN_POINT('',(2.56395613002E+03,-741.402893066,
    650.919558436));
#1183 = B_SPLINE_CURVE_WITH_KNOTS('',3,(#1184,#1185,#1186,#1187),
  .UNSPECIFIED.,.F.,.F.,(4,4),(0.,2.2587758605),
  .PIECEWISE_BEZIER_KNOTS.);
#1184 = CARTESIAN_POINT('',(2.56249653041E+03,-741.402893066,
    651.38922924));
#1185 = CARTESIAN_POINT('',(2.56300681518E+03,-741.402893066,
    651.326335071));
#1186 = CARTESIAN_POINT('',(2.56350492436E+03,-741.402893066,
    651.166053212));
#1187 = CARTESIAN_POINT('',(2.56395613002E+03,-741.402893066,
    650.919558437));
#1188 = ORIENTED_EDGE('',*,*,#1189,.T.);
#1189 = EDGE_CURVE('',#1179,#1190,#1192,.T.);
#1190 = VERTEX_POINT('',#1191);
#1191 = CARTESIAN_POINT('',(2.56249653041E+03,-741.634301882,
    651.301162376));
#1192 = B_SPLINE_CURVE_WITH_KNOTS('',3,(#1193,#1194,#1195,#1196),
  .UNSPECIFIED.,.F.,.F.,(4,4),(0.,0.361826577598),
  .PIECEWISE_BEZIER_KNOTS.);
#1193 = CARTESIAN_POINT('',(2.56249653041E+03,-741.402893066,
    651.38922924));
#1194 = CARTESIAN_POINT('',(2.56249653041E+03,-741.465934415,
    651.333273907));
#1195 = CARTESIAN_POINT('',(2.56249653041E+03,-741.549982027,
    651.301162376));
#1196 = CARTESIAN_POINT('',(2.56249653041E+03,-741.634301882,
    651.301162376));
#1197 = ORIENTED_EDGE('',*,*,#1198,.F.);
#1198 = EDGE_CURVE('',#1199,#1190,#1201,.T.);
#1199 = VERTEX_POINT('',#1200);
#1200 = CARTESIAN_POINT('',(2.56149653041E+03,-741.634301882,
    651.301162376));
#1201 = CIRCLE('',#1202,4.);
#1202 = AXIS2_PLACEMENT_3D('',#1203,#1204,#1205);
#1203 = CARTESIAN_POINT('',(2.56199653041E+03,-741.634301882,
    647.332535409));
#1204 = DIRECTION('',(-0.,1.,0.));
#1205 = DIRECTION('',(0.,0.,1.));
#1206 = ORIENTED_EDGE('',*,*,#1207,.F.);
#1207 = EDGE_CURVE('',#1208,#1199,#1210,.T.);
#1208 = VERTEX_POINT('',#1209);
#1209 = CARTESIAN_POINT('',(2.56149653041E+03,-741.402893066,
    651.38922924));
#1210 = B_SPLINE_CURVE_WITH_KNOTS('',3,(#1211,#1212,#1213,#1214),
  .UNSPECIFIED.,.F.,.F.,(4,4),(0.,0.361826577598),
  .PIECEWISE_BEZIER_KNOTS.);
#1211 = CARTESIAN_POINT('',(2.56149653041E+03,-741.402893066,
    651.38922924));
#1212 = CARTESIAN_POINT('',(2.56149653041E+03,-741.465934415,
    651.333273907));
#1213 = CARTESIAN_POINT('',(2.56149653041E+03,-741.549982027,
    651.301162376));
#1214 = CARTESIAN_POINT('',(2.56149653041E+03,-741.634301882,
    651.301162376));
#1215 = ORIENTED_EDGE('',*,*,#1216,.F.);
#1216 = EDGE_CURVE('',#1217,#1208,#1219,.T.);
#1217 = VERTEX_POINT('',#1218);
#1218 = CARTESIAN_POINT('',(2.55999653041E+03,-741.402893066,
    650.897190348));
#1219 = B_SPLINE_CURVE_WITH_KNOTS('',3,(#1220,#1221,#1222,#1223),
  .UNSPECIFIED.,.F.,.F.,(4,4),(0.,2.32679207714),
  .PIECEWISE_BEZIER_KNOTS.);
#1220 = CARTESIAN_POINT('',(2.55999653041E+03,-741.402893066,
    650.897190348));
#1221 = CARTESIAN_POINT('',(2.56045834675E+03,-741.402893066,
    651.156298931));
#1222 = CARTESIAN_POINT('',(2.56097096831E+03,-741.402893066,
    651.324452093));
#1223 = CARTESIAN_POINT('',(2.56149653041E+03,-741.402893066,
    651.389229239));
#1224 = ORIENTED_EDGE('',*,*,#1225,.T.);
#1225 = EDGE_CURVE('',#1217,#1226,#1228,.T.);
#1226 = VERTEX_POINT('',#1227);
#1227 = CARTESIAN_POINT('',(2.55999653041E+03,-741.634301882,
    650.796637024));
#1228 = B_SPLINE_CURVE_WITH_KNOTS('',3,(#1229,#1230,#1231,#1232),
  .UNSPECIFIED.,.F.,.F.,(4,4),(0.,0.36678366856),
  .PIECEWISE_BEZIER_KNOTS.);
#1229 = CARTESIAN_POINT('',(2.55999653041E+03,-741.402893066,
    650.897190348));
#1230 = CARTESIAN_POINT('',(2.55999653041E+03,-741.463309645,
    650.83616267));
#1231 = CARTESIAN_POINT('',(2.55999653041E+03,-741.54791194,
    650.796637024));
#1232 = CARTESIAN_POINT('',(2.55999653041E+03,-741.634301882,
    650.796637024));
#1233 = ORIENTED_EDGE('',*,*,#1234,.F.);
#1234 = EDGE_CURVE('',#1235,#1226,#1237,.T.);
#1235 = VERTEX_POINT('',#1236);
#1236 = CARTESIAN_POINT('',(2.55837575701E+03,-741.634301882,
    649.032535408));
#1237 = CIRCLE('',#1238,4.);
#1238 = AXIS2_PLACEMENT_3D('',#1239,#1240,#1241);
#1239 = CARTESIAN_POINT('',(2.56199653041E+03,-741.634301882,
    647.332535409));
#1240 = DIRECTION('',(-0.,1.,0.));
#1241 = DIRECTION('',(0.,0.,1.));
#1242 = ORIENTED_EDGE('',*,*,#1243,.F.);
#1243 = EDGE_CURVE('',#1244,#1235,#1246,.T.);
#1244 = VERTEX_POINT('',#1245);
#1245 = CARTESIAN_POINT('',(2.55821281968E+03,-741.348388672,
    649.032535408));
#1246 = B_SPLINE_CURVE_WITH_KNOTS('',4,(#1247,#1248,#1249,#1250,#1251),
  .UNSPECIFIED.,.F.,.F.,(5,5),(0.,0.494262473567),
  .PIECEWISE_BEZIER_KNOTS.);
#1247 = CARTESIAN_POINT('',(2.55821281968E+03,-741.348388671,
    649.032535409));
#1248 = CARTESIAN_POINT('',(2.55828490662E+03,-741.394847323,
    649.032535409));
#1249 = CARTESIAN_POINT('',(2.55834378218E+03,-741.462216603,
    649.032531421));
#1250 = CARTESIAN_POINT('',(2.55837575701E+03,-741.548164598,
    649.032535408));
#1251 = CARTESIAN_POINT('',(2.55837575701E+03,-741.634301882,
    649.032535408));
#1252 = ORIENTED_EDGE('',*,*,#1253,.T.);
#1253 = EDGE_CURVE('',#1244,#1254,#1256,.T.);
#1254 = VERTEX_POINT('',#1255);
#1255 = CARTESIAN_POINT('',(2.55787870733E+03,-741.348388672,
    647.832535409));
#1256 = B_SPLINE_CURVE_WITH_KNOTS('',3,(#1257,#1258,#1259,#1260),
  .UNSPECIFIED.,.F.,.F.,(4,4),(0.,1.81512574956),
  .PIECEWISE_BEZIER_KNOTS.);
#1257 = CARTESIAN_POINT('',(2.55821281968E+03,-741.348388671,
    649.032535409));
#1258 = CARTESIAN_POINT('',(2.55804200655E+03,-741.348388671,
    648.652354537));
#1259 = CARTESIAN_POINT('',(2.55792894649E+03,-741.34838867,
    648.246287325));
#1260 = CARTESIAN_POINT('',(2.55787870733E+03,-741.348388671,
    647.832535409));
#1261 = ORIENTED_EDGE('',*,*,#1262,.F.);
#1262 = EDGE_CURVE('',#1263,#1254,#1265,.T.);
#1263 = VERTEX_POINT('',#1264);
#1264 = CARTESIAN_POINT('',(2.55802790344E+03,-741.634301882,
    647.832535409));
#1265 = B_SPLINE_CURVE_WITH_KNOTS('',3,(#1266,#1267,#1268,#1269),
  .UNSPECIFIED.,.F.,.F.,(4,4),(0.,0.482905569657),
  .PIECEWISE_BEZIER_KNOTS.);
#1266 = CARTESIAN_POINT('',(2.55802790344E+03,-741.634301882,
    647.832535409));
#1267 = CARTESIAN_POINT('',(2.55802790344E+03,-741.522639888,
    647.832535409));
#1268 = CARTESIAN_POINT('',(2.55797009178E+03,-741.412484835,
    647.832535409));
#1269 = CARTESIAN_POINT('',(2.55787870733E+03,-741.34838867,
    647.832535409));
#1270 = ORIENTED_EDGE('',*,*,#1271,.F.);
#1271 = EDGE_CURVE('',#1272,#1263,#1274,.T.);
#1272 = VERTEX_POINT('',#1273);
#1273 = CARTESIAN_POINT('',(2.55802790344E+03,-741.634301882,
    646.832535409));
#1274 = CIRCLE('',#1275,4.);
#1275 = AXIS2_PLACEMENT_3D('',#1276,#1277,#1278);
#1276 = CARTESIAN_POINT('',(2.56199653041E+03,-741.634301882,
    647.332535409));
#1277 = DIRECTION('',(-0.,1.,0.));
#1278 = DIRECTION('',(0.,0.,1.));
#1279 = ORIENTED_EDGE('',*,*,#1280,.T.);
#1280 = EDGE_CURVE('',#1272,#1281,#1283,.T.);
#1281 = VERTEX_POINT('',#1282);
#1282 = CARTESIAN_POINT('',(2.55787870733E+03,-741.348388672,
    646.832535409));
#1283 = B_SPLINE_CURVE_WITH_KNOTS('',3,(#1284,#1285,#1286,#1287),
  .UNSPECIFIED.,.F.,.F.,(4,4),(0.,0.482905569657),
  .PIECEWISE_BEZIER_KNOTS.);
#1284 = CARTESIAN_POINT('',(2.55802790344E+03,-741.634301882,
    646.832535409));
#1285 = CARTESIAN_POINT('',(2.55802790344E+03,-741.522639888,
    646.832535409));
#1286 = CARTESIAN_POINT('',(2.55797009178E+03,-741.412484835,
    646.832535409));
#1287 = CARTESIAN_POINT('',(2.55787870733E+03,-741.34838867,
    646.832535409));
#1288 = ORIENTED_EDGE('',*,*,#1289,.T.);
#1289 = EDGE_CURVE('',#1281,#1290,#1292,.T.);
#1290 = VERTEX_POINT('',#1291);
#1291 = CARTESIAN_POINT('',(2.55821281968E+03,-741.348388672,
    645.63253541));
#1292 = B_SPLINE_CURVE_WITH_KNOTS('',3,(#1293,#1294,#1295,#1296),
  .UNSPECIFIED.,.F.,.F.,(4,4),(0.,1.81512574956),
  .PIECEWISE_BEZIER_KNOTS.);
#1293 = CARTESIAN_POINT('',(2.55787870733E+03,-741.34838867,
    646.832535409));
#1294 = CARTESIAN_POINT('',(2.55792894649E+03,-741.348388668,
    646.418783493));
#1295 = CARTESIAN_POINT('',(2.55804200655E+03,-741.34838867,646.01271628
    ));
#1296 = CARTESIAN_POINT('',(2.55821281968E+03,-741.34838867,
    645.632535408));
#1297 = ORIENTED_EDGE('',*,*,#1298,.T.);
#1298 = EDGE_CURVE('',#1290,#1299,#1301,.T.);
#1299 = VERTEX_POINT('',#1300);
#1300 = CARTESIAN_POINT('',(2.55837575701E+03,-741.634301882,
    645.63253541));
#1301 = B_SPLINE_CURVE_WITH_KNOTS('',4,(#1302,#1303,#1304,#1305,#1306),
  .UNSPECIFIED.,.F.,.F.,(5,5),(0.,0.49426247348),
  .PIECEWISE_BEZIER_KNOTS.);
#1302 = CARTESIAN_POINT('',(2.55821281968E+03,-741.348388671,
    645.632535409));
#1303 = CARTESIAN_POINT('',(2.55828490662E+03,-741.394847323,
    645.632535409));
#1304 = CARTESIAN_POINT('',(2.55834378218E+03,-741.462216603,
    645.632539397));
#1305 = CARTESIAN_POINT('',(2.55837575701E+03,-741.548164598,
    645.63253541));
#1306 = CARTESIAN_POINT('',(2.55837575701E+03,-741.634301882,
    645.63253541));
#1307 = ORIENTED_EDGE('',*,*,#1308,.F.);
#1308 = EDGE_CURVE('',#1309,#1299,#1311,.T.);
#1309 = VERTEX_POINT('',#1310);
#1310 = CARTESIAN_POINT('',(2.55999653041E+03,-741.634301882,
    643.868433794));
#1311 = CIRCLE('',#1312,4.);
#1312 = AXIS2_PLACEMENT_3D('',#1313,#1314,#1315);
#1313 = CARTESIAN_POINT('',(2.56199653041E+03,-741.634301882,
    647.332535409));
#1314 = DIRECTION('',(-0.,1.,0.));
#1315 = DIRECTION('',(0.,0.,1.));
#1316 = ORIENTED_EDGE('',*,*,#1317,.T.);
#1317 = EDGE_CURVE('',#1309,#1318,#1320,.T.);
#1318 = VERTEX_POINT('',#1319);
#1319 = CARTESIAN_POINT('',(2.55999653041E+03,-741.402893066,
    643.76788047));
#1320 = B_SPLINE_CURVE_WITH_KNOTS('',3,(#1321,#1322,#1323,#1324),
  .UNSPECIFIED.,.F.,.F.,(4,4),(0.,0.367342852333),
  .PIECEWISE_BEZIER_KNOTS.);
#1321 = CARTESIAN_POINT('',(2.55999653041E+03,-741.634301882,
    643.868433794));
#1322 = CARTESIAN_POINT('',(2.55999653041E+03,-741.547780236,
    643.868433794));
#1323 = CARTESIAN_POINT('',(2.55999653041E+03,-741.463401752,
    643.829001187));
#1324 = CARTESIAN_POINT('',(2.55999653041E+03,-741.402893066,
    643.76788047));
#1325 = ORIENTED_EDGE('',*,*,#1326,.F.);
#1326 = EDGE_CURVE('',#1327,#1318,#1329,.T.);
#1327 = VERTEX_POINT('',#1328);
#1328 = CARTESIAN_POINT('',(2.5600369308E+03,-741.402893066,
    643.745512382));
#1329 = CIRCLE('',#1330,4.0873909565);
#1330 = AXIS2_PLACEMENT_3D('',#1331,#1332,#1333);
#1331 = CARTESIAN_POINT('',(2.56199653041E+03,-741.402893066,
    647.332535409));
#1332 = DIRECTION('',(-0.,1.,0.));
#1333 = DIRECTION('',(0.,0.,1.));
#1334 = ORIENTED_EDGE('',*,*,#1335,.F.);
#1335 = EDGE_CURVE('',#1085,#1327,#1336,.T.);
#1336 = CIRCLE('',#1337,0.350077523324);
#1337 = AXIS2_PLACEMENT_3D('',#1338,#1339,#1340);
#1338 = CARTESIAN_POINT('',(2.55991099215E+03,-741.634301882,
    643.514983232));
#1339 = DIRECTION('',(0.87758256189,0.,-0.479425538604));
#1340 = DIRECTION('',(0.479425538604,0.,0.87758256189));
#1341 = ORIENTED_EDGE('',*,*,#1084,.F.);
#1342 = ORIENTED_EDGE('',*,*,#1343,.T.);
#1343 = EDGE_CURVE('',#1077,#1181,#1344,.T.);
#1344 = CIRCLE('',#1345,0.350077523324);
#1345 = AXIS2_PLACEMENT_3D('',#1346,#1347,#1348);
#1346 = CARTESIAN_POINT('',(2.56408206867E+03,-741.634301882,
    651.150087586));
#1347 = DIRECTION('',(-0.87758256189,0.,0.479425538604));
#1348 = DIRECTION('',(-0.479425538604,0.,-0.87758256189));
#1349 = TOROIDAL_SURFACE('',#1350,4.35007752332,0.350077523324);
#1350 = AXIS2_PLACEMENT_3D('',#1351,#1352,#1353);
#1351 = CARTESIAN_POINT('',(2.56199653041E+03,-741.634301882,
    647.332535409));
#1352 = DIRECTION('',(0.,1.,0.));
#1353 = DIRECTION('',(-0.479425538604,0.,-0.87758256189));
#1354 = ADVANCED_FACE('',(#1355),#1513,.F.);
#1355 = FACE_BOUND('',#1356,.F.);
#1356 = EDGE_LOOP('',(#1357,#1369,#1378,#1387,#1394,#1395,#1396,#1397,
    #1406,#1415,#1424,#1433,#1442,#1451,#1460,#1470,#1479,#1488,#1497,
    #1506));
#1357 = ORIENTED_EDGE('',*,*,#1358,.F.);
#1358 = EDGE_CURVE('',#1359,#1361,#1363,.T.);
#1359 = VERTEX_POINT('',#1360);
#1360 = CARTESIAN_POINT('',(2.56561730381E+03,-741.634301882,
    649.032535408));
#1361 = VERTEX_POINT('',#1362);
#1362 = CARTESIAN_POINT('',(2.56578024114E+03,-741.348388672,
    649.032535408));
#1363 = B_SPLINE_CURVE_WITH_KNOTS('',4,(#1364,#1365,#1366,#1367,#1368),
  .UNSPECIFIED.,.F.,.F.,(5,5),(0.,0.494262487295),
  .PIECEWISE_BEZIER_KNOTS.);
#1364 = CARTESIAN_POINT('',(2.56561730381E+03,-741.634301882,
    649.032535408));
#1365 = CARTESIAN_POINT('',(2.56561730381E+03,-741.548164597,
    649.032535408));
#1366 = CARTESIAN_POINT('',(2.56564927861E+03,-741.462216606,
    649.032531498));
#1367 = CARTESIAN_POINT('',(2.5657081542E+03,-741.394847323,
    649.032535409));
#1368 = CARTESIAN_POINT('',(2.56578024114E+03,-741.348388671,
    649.032535409));
#1369 = ORIENTED_EDGE('',*,*,#1370,.F.);
#1370 = EDGE_CURVE('',#1371,#1359,#1373,.T.);
#1371 = VERTEX_POINT('',#1372);
#1372 = CARTESIAN_POINT('',(2.56399653041E+03,-741.634301882,
    650.796637024));
#1373 = CIRCLE('',#1374,4.);
#1374 = AXIS2_PLACEMENT_3D('',#1375,#1376,#1377);
#1375 = CARTESIAN_POINT('',(2.56199653041E+03,-741.634301882,
    647.332535409));
#1376 = DIRECTION('',(-0.,1.,0.));
#1377 = DIRECTION('',(0.,0.,1.));
#1378 = ORIENTED_EDGE('',*,*,#1379,.F.);
#1379 = EDGE_CURVE('',#1380,#1371,#1382,.T.);
#1380 = VERTEX_POINT('',#1381);
#1381 = CARTESIAN_POINT('',(2.56399653041E+03,-741.402893066,
    650.897190348));
#1382 = B_SPLINE_CURVE_WITH_KNOTS('',3,(#1383,#1384,#1385,#1386),
  .UNSPECIFIED.,.F.,.F.,(4,4),(0.,0.36678366856),
  .PIECEWISE_BEZIER_KNOTS.);
#1383 = CARTESIAN_POINT('',(2.56399653041E+03,-741.402893066,
    650.897190348));
#1384 = CARTESIAN_POINT('',(2.56399653041E+03,-741.463309645,
    650.83616267));
#1385 = CARTESIAN_POINT('',(2.56399653041E+03,-741.54791194,
    650.796637024));
#1386 = CARTESIAN_POINT('',(2.56399653041E+03,-741.634301882,
    650.796637024));
#1387 = ORIENTED_EDGE('',*,*,#1388,.F.);
#1388 = EDGE_CURVE('',#1181,#1380,#1389,.T.);
#1389 = CIRCLE('',#1390,4.0873909565);
#1390 = AXIS2_PLACEMENT_3D('',#1391,#1392,#1393);
#1391 = CARTESIAN_POINT('',(2.56199653041E+03,-741.402893066,
    647.332535409));
#1392 = DIRECTION('',(-0.,1.,0.));
#1393 = DIRECTION('',(0.,0.,1.));
#1394 = ORIENTED_EDGE('',*,*,#1343,.F.);
#1395 = ORIENTED_EDGE('',*,*,#1109,.F.);
#1396 = ORIENTED_EDGE('',*,*,#1335,.T.);
#1397 = ORIENTED_EDGE('',*,*,#1398,.F.);
#1398 = EDGE_CURVE('',#1399,#1327,#1401,.T.);
#1399 = VERTEX_POINT('',#1400);
#1400 = CARTESIAN_POINT('',(2.56149653041E+03,-741.402893066,
    643.275841579));
#1401 = B_SPLINE_CURVE_WITH_KNOTS('',3,(#1402,#1403,#1404,#1405),
  .UNSPECIFIED.,.F.,.F.,(4,4),(0.,2.25877585416),
  .PIECEWISE_BEZIER_KNOTS.);
#1402 = CARTESIAN_POINT('',(2.56149653041E+03,-741.402893066,
    643.275841579));
#1403 = CARTESIAN_POINT('',(2.56098624577E+03,-741.402893066,
    643.338735732));
#1404 = CARTESIAN_POINT('',(2.56048813635E+03,-741.402893065,
    643.499017667));
#1405 = CARTESIAN_POINT('',(2.5600369308E+03,-741.402893066,
    643.745512382));
#1406 = ORIENTED_EDGE('',*,*,#1407,.F.);
#1407 = EDGE_CURVE('',#1408,#1399,#1410,.T.);
#1408 = VERTEX_POINT('',#1409);
#1409 = CARTESIAN_POINT('',(2.56149653041E+03,-741.634301882,
    643.363908442));
#1410 = B_SPLINE_CURVE_WITH_KNOTS('',3,(#1411,#1412,#1413,#1414),
  .UNSPECIFIED.,.F.,.F.,(4,4),(0.,0.36182657714),
  .PIECEWISE_BEZIER_KNOTS.);
#1411 = CARTESIAN_POINT('',(2.56149653041E+03,-741.634301882,
    643.363908442));
#1412 = CARTESIAN_POINT('',(2.56149653041E+03,-741.549982028,
    643.363908442));
#1413 = CARTESIAN_POINT('',(2.56149653041E+03,-741.465934416,
    643.331796912));
#1414 = CARTESIAN_POINT('',(2.56149653041E+03,-741.402893066,
    643.275841579));
#1415 = ORIENTED_EDGE('',*,*,#1416,.F.);
#1416 = EDGE_CURVE('',#1417,#1408,#1419,.T.);
#1417 = VERTEX_POINT('',#1418);
#1418 = CARTESIAN_POINT('',(2.56249653041E+03,-741.634301882,
    643.363908442));
#1419 = CIRCLE('',#1420,4.);
#1420 = AXIS2_PLACEMENT_3D('',#1421,#1422,#1423);
#1421 = CARTESIAN_POINT('',(2.56199653041E+03,-741.634301882,
    647.332535409));
#1422 = DIRECTION('',(-0.,1.,0.));
#1423 = DIRECTION('',(0.,0.,1.));
#1424 = ORIENTED_EDGE('',*,*,#1425,.T.);
#1425 = EDGE_CURVE('',#1417,#1426,#1428,.T.);
#1426 = VERTEX_POINT('',#1427);
#1427 = CARTESIAN_POINT('',(2.56249653041E+03,-741.402893066,
    643.275841579));
#1428 = B_SPLINE_CURVE_WITH_KNOTS('',3,(#1429,#1430,#1431,#1432),
  .UNSPECIFIED.,.F.,.F.,(4,4),(0.,0.36182657714),
  .PIECEWISE_BEZIER_KNOTS.);
#1429 = CARTESIAN_POINT('',(2.56249653041E+03,-741.634301882,
    643.363908442));
#1430 = CARTESIAN_POINT('',(2.56249653041E+03,-741.549982028,
    643.363908442));
#1431 = CARTESIAN_POINT('',(2.56249653041E+03,-741.465934416,
    643.331796912));
#1432 = CARTESIAN_POINT('',(2.56249653041E+03,-741.402893066,
    643.275841579));
#1433 = ORIENTED_EDGE('',*,*,#1434,.F.);
#1434 = EDGE_CURVE('',#1435,#1426,#1437,.T.);
#1435 = VERTEX_POINT('',#1436);
#1436 = CARTESIAN_POINT('',(2.56399653041E+03,-741.402893066,
    643.76788047));
#1437 = B_SPLINE_CURVE_WITH_KNOTS('',3,(#1438,#1439,#1440,#1441),
  .UNSPECIFIED.,.F.,.F.,(4,4),(0.,2.32679207667),
  .PIECEWISE_BEZIER_KNOTS.);
#1438 = CARTESIAN_POINT('',(2.56399653041E+03,-741.402893066,
    643.76788047));
#1439 = CARTESIAN_POINT('',(2.56353471407E+03,-741.402893066,
    643.508771887));
#1440 = CARTESIAN_POINT('',(2.5630220925E+03,-741.402893066,
    643.340618724));
#1441 = CARTESIAN_POINT('',(2.56249653041E+03,-741.402893066,
    643.275841579));
#1442 = ORIENTED_EDGE('',*,*,#1443,.F.);
#1443 = EDGE_CURVE('',#1444,#1435,#1446,.T.);
#1444 = VERTEX_POINT('',#1445);
#1445 = CARTESIAN_POINT('',(2.56399653041E+03,-741.634301882,
    643.868433795));
#1446 = B_SPLINE_CURVE_WITH_KNOTS('',3,(#1447,#1448,#1449,#1450),
  .UNSPECIFIED.,.F.,.F.,(4,4),(0.,0.367342851931),
  .PIECEWISE_BEZIER_KNOTS.);
#1447 = CARTESIAN_POINT('',(2.56399653041E+03,-741.634301882,
    643.868433794));
#1448 = CARTESIAN_POINT('',(2.56399653041E+03,-741.547780236,
    643.868433794));
#1449 = CARTESIAN_POINT('',(2.56399653041E+03,-741.463401752,
    643.829001187));
#1450 = CARTESIAN_POINT('',(2.56399653041E+03,-741.402893066,
    643.76788047));
#1451 = ORIENTED_EDGE('',*,*,#1452,.F.);
#1452 = EDGE_CURVE('',#1453,#1444,#1455,.T.);
#1453 = VERTEX_POINT('',#1454);
#1454 = CARTESIAN_POINT('',(2.56561730381E+03,-741.634301882,
    645.63253541));
#1455 = CIRCLE('',#1456,4.);
#1456 = AXIS2_PLACEMENT_3D('',#1457,#1458,#1459);
#1457 = CARTESIAN_POINT('',(2.56199653041E+03,-741.634301882,
    647.332535409));
#1458 = DIRECTION('',(-0.,1.,0.));
#1459 = DIRECTION('',(0.,0.,1.));
#1460 = ORIENTED_EDGE('',*,*,#1461,.T.);
#1461 = EDGE_CURVE('',#1453,#1462,#1464,.T.);
#1462 = VERTEX_POINT('',#1463);
#1463 = CARTESIAN_POINT('',(2.56578024114E+03,-741.348388672,
    645.63253541));
#1464 = B_SPLINE_CURVE_WITH_KNOTS('',4,(#1465,#1466,#1467,#1468,#1469),
  .UNSPECIFIED.,.F.,.F.,(5,5),(0.,0.494262487529),
  .PIECEWISE_BEZIER_KNOTS.);
#1465 = CARTESIAN_POINT('',(2.56561730381E+03,-741.634301882,
    645.63253541));
#1466 = CARTESIAN_POINT('',(2.56561730381E+03,-741.548164597,
    645.63253541));
#1467 = CARTESIAN_POINT('',(2.56564927861E+03,-741.462216606,
    645.632539321));
#1468 = CARTESIAN_POINT('',(2.5657081542E+03,-741.394847323,
    645.632535409));
#1469 = CARTESIAN_POINT('',(2.56578024114E+03,-741.348388671,
    645.632535409));
#1470 = ORIENTED_EDGE('',*,*,#1471,.T.);
#1471 = EDGE_CURVE('',#1462,#1472,#1474,.T.);
#1472 = VERTEX_POINT('',#1473);
#1473 = CARTESIAN_POINT('',(2.56611435348E+03,-741.348388672,
    646.832535409));
#1474 = B_SPLINE_CURVE_WITH_KNOTS('',3,(#1475,#1476,#1477,#1478),
  .UNSPECIFIED.,.F.,.F.,(4,4),(0.,1.81512574679),
  .PIECEWISE_BEZIER_KNOTS.);
#1475 = CARTESIAN_POINT('',(2.56578024114E+03,-741.348388671,
    645.632535409));
#1476 = CARTESIAN_POINT('',(2.56595105427E+03,-741.348388671,
    646.01271628));
#1477 = CARTESIAN_POINT('',(2.56606411433E+03,-741.34838867,
    646.418783492));
#1478 = CARTESIAN_POINT('',(2.56611435349E+03,-741.348388671,
    646.832535408));
#1479 = ORIENTED_EDGE('',*,*,#1480,.T.);
#1480 = EDGE_CURVE('',#1472,#1481,#1483,.T.);
#1481 = VERTEX_POINT('',#1482);
#1482 = CARTESIAN_POINT('',(2.56596515738E+03,-741.634301882,
    646.832535423));
#1483 = B_SPLINE_CURVE_WITH_KNOTS('',3,(#1484,#1485,#1486,#1487),
  .UNSPECIFIED.,.F.,.F.,(4,4),(0.,0.482905564044),
  .PIECEWISE_BEZIER_KNOTS.);
#1484 = CARTESIAN_POINT('',(2.56611435348E+03,-741.348388674,
    646.832535409));
#1485 = CARTESIAN_POINT('',(2.56602296904E+03,-741.412484841,
    646.832535409));
#1486 = CARTESIAN_POINT('',(2.56596515738E+03,-741.522639891,
    646.832535408));
#1487 = CARTESIAN_POINT('',(2.56596515738E+03,-741.634301882,
    646.832535408));
#1488 = ORIENTED_EDGE('',*,*,#1489,.F.);
#1489 = EDGE_CURVE('',#1490,#1481,#1492,.T.);
#1490 = VERTEX_POINT('',#1491);
#1491 = CARTESIAN_POINT('',(2.56596515738E+03,-741.634301882,
    647.83253541));
#1492 = CIRCLE('',#1493,4.);
#1493 = AXIS2_PLACEMENT_3D('',#1494,#1495,#1496);
#1494 = CARTESIAN_POINT('',(2.56199653041E+03,-741.634301882,
    647.332535409));
#1495 = DIRECTION('',(-0.,1.,0.));
#1496 = DIRECTION('',(0.,0.,1.));
#1497 = ORIENTED_EDGE('',*,*,#1498,.F.);
#1498 = EDGE_CURVE('',#1499,#1490,#1501,.T.);
#1499 = VERTEX_POINT('',#1500);
#1500 = CARTESIAN_POINT('',(2.56611435348E+03,-741.348388672,
    647.832535409));
#1501 = B_SPLINE_CURVE_WITH_KNOTS('',3,(#1502,#1503,#1504,#1505),
  .UNSPECIFIED.,.F.,.F.,(4,4),(0.,0.482905564044),
  .PIECEWISE_BEZIER_KNOTS.);
#1502 = CARTESIAN_POINT('',(2.56611435348E+03,-741.348388674,
    647.832535409));
#1503 = CARTESIAN_POINT('',(2.56602296904E+03,-741.412484841,
    647.832535409));
#1504 = CARTESIAN_POINT('',(2.56596515738E+03,-741.522639891,
    647.83253541));
#1505 = CARTESIAN_POINT('',(2.56596515738E+03,-741.634301882,
    647.83253541));
#1506 = ORIENTED_EDGE('',*,*,#1507,.T.);
#1507 = EDGE_CURVE('',#1499,#1361,#1508,.T.);
#1508 = B_SPLINE_CURVE_WITH_KNOTS('',3,(#1509,#1510,#1511,#1512),
  .UNSPECIFIED.,.F.,.F.,(4,4),(0.,1.81512574679),
  .PIECEWISE_BEZIER_KNOTS.);
#1509 = CARTESIAN_POINT('',(2.56611435348E+03,-741.348388674,
    647.832535409));
#1510 = CARTESIAN_POINT('',(2.56606411433E+03,-741.348388673,
    648.246287325));
#1511 = CARTESIAN_POINT('',(2.56595105427E+03,-741.348388674,
    648.652354536));
#1512 = CARTESIAN_POINT('',(2.56578024114E+03,-741.348388674,
    649.032535407));
#1513 = TOROIDAL_SURFACE('',#1514,4.35007752332,0.350077523324);
#1514 = AXIS2_PLACEMENT_3D('',#1515,#1516,#1517);
#1515 = CARTESIAN_POINT('',(2.56199653041E+03,-741.634301882,
    647.332535409));
#1516 = DIRECTION('',(0.,1.,0.));
#1517 = DIRECTION('',(0.479425538604,-0.,0.87758256189));
#1518 = ADVANCED_FACE('',(#1519),#1550,.F.);
#1519 = FACE_BOUND('',#1520,.F.);
#1520 = EDGE_LOOP('',(#1521,#1529,#1530,#1538));
#1521 = ORIENTED_EDGE('',*,*,#1522,.T.);
#1522 = EDGE_CURVE('',#1523,#1129,#1525,.T.);
#1523 = VERTEX_POINT('',#1524);
#1524 = CARTESIAN_POINT('',(2.56125342082E+03,-740.358537301,
    645.97228244));
#1525 = LINE('',#1526,#1527);
#1526 = CARTESIAN_POINT('',(2.56125342083E+03,-746.558537301,
    645.972282438));
#1527 = VECTOR('',#1528,1.);
#1528 = DIRECTION('',(0.,1.,0.));
#1529 = ORIENTED_EDGE('',*,*,#1126,.F.);
#1530 = ORIENTED_EDGE('',*,*,#1531,.F.);
#1531 = EDGE_CURVE('',#1532,#1127,#1534,.T.);
#1532 = VERTEX_POINT('',#1533);
#1533 = CARTESIAN_POINT('',(2.56273963913E+03,-740.3585373,648.692786807
    ));
#1534 = LINE('',#1535,#1536);
#1535 = CARTESIAN_POINT('',(2.56273963999E+03,-746.558537301,
    648.69278838));
#1536 = VECTOR('',#1537,1.);
#1537 = DIRECTION('',(0.,1.,0.));
#1538 = ORIENTED_EDGE('',*,*,#1539,.T.);
#1539 = EDGE_CURVE('',#1532,#1523,#1540,.T.);
#1540 = B_SPLINE_CURVE_WITH_KNOTS('',5,(#1541,#1542,#1543,#1544,#1545,
    #1546,#1547,#1548,#1549),.UNSPECIFIED.,.F.,.F.,(6,3,6),(
    -2.43473430653,0.,2.43473430653),.UNSPECIFIED.);
#1541 = CARTESIAN_POINT('',(2.56273963999E+03,-740.358537301,
    648.69278838));
#1542 = CARTESIAN_POINT('',(2.56316697607E+03,-740.358537301,
    648.459333619));
#1543 = CARTESIAN_POINT('',(2.56350263467E+03,-740.358537301,
    648.058064374));
#1544 = CARTESIAN_POINT('',(2.56365587842E+03,-740.358537301,
    647.535775443));
#1545 = CARTESIAN_POINT('',(2.56352459786E+03,-740.3585373,646.497748354
    ));
#1546 = CARTESIAN_POINT('',(2.56272205937E+03,-740.3585373,645.826431146
    ));
#1547 = CARTESIAN_POINT('',(2.56219977044E+03,-740.3585373,645.673187399
    ));
#1548 = CARTESIAN_POINT('',(2.5616807569E+03,-740.3585373,645.738827677)
  );
#1549 = CARTESIAN_POINT('',(2.56125342083E+03,-740.3585373,645.972282438
    ));
#1550 = CYLINDRICAL_SURFACE('',#1551,1.55);
#1551 = AXIS2_PLACEMENT_3D('',#1552,#1553,#1554);
#1552 = CARTESIAN_POINT('',(2.56199653041E+03,-746.5585373,647.332535409
    ));
#1553 = DIRECTION('',(-0.,1.,0.));
#1554 = DIRECTION('',(0.479425538604,0.,0.87758256189));
#1555 = ADVANCED_FACE('',(#1556),#1568,.F.);
#1556 = FACE_BOUND('',#1557,.F.);
#1557 = EDGE_LOOP('',(#1558,#1559,#1560,#1561));
#1558 = ORIENTED_EDGE('',*,*,#1531,.T.);
#1559 = ORIENTED_EDGE('',*,*,#1161,.F.);
#1560 = ORIENTED_EDGE('',*,*,#1522,.F.);
#1561 = ORIENTED_EDGE('',*,*,#1562,.T.);
#1562 = EDGE_CURVE('',#1523,#1532,#1563,.T.);
#1563 = CIRCLE('',#1564,1.55);
#1564 = AXIS2_PLACEMENT_3D('',#1565,#1566,#1567);
#1565 = CARTESIAN_POINT('',(2.56199653041E+03,-740.358537301,
    647.332535409));
#1566 = DIRECTION('',(-0.,1.,0.));
#1567 = DIRECTION('',(0.,0.,1.));
#1568 = CYLINDRICAL_SURFACE('',#1569,1.55);
#1569 = AXIS2_PLACEMENT_3D('',#1570,#1571,#1572);
#1570 = CARTESIAN_POINT('',(2.56199653041E+03,-746.5585373,647.332535409
    ));
#1571 = DIRECTION('',(-0.,1.,0.));
#1572 = DIRECTION('',(-0.479425538604,0.,-0.87758256189));
#1573 = ADVANCED_FACE('',(#1574),#1600,.T.);
#1574 = FACE_BOUND('',#1575,.T.);
#1575 = EDGE_LOOP('',(#1576,#1584,#1593,#1599));
#1576 = ORIENTED_EDGE('',*,*,#1577,.F.);
#1577 = EDGE_CURVE('',#1578,#1199,#1580,.T.);
#1578 = VERTEX_POINT('',#1579);
#1579 = CARTESIAN_POINT('',(2.56149653046E+03,-742.66081356,
    651.301162382));
#1580 = LINE('',#1581,#1582);
#1581 = CARTESIAN_POINT('',(2.56149653041E+03,-746.558537301,
    651.301162376));
#1582 = VECTOR('',#1583,1.);
#1583 = DIRECTION('',(0.,1.,0.));
#1584 = ORIENTED_EDGE('',*,*,#1585,.T.);
#1585 = EDGE_CURVE('',#1578,#1586,#1588,.T.);
#1586 = VERTEX_POINT('',#1587);
#1587 = CARTESIAN_POINT('',(2.56249653041E+03,-742.66081356,
    651.301162376));
#1588 = CIRCLE('',#1589,4.);
#1589 = AXIS2_PLACEMENT_3D('',#1590,#1591,#1592);
#1590 = CARTESIAN_POINT('',(2.56199653041E+03,-742.660813558,
    647.332535409));
#1591 = DIRECTION('',(-0.,1.,0.));
#1592 = DIRECTION('',(0.,0.,1.));
#1593 = ORIENTED_EDGE('',*,*,#1594,.T.);
#1594 = EDGE_CURVE('',#1586,#1190,#1595,.T.);
#1595 = LINE('',#1596,#1597);
#1596 = CARTESIAN_POINT('',(2.56249653041E+03,-746.558537301,
    651.301162376));
#1597 = VECTOR('',#1598,1.);
#1598 = DIRECTION('',(0.,1.,0.));
#1599 = ORIENTED_EDGE('',*,*,#1198,.F.);
#1600 = CYLINDRICAL_SURFACE('',#1601,4.);
#1601 = AXIS2_PLACEMENT_3D('',#1602,#1603,#1604);
#1602 = CARTESIAN_POINT('',(2.56199653041E+03,-746.5585373,647.332535409
    ));
#1603 = DIRECTION('',(-0.,1.,0.));
#1604 = DIRECTION('',(-0.479425538604,0.,-0.87758256189));
#1605 = ADVANCED_FACE('',(#1606),#1755,.T.);
#1606 = FACE_BOUND('',#1607,.T.);
#1607 = EDGE_LOOP('',(#1608,#1609,#1610,#1621,#1632,#1643,#1657,#1665,
    #1676,#1684,#1692,#1703,#1714,#1725,#1733,#1741,#1749));
#1608 = ORIENTED_EDGE('',*,*,#1189,.T.);
#1609 = ORIENTED_EDGE('',*,*,#1594,.F.);
#1610 = ORIENTED_EDGE('',*,*,#1611,.T.);
#1611 = EDGE_CURVE('',#1586,#1612,#1614,.T.);
#1612 = VERTEX_POINT('',#1613);
#1613 = CARTESIAN_POINT('',(2.56249653041E+03,-742.844682667,
    651.336472228));
#1614 = B_SPLINE_CURVE_WITH_KNOTS('',5,(#1615,#1616,#1617,#1618,#1619,
    #1620),.UNSPECIFIED.,.F.,.F.,(6,6),(0.,0.266377692312),
  .PIECEWISE_BEZIER_KNOTS.);
#1615 = CARTESIAN_POINT('',(2.56249653041E+03,-742.66081356,
    651.301162381));
#1616 = CARTESIAN_POINT('',(2.56249653041E+03,-742.698373708,
    651.301162369));
#1617 = CARTESIAN_POINT('',(2.56249653041E+03,-742.735929613,
    651.30476121));
#1618 = CARTESIAN_POINT('',(2.56249653041E+03,-742.773578218,
    651.311995969));
#1619 = CARTESIAN_POINT('',(2.56249653041E+03,-742.809793395,
    651.322568194));
#1620 = CARTESIAN_POINT('',(2.56249653041E+03,-742.844682667,
    651.336472229));
#1621 = ORIENTED_EDGE('',*,*,#1622,.T.);
#1622 = EDGE_CURVE('',#1612,#1623,#1625,.T.);
#1623 = VERTEX_POINT('',#1624);
#1624 = CARTESIAN_POINT('',(2.56249653041E+03,-743.002784124,
    651.437427455));
#1625 = B_SPLINE_CURVE_WITH_KNOTS('',5,(#1626,#1627,#1628,#1629,#1630,
    #1631),.UNSPECIFIED.,.F.,.F.,(6,6),(0.,0.26687026999),
  .PIECEWISE_BEZIER_KNOTS.);
#1626 = CARTESIAN_POINT('',(2.56249653041E+03,-742.844682667,
    651.336472229));
#1627 = CARTESIAN_POINT('',(2.56249653041E+03,-742.879640536,
    651.350403601));
#1628 = CARTESIAN_POINT('',(2.56249653041E+03,-742.913261159,
    651.367674612));
#1629 = CARTESIAN_POINT('',(2.56249653041E+03,-742.9456221,651.388350874
    ));
#1630 = CARTESIAN_POINT('',(2.56249653041E+03,-742.975427863,
    651.411591406));
#1631 = CARTESIAN_POINT('',(2.56249653041E+03,-743.002784125,
    651.437427454));
#1632 = ORIENTED_EDGE('',*,*,#1633,.T.);
#1633 = EDGE_CURVE('',#1623,#1634,#1636,.T.);
#1634 = VERTEX_POINT('',#1635);
#1635 = CARTESIAN_POINT('',(2.56249653041E+03,-743.514290476,
    651.920137098));
#1636 = B_SPLINE_CURVE_WITH_KNOTS('',5,(#1637,#1638,#1639,#1640,#1641,
    #1642),.UNSPECIFIED.,.F.,.F.,(6,6),(0.,0.994632966401),
  .PIECEWISE_BEZIER_KNOTS.);
#1637 = CARTESIAN_POINT('',(2.56249653041E+03,-743.002784123,
    651.437427456));
#1638 = CARTESIAN_POINT('',(2.56249653041E+03,-743.101365076,
    651.530530175));
#1639 = CARTESIAN_POINT('',(2.56249653041E+03,-743.202002422,
    651.625536112));
#1640 = CARTESIAN_POINT('',(2.56249653041E+03,-743.304566488,
    651.722324559));
#1641 = CARTESIAN_POINT('',(2.56249653041E+03,-743.408680103,
    651.820541057));
#1642 = CARTESIAN_POINT('',(2.56249653041E+03,-743.514290476,
    651.920137099));
#1643 = ORIENTED_EDGE('',*,*,#1644,.F.);
#1644 = EDGE_CURVE('',#1645,#1634,#1647,.T.);
#1645 = VERTEX_POINT('',#1646);
#1646 = CARTESIAN_POINT('',(2.56249653041E+03,-743.85626104,
    652.056146316));
#1647 = B_SPLINE_CURVE_WITH_KNOTS('',5,(#1648,#1649,#1650,#1651,#1652,
    #1653,#1654,#1655,#1656),.UNSPECIFIED.,.F.,.F.,(6,3,6),(0.,
    0.431248657445,0.539047709245),.UNSPECIFIED.);
#1648 = CARTESIAN_POINT('',(2.56249653041E+03,-743.85626104,
    652.056146317));
#1649 = CARTESIAN_POINT('',(2.56249653041E+03,-743.795985716,
    652.056146317));
#1650 = CARTESIAN_POINT('',(2.56249653041E+03,-743.735782318,
    652.04659597));
#1651 = CARTESIAN_POINT('',(2.56249653041E+03,-743.677403307,
    652.028131611));
#1652 = CARTESIAN_POINT('',(2.56249653041E+03,-743.608862924,
    651.994859189));
#1653 = CARTESIAN_POINT('',(2.56249653041E+03,-743.548391672,
    651.949860231));
#1654 = CARTESIAN_POINT('',(2.56249653041E+03,-743.536619776,
    651.940379942));
#1655 = CARTESIAN_POINT('',(2.56249653041E+03,-743.525253176,
    651.930475492));
#1656 = CARTESIAN_POINT('',(2.56249653041E+03,-743.514290476,
    651.920137099));
#1657 = ORIENTED_EDGE('',*,*,#1658,.F.);
#1658 = EDGE_CURVE('',#1659,#1645,#1661,.T.);
#1659 = VERTEX_POINT('',#1660);
#1660 = CARTESIAN_POINT('',(2.56249653041E+03,-747.892483791,
    652.056146316));
#1661 = LINE('',#1662,#1663);
#1662 = CARTESIAN_POINT('',(2.56249653041E+03,-745.874372415,
    652.056146317));
#1663 = VECTOR('',#1664,1.);
#1664 = DIRECTION('',(0.,1.,0.));
#1665 = ORIENTED_EDGE('',*,*,#1666,.T.);
#1666 = EDGE_CURVE('',#1659,#1667,#1669,.T.);
#1667 = VERTEX_POINT('',#1668);
#1668 = CARTESIAN_POINT('',(2.56249653041E+03,-749.68913511,
    651.627328015));
#1669 = B_SPLINE_CURVE_WITH_KNOTS('',5,(#1670,#1671,#1672,#1673,#1674,
    #1675),.UNSPECIFIED.,.F.,.F.,(6,6),(0.,2.64788265337),
  .PIECEWISE_BEZIER_KNOTS.);
#1670 = CARTESIAN_POINT('',(2.56249653041E+03,-747.892483791,
    652.056146317));
#1671 = CARTESIAN_POINT('',(2.56249653041E+03,-748.265212005,
    652.056146317));
#1672 = CARTESIAN_POINT('',(2.56249653041E+03,-748.637866846,
    652.011721875));
#1673 = CARTESIAN_POINT('',(2.56249653041E+03,-749.003857009,
    651.924374711));
#1674 = CARTESIAN_POINT('',(2.56249653041E+03,-749.356464461,
    651.795700627));
#1675 = CARTESIAN_POINT('',(2.56249653041E+03,-749.689135109,
    651.627328015));
#1676 = ORIENTED_EDGE('',*,*,#1677,.F.);
#1677 = EDGE_CURVE('',#1678,#1667,#1680,.T.);
#1678 = VERTEX_POINT('',#1679);
#1679 = CARTESIAN_POINT('',(2.56249653041E+03,-749.68913511,
    649.032535409));
#1680 = LINE('',#1681,#1682);
#1681 = CARTESIAN_POINT('',(2.56249653041E+03,-749.689135109,
    650.329931711));
#1682 = VECTOR('',#1683,1.);
#1683 = DIRECTION('',(0.,0.,1.));
#1684 = ORIENTED_EDGE('',*,*,#1685,.F.);
#1685 = EDGE_CURVE('',#1686,#1678,#1688,.T.);
#1686 = VERTEX_POINT('',#1687);
#1687 = CARTESIAN_POINT('',(2.56249653041E+03,-752.070181734,
    649.032535409));
#1688 = LINE('',#1689,#1690);
#1689 = CARTESIAN_POINT('',(2.56249653041E+03,-750.879658422,
    649.032535408));
#1690 = VECTOR('',#1691,1.);
#1691 = DIRECTION('',(0.,1.,0.));
#1692 = ORIENTED_EDGE('',*,*,#1693,.F.);
#1693 = EDGE_CURVE('',#1694,#1686,#1696,.T.);
#1694 = VERTEX_POINT('',#1695);
#1695 = CARTESIAN_POINT('',(2.56249653041E+03,-752.482661712,
    648.411906047));
#1696 = B_SPLINE_CURVE_WITH_KNOTS('',5,(#1697,#1698,#1699,#1700,#1701,
    #1702),.UNSPECIFIED.,.F.,.F.,(6,6),(0.,1.06840254289),
  .PIECEWISE_BEZIER_KNOTS.);
#1697 = CARTESIAN_POINT('',(2.56249653041E+03,-752.482661712,
    648.411906047));
#1698 = CARTESIAN_POINT('',(2.56249653041E+03,-752.418392404,
    648.511922853));
#1699 = CARTESIAN_POINT('',(2.56249653041E+03,-752.344150553,
    648.625305264));
#1700 = CARTESIAN_POINT('',(2.56249653041E+03,-752.263552942,
    648.74667839));
#1701 = CARTESIAN_POINT('',(2.56249653041E+03,-752.170185903,
    648.885341628));
#1702 = CARTESIAN_POINT('',(2.56249653041E+03,-752.070181734,
    649.032535408));
#1703 = ORIENTED_EDGE('',*,*,#1704,.T.);
#1704 = EDGE_CURVE('',#1694,#1705,#1707,.T.);
#1705 = VERTEX_POINT('',#1706);
#1706 = CARTESIAN_POINT('',(2.56249648343E+03,-752.57411681,
    648.247693274));
#1707 = B_SPLINE_CURVE_WITH_KNOTS('',5,(#1708,#1709,#1710,#1711,#1712,
    #1713),.UNSPECIFIED.,.F.,.F.,(6,6),(0.,0.266005127997),
  .PIECEWISE_BEZIER_KNOTS.);
#1708 = CARTESIAN_POINT('',(2.56249653041E+03,-752.482661712,
    648.411906047));
#1709 = CARTESIAN_POINT('',(2.56249653041E+03,-752.502919786,
    648.380380146));
#1710 = CARTESIAN_POINT('',(2.56249653041E+03,-752.522230593,
    648.348167802));
#1711 = CARTESIAN_POINT('',(2.56249653041E+03,-752.540601418,
    648.315258716));
#1712 = CARTESIAN_POINT('',(2.56249653041E+03,-752.55795335,
    648.281799437));
#1713 = CARTESIAN_POINT('',(2.56249653041E+03,-752.574296604,
    648.247779269));
#1714 = ORIENTED_EDGE('',*,*,#1715,.T.);
#1715 = EDGE_CURVE('',#1705,#1716,#1718,.T.);
#1716 = VERTEX_POINT('',#1717);
#1717 = CARTESIAN_POINT('',(2.56249643383E+03,-752.70791865,
    647.832438835));
#1718 = B_SPLINE_CURVE_WITH_KNOTS('',5,(#1719,#1720,#1721,#1722,#1723,
    #1724),.UNSPECIFIED.,.F.,.F.,(6,6),(0.,0.618905375141),
  .PIECEWISE_BEZIER_KNOTS.);
#1719 = CARTESIAN_POINT('',(2.56249653041E+03,-752.574296604,
    648.247779269));
#1720 = CARTESIAN_POINT('',(2.56249653041E+03,-752.611628808,
    648.170068439));
#1721 = CARTESIAN_POINT('',(2.56249653041E+03,-752.643676189,
    648.089386461));
#1722 = CARTESIAN_POINT('',(2.56249653041E+03,-752.67058397,
    648.005469202));
#1723 = CARTESIAN_POINT('',(2.56249653041E+03,-752.692044708,
    647.919936824));
#1724 = CARTESIAN_POINT('',(2.56249653041E+03,-752.708432158,
    647.832535409));
#1725 = ORIENTED_EDGE('',*,*,#1726,.T.);
#1726 = EDGE_CURVE('',#1716,#1727,#1729,.T.);
#1727 = VERTEX_POINT('',#1728);
#1728 = CARTESIAN_POINT('',(2.56249653041E+03,-741.348388672,
    647.832535409));
#1729 = LINE('',#1730,#1731);
#1730 = CARTESIAN_POINT('',(2.56249653041E+03,-747.028410414,
    647.832535409));
#1731 = VECTOR('',#1732,1.);
#1732 = DIRECTION('',(0.,1.,0.));
#1733 = ORIENTED_EDGE('',*,*,#1734,.T.);
#1734 = EDGE_CURVE('',#1727,#1735,#1737,.T.);
#1735 = VERTEX_POINT('',#1736);
#1736 = CARTESIAN_POINT('',(2.56249653041E+03,-741.348388672,
    649.032535408));
#1737 = LINE('',#1738,#1739);
#1738 = CARTESIAN_POINT('',(2.56249653041E+03,-741.348388671,
    648.432535409));
#1739 = VECTOR('',#1740,1.);
#1740 = DIRECTION('',(0.,0.,1.));
#1741 = ORIENTED_EDGE('',*,*,#1742,.F.);
#1742 = EDGE_CURVE('',#1743,#1735,#1745,.T.);
#1743 = VERTEX_POINT('',#1744);
#1744 = CARTESIAN_POINT('',(2.56249653041E+03,-741.402893066,
    649.032535408));
#1745 = LINE('',#1746,#1747);
#1746 = CARTESIAN_POINT('',(2.56249653041E+03,-741.375640868,
    649.032535408));
#1747 = VECTOR('',#1748,1.);
#1748 = DIRECTION('',(0.,1.,0.));
#1749 = ORIENTED_EDGE('',*,*,#1750,.F.);
#1750 = EDGE_CURVE('',#1179,#1743,#1751,.T.);
#1751 = LINE('',#1752,#1753);
#1752 = CARTESIAN_POINT('',(2.56249653041E+03,-741.402893066,
    650.210882324));
#1753 = VECTOR('',#1754,1.);
#1754 = DIRECTION('',(0.,0.,-1.));
#1755 = PLANE('',#1756);
#1756 = AXIS2_PLACEMENT_3D('',#1757,#1758,#1759);
#1757 = CARTESIAN_POINT('',(2.56249653041E+03,-736.0585373,647.332535409
    ));
#1758 = DIRECTION('',(1.,0.,0.));
#1759 = DIRECTION('',(-0.,1.,0.));
#1760 = ADVANCED_FACE('',(#1761),#1780,.F.);
#1761 = FACE_BOUND('',#1762,.T.);
#1762 = EDGE_LOOP('',(#1763,#1764,#1772,#1778,#1779));
#1763 = ORIENTED_EDGE('',*,*,#1750,.T.);
#1764 = ORIENTED_EDGE('',*,*,#1765,.T.);
#1765 = EDGE_CURVE('',#1743,#1766,#1768,.T.);
#1766 = VERTEX_POINT('',#1767);
#1767 = CARTESIAN_POINT('',(2.56399653041E+03,-741.402893066,
    649.032535408));
#1768 = LINE('',#1769,#1770);
#1769 = CARTESIAN_POINT('',(2.56324653041E+03,-741.402893066,
    649.032535408));
#1770 = VECTOR('',#1771,1.);
#1771 = DIRECTION('',(1.,0.,0.));
#1772 = ORIENTED_EDGE('',*,*,#1773,.F.);
#1773 = EDGE_CURVE('',#1380,#1766,#1774,.T.);
#1774 = LINE('',#1775,#1776);
#1775 = CARTESIAN_POINT('',(2.56399653041E+03,-741.402893066,
    649.964862878));
#1776 = VECTOR('',#1777,1.);
#1777 = DIRECTION('',(0.,0.,-1.));
#1778 = ORIENTED_EDGE('',*,*,#1388,.F.);
#1779 = ORIENTED_EDGE('',*,*,#1178,.F.);
#1780 = PLANE('',#1781);
#1781 = AXIS2_PLACEMENT_3D('',#1782,#1783,#1784);
#1782 = CARTESIAN_POINT('',(2.55999653041E+03,-741.402893066,
    647.332535409));
#1783 = DIRECTION('',(-0.,1.,0.));
#1784 = DIRECTION('',(1.,0.,0.));
#1785 = ADVANCED_FACE('',(#1786),#1812,.F.);
#1786 = FACE_BOUND('',#1787,.T.);
#1787 = EDGE_LOOP('',(#1788,#1789,#1790,#1798,#1806));
#1788 = ORIENTED_EDGE('',*,*,#1326,.F.);
#1789 = ORIENTED_EDGE('',*,*,#1398,.F.);
#1790 = ORIENTED_EDGE('',*,*,#1791,.F.);
#1791 = EDGE_CURVE('',#1792,#1399,#1794,.T.);
#1792 = VERTEX_POINT('',#1793);
#1793 = CARTESIAN_POINT('',(2.56149653041E+03,-741.402893066,
    645.63253541));
#1794 = LINE('',#1795,#1796);
#1795 = CARTESIAN_POINT('',(2.56149653041E+03,-741.402893066,
    644.454188495));
#1796 = VECTOR('',#1797,1.);
#1797 = DIRECTION('',(0.,0.,-1.));
#1798 = ORIENTED_EDGE('',*,*,#1799,.F.);
#1799 = EDGE_CURVE('',#1800,#1792,#1802,.T.);
#1800 = VERTEX_POINT('',#1801);
#1801 = CARTESIAN_POINT('',(2.55999653041E+03,-741.402893066,
    645.63253541));
#1802 = LINE('',#1803,#1804);
#1803 = CARTESIAN_POINT('',(2.56074653041E+03,-741.402893066,
    645.63253541));
#1804 = VECTOR('',#1805,1.);
#1805 = DIRECTION('',(1.,0.,0.));
#1806 = ORIENTED_EDGE('',*,*,#1807,.T.);
#1807 = EDGE_CURVE('',#1800,#1318,#1808,.T.);
#1808 = LINE('',#1809,#1810);
#1809 = CARTESIAN_POINT('',(2.55999653041E+03,-741.402893066,
    644.70020794));
#1810 = VECTOR('',#1811,1.);
#1811 = DIRECTION('',(0.,0.,-1.));
#1812 = PLANE('',#1813);
#1813 = AXIS2_PLACEMENT_3D('',#1814,#1815,#1816);
#1814 = CARTESIAN_POINT('',(2.55999653041E+03,-741.402893066,
    647.332535409));
#1815 = DIRECTION('',(-0.,1.,0.));
#1816 = DIRECTION('',(1.,0.,0.));
#1817 = ADVANCED_FACE('',(#1818),#1913,.T.);
#1818 = FACE_BOUND('',#1819,.T.);
#1819 = EDGE_LOOP('',(#1820,#1828,#1836,#1847,#1855,#1869,#1880,#1891,
    #1905,#1911,#1912));
#1820 = ORIENTED_EDGE('',*,*,#1821,.T.);
#1821 = EDGE_CURVE('',#1800,#1822,#1824,.T.);
#1822 = VERTEX_POINT('',#1823);
#1823 = CARTESIAN_POINT('',(2.55999653041E+03,-749.706555052,
    645.632535408));
#1824 = LINE('',#1825,#1826);
#1825 = CARTESIAN_POINT('',(2.55999653041E+03,-745.554724059,
    645.63253541));
#1826 = VECTOR('',#1827,1.);
#1827 = DIRECTION('',(0.,-1.,0.));
#1828 = ORIENTED_EDGE('',*,*,#1829,.F.);
#1829 = EDGE_CURVE('',#1830,#1822,#1832,.T.);
#1830 = VERTEX_POINT('',#1831);
#1831 = CARTESIAN_POINT('',(2.55999653288E+03,-749.706552341,
    643.509043206));
#1832 = LINE('',#1833,#1834);
#1833 = CARTESIAN_POINT('',(2.55999653041E+03,-749.706555051,
    644.570786947));
#1834 = VECTOR('',#1835,1.);
#1835 = DIRECTION('',(0.,0.,1.));
#1836 = ORIENTED_EDGE('',*,*,#1837,.F.);
#1837 = EDGE_CURVE('',#1838,#1830,#1840,.T.);
#1838 = VERTEX_POINT('',#1839);
#1839 = CARTESIAN_POINT('',(2.55999653041E+03,-747.892483791,
    643.024113423));
#1840 = B_SPLINE_CURVE_WITH_KNOTS('',5,(#1841,#1842,#1843,#1844,#1845,
    #1846),.UNSPECIFIED.,.F.,.F.,(6,6),(0.,2.70060490469),
  .PIECEWISE_BEZIER_KNOTS.);
#1841 = CARTESIAN_POINT('',(2.55999653041E+03,-747.892483791,
    643.024113425));
#1842 = CARTESIAN_POINT('',(2.55999653041E+03,-748.271449279,
    643.024113425));
#1843 = CARTESIAN_POINT('',(2.55999653041E+03,-748.650318916,
    643.07435918));
#1844 = CARTESIAN_POINT('',(2.55999653041E+03,-749.021155727,
    643.173346542));
#1845 = CARTESIAN_POINT('',(2.55999653041E+03,-749.375746994,
    643.319065792));
#1846 = CARTESIAN_POINT('',(2.55999653041E+03,-749.706555051,
    643.509038484));
#1847 = ORIENTED_EDGE('',*,*,#1848,.T.);
#1848 = EDGE_CURVE('',#1838,#1849,#1851,.T.);
#1849 = VERTEX_POINT('',#1850);
#1850 = CARTESIAN_POINT('',(2.55999653041E+03,-743.85626104,
    643.024113424));
#1851 = LINE('',#1852,#1853);
#1852 = CARTESIAN_POINT('',(2.55999653041E+03,-745.874372416,
    643.024113425));
#1853 = VECTOR('',#1854,1.);
#1854 = DIRECTION('',(0.,1.,0.));
#1855 = ORIENTED_EDGE('',*,*,#1856,.T.);
#1856 = EDGE_CURVE('',#1849,#1857,#1859,.T.);
#1857 = VERTEX_POINT('',#1858);
#1858 = CARTESIAN_POINT('',(2.55999653041E+03,-743.514290475,
    643.173678685));
#1859 = B_SPLINE_CURVE_WITH_KNOTS('',5,(#1860,#1861,#1862,#1863,#1864,
    #1865,#1866,#1867,#1868),.UNSPECIFIED.,.F.,.F.,(6,3,6),(0.,
    0.32936576267,0.549016215771),.UNSPECIFIED.);
#1860 = CARTESIAN_POINT('',(2.55999653041E+03,-743.856261041,
    643.024113425));
#1861 = CARTESIAN_POINT('',(2.55999653041E+03,-743.810327979,
    643.024113425));
#1862 = CARTESIAN_POINT('',(2.55999653041E+03,-743.764516389,
    643.030280792));
#1863 = CARTESIAN_POINT('',(2.55999653041E+03,-743.7197155,643.042204526
    ));
#1864 = CARTESIAN_POINT('',(2.55999653041E+03,-743.648078705,
    643.070708016));
#1865 = CARTESIAN_POINT('',(2.55999653041E+03,-743.583379657,
    643.112317861));
#1866 = CARTESIAN_POINT('',(2.55999653041E+03,-743.558581144,
    643.131110796));
#1867 = CARTESIAN_POINT('',(2.55999653041E+03,-743.535559601,
    643.151552993));
#1868 = CARTESIAN_POINT('',(2.55999653041E+03,-743.514290476,
    643.173678686));
#1869 = ORIENTED_EDGE('',*,*,#1870,.F.);
#1870 = EDGE_CURVE('',#1871,#1857,#1873,.T.);
#1871 = VERTEX_POINT('',#1872);
#1872 = CARTESIAN_POINT('',(2.55999653041E+03,-743.041640537,
    643.671559966));
#1873 = B_SPLINE_CURVE_WITH_KNOTS('',5,(#1874,#1875,#1876,#1877,#1878,
    #1879),.UNSPECIFIED.,.F.,.F.,(6,6),(0.,0.970866261821),
  .PIECEWISE_BEZIER_KNOTS.);
#1874 = CARTESIAN_POINT('',(2.55999653041E+03,-743.041640536,
    643.671559966));
#1875 = CARTESIAN_POINT('',(2.55999653041E+03,-743.130480623,
    643.576654273));
#1876 = CARTESIAN_POINT('',(2.55999653041E+03,-743.222196843,
    643.479376104));
#1877 = CARTESIAN_POINT('',(2.55999653041E+03,-743.317007718,
    643.379511865));
#1878 = CARTESIAN_POINT('',(2.55999653041E+03,-743.414357483,
    643.277636261));
#1879 = CARTESIAN_POINT('',(2.55999653041E+03,-743.514290476,
    643.173678686));
#1880 = ORIENTED_EDGE('',*,*,#1881,.F.);
#1881 = EDGE_CURVE('',#1882,#1871,#1884,.T.);
#1882 = VERTEX_POINT('',#1883);
#1883 = CARTESIAN_POINT('',(2.55999653041E+03,-743.002784124,
    643.713124032));
#1884 = B_SPLINE_CURVE_WITH_KNOTS('',5,(#1885,#1886,#1887,#1888,#1889,
    #1890),.UNSPECIFIED.,.F.,.F.,(6,6),(0.,8.04660540851E-02),
  .PIECEWISE_BEZIER_KNOTS.);
#1885 = CARTESIAN_POINT('',(2.55999653041E+03,-743.002784123,
    643.713124032));
#1886 = CARTESIAN_POINT('',(2.55999653041E+03,-743.010514312,
    643.704844168));
#1887 = CARTESIAN_POINT('',(2.55999653041E+03,-743.018265093,
    643.696547784));
#1888 = CARTESIAN_POINT('',(2.55999653041E+03,-743.026036547,
    643.688234791));
#1889 = CARTESIAN_POINT('',(2.55999653041E+03,-743.033828339,
    643.679905546));
#1890 = CARTESIAN_POINT('',(2.55999653041E+03,-743.041640536,
    643.671559966));
#1891 = ORIENTED_EDGE('',*,*,#1892,.T.);
#1892 = EDGE_CURVE('',#1882,#1893,#1895,.T.);
#1893 = VERTEX_POINT('',#1894);
#1894 = CARTESIAN_POINT('',(2.55999653041E+03,-742.660813558,
    643.868433794));
#1895 = B_SPLINE_CURVE_WITH_KNOTS('',5,(#1896,#1897,#1898,#1899,#1900,
    #1901,#1902,#1903,#1904),.UNSPECIFIED.,.F.,.F.,(6,3,6),(0.,
    0.328254809052,0.546826401713),.UNSPECIFIED.);
#1896 = CARTESIAN_POINT('',(2.55999653041E+03,-743.002784123,
    643.713124034));
#1897 = CARTESIAN_POINT('',(2.55999653041E+03,-742.971202821,
    643.74695101));
#1898 = CARTESIAN_POINT('',(2.55999653041E+03,-742.936001903,
    643.777410083));
#1899 = CARTESIAN_POINT('',(2.55999653041E+03,-742.897412526,
    643.803831358));
#1900 = CARTESIAN_POINT('',(2.55999653041E+03,-742.828303883,
    643.839643667));
#1901 = CARTESIAN_POINT('',(2.55999653041E+03,-742.75351945,
    643.860086401));
#1902 = CARTESIAN_POINT('',(2.55999653041E+03,-742.722580164,
    643.86567686));
#1903 = CARTESIAN_POINT('',(2.55999653041E+03,-742.691698816,
    643.868431248));
#1904 = CARTESIAN_POINT('',(2.55999653041E+03,-742.660811957,
    643.868431993));
#1905 = ORIENTED_EDGE('',*,*,#1906,.T.);
#1906 = EDGE_CURVE('',#1893,#1309,#1907,.T.);
#1907 = LINE('',#1908,#1909);
#1908 = CARTESIAN_POINT('',(2.55999653041E+03,-742.14755772,
    643.868433795));
#1909 = VECTOR('',#1910,1.);
#1910 = DIRECTION('',(0.,1.,0.));
#1911 = ORIENTED_EDGE('',*,*,#1317,.T.);
#1912 = ORIENTED_EDGE('',*,*,#1807,.F.);
#1913 = PLANE('',#1914);
#1914 = AXIS2_PLACEMENT_3D('',#1915,#1916,#1917);
#1915 = CARTESIAN_POINT('',(2.55999653041E+03,-742.902893066,
    647.332535409));
#1916 = DIRECTION('',(1.,0.,0.));
#1917 = DIRECTION('',(0.,-1.,0.));
#1918 = ADVANCED_FACE('',(#1919),#1938,.T.);
#1919 = FACE_BOUND('',#1920,.T.);
#1920 = EDGE_LOOP('',(#1921,#1930,#1936,#1937));
#1921 = ORIENTED_EDGE('',*,*,#1922,.T.);
#1922 = EDGE_CURVE('',#1893,#1923,#1925,.T.);
#1923 = VERTEX_POINT('',#1924);
#1924 = CARTESIAN_POINT('',(2.55837575701E+03,-742.660813558,
    645.63253541));
#1925 = CIRCLE('',#1926,4.);
#1926 = AXIS2_PLACEMENT_3D('',#1927,#1928,#1929);
#1927 = CARTESIAN_POINT('',(2.56199653041E+03,-742.660813558,
    647.332535409));
#1928 = DIRECTION('',(-0.,1.,0.));
#1929 = DIRECTION('',(0.,0.,1.));
#1930 = ORIENTED_EDGE('',*,*,#1931,.T.);
#1931 = EDGE_CURVE('',#1923,#1299,#1932,.T.);
#1932 = LINE('',#1933,#1934);
#1933 = CARTESIAN_POINT('',(2.55837575701E+03,-746.558537301,
    645.63253541));
#1934 = VECTOR('',#1935,1.);
#1935 = DIRECTION('',(0.,1.,0.));
#1936 = ORIENTED_EDGE('',*,*,#1308,.F.);
#1937 = ORIENTED_EDGE('',*,*,#1906,.F.);
#1938 = CYLINDRICAL_SURFACE('',#1939,4.);
#1939 = AXIS2_PLACEMENT_3D('',#1940,#1941,#1942);
#1940 = CARTESIAN_POINT('',(2.56199653041E+03,-746.5585373,647.332535409
    ));
#1941 = DIRECTION('',(-0.,1.,0.));
#1942 = DIRECTION('',(-0.479425538604,0.,-0.87758256189));
#1943 = ADVANCED_FACE('',(#1944),#2085,.T.);
#1944 = FACE_BOUND('',#1945,.T.);
#1945 = EDGE_LOOP('',(#1946,#1947,#1948,#1962,#1973,#1987,#1995,#2012,
    #2026,#2037,#2045,#2069,#2070,#2071,#2079));
#1946 = ORIENTED_EDGE('',*,*,#1298,.T.);
#1947 = ORIENTED_EDGE('',*,*,#1931,.F.);
#1948 = ORIENTED_EDGE('',*,*,#1949,.T.);
#1949 = EDGE_CURVE('',#1923,#1950,#1952,.T.);
#1950 = VERTEX_POINT('',#1951);
#1951 = CARTESIAN_POINT('',(2.55822689664E+03,-743.002784126,
    645.63253541));
#1952 = B_SPLINE_CURVE_WITH_KNOTS('',5,(#1953,#1954,#1955,#1956,#1957,
    #1958,#1959,#1960,#1961),.UNSPECIFIED.,.F.,.F.,(6,3,6),(0.,
    0.329142596527,0.548303568448),.UNSPECIFIED.);
#1953 = CARTESIAN_POINT('',(2.55837575691E+03,-742.66081356,
    645.632535409));
#1954 = CARTESIAN_POINT('',(2.55837575715E+03,-742.706798158,
    645.632535409));
#1955 = CARTESIAN_POINT('',(2.55836956747E+03,-742.752631521,
    645.632535409));
#1956 = CARTESIAN_POINT('',(2.55835761704E+03,-742.797430694,
    645.632535409));
#1957 = CARTESIAN_POINT('',(2.55832914081E+03,-742.869002737,
    645.632535409));
#1958 = CARTESIAN_POINT('',(2.55828772795E+03,-742.933678867,
    645.632535409));
#1959 = CARTESIAN_POINT('',(2.55826907392E+03,-742.958452463,
    645.632535409));
#1960 = CARTESIAN_POINT('',(2.55824880573E+03,-742.981480547,
    645.632535409));
#1961 = CARTESIAN_POINT('',(2.55822689664E+03,-743.002784123,
    645.632535409));
#1962 = ORIENTED_EDGE('',*,*,#1963,.T.);
#1963 = EDGE_CURVE('',#1950,#1964,#1966,.T.);
#1964 = VERTEX_POINT('',#1965);
#1965 = CARTESIAN_POINT('',(2.55770629857E+03,-743.514290475,
    645.632535409));
#1966 = B_SPLINE_CURVE_WITH_KNOTS('',5,(#1967,#1968,#1969,#1970,#1971,
    #1972),.UNSPECIFIED.,.F.,.F.,(6,6),(0.,1.03214861647),
  .PIECEWISE_BEZIER_KNOTS.);
#1967 = CARTESIAN_POINT('',(2.55822689664E+03,-743.002784123,
    645.632535409));
#1968 = CARTESIAN_POINT('',(2.55812812784E+03,-743.098823175,
    645.632535409));
#1969 = CARTESIAN_POINT('',(2.55802662946E+03,-743.198042673,
    645.632535409));
#1970 = CARTESIAN_POINT('',(2.55792216438E+03,-743.300689665,
    645.632535409));
#1971 = CARTESIAN_POINT('',(2.55781541112E+03,-743.406088732,
    645.632535409));
#1972 = CARTESIAN_POINT('',(2.55770629857E+03,-743.514290474,
    645.632535409));
#1973 = ORIENTED_EDGE('',*,*,#1974,.F.);
#1974 = EDGE_CURVE('',#1975,#1964,#1977,.T.);
#1975 = VERTEX_POINT('',#1976);
#1976 = CARTESIAN_POINT('',(2.5575611612E+03,-743.85626104,645.63253541)
  );
#1977 = B_SPLINE_CURVE_WITH_KNOTS('',5,(#1978,#1979,#1980,#1981,#1982,
    #1983,#1984,#1985,#1986),.UNSPECIFIED.,.F.,.F.,(6,3,6),(0.,
    0.327409851381,0.545605558927),.UNSPECIFIED.);
#1978 = CARTESIAN_POINT('',(2.5575611612E+03,-743.856261041,
    645.632535409));
#1979 = CARTESIAN_POINT('',(2.5575611612E+03,-743.810567483,
    645.632535409));
#1980 = CARTESIAN_POINT('',(2.55756706566E+03,-743.764966641,
    645.632535409));
#1981 = CARTESIAN_POINT('',(2.55757851016E+03,-743.72030287,
    645.632535409));
#1982 = CARTESIAN_POINT('',(2.55760599796E+03,-743.648744761,
    645.632535409));
#1983 = CARTESIAN_POINT('',(2.55764640923E+03,-743.583850175,
    645.632535409));
#1984 = CARTESIAN_POINT('',(2.55766469745E+03,-743.558940172,
    645.632535409));
#1985 = CARTESIAN_POINT('',(2.55768464714E+03,-743.53576117,
    645.632535409));
#1986 = CARTESIAN_POINT('',(2.55770629857E+03,-743.514290476,
    645.632535409));
#1987 = ORIENTED_EDGE('',*,*,#1988,.F.);
#1988 = EDGE_CURVE('',#1989,#1975,#1991,.T.);
#1989 = VERTEX_POINT('',#1990);
#1990 = CARTESIAN_POINT('',(2.5575611612E+03,-747.892483791,645.63253541
    ));
#1991 = LINE('',#1992,#1993);
#1992 = CARTESIAN_POINT('',(2.5575611612E+03,-745.874372416,
    645.632535409));
#1993 = VECTOR('',#1994,1.);
#1994 = DIRECTION('',(0.,1.,0.));
#1995 = ORIENTED_EDGE('',*,*,#1996,.T.);
#1996 = EDGE_CURVE('',#1989,#1997,#1999,.T.);
#1997 = VERTEX_POINT('',#1998);
#1998 = CARTESIAN_POINT('',(2.55945011196E+03,-751.156815557,
    645.632535409));
#1999 = B_SPLINE_CURVE_WITH_KNOTS('',5,(#2000,#2001,#2002,#2003,#2004,
    #2005,#2006,#2007,#2008,#2009,#2010,#2011),.UNSPECIFIED.,.F.,.F.,(6,
    3,3,6),(0.,2.74086237402,5.48898479314,5.66859240027),
  .UNSPECIFIED.);
#2000 = CARTESIAN_POINT('',(2.5575611612E+03,-747.892483791,
    645.632535409));
#2001 = CARTESIAN_POINT('',(2.5575611612E+03,-748.271185078,
    645.632535409));
#2002 = CARTESIAN_POINT('',(2.55760972018E+03,-748.650084661,
    645.632535409));
#2003 = CARTESIAN_POINT('',(2.55770581506E+03,-749.020963182,
    645.632535409));
#2004 = CARTESIAN_POINT('',(2.55798978347E+03,-749.732112344,
    645.632535409));
#2005 = CARTESIAN_POINT('',(2.55844391036E+03,-750.353355046,
    645.632535409));
#2006 = CARTESIAN_POINT('',(2.55871059558E+03,-750.635047438,
    645.632535409));
#2007 = CARTESIAN_POINT('',(2.5590314036E+03,-750.897998409,
    645.632535409));
#2008 = CARTESIAN_POINT('',(2.55938442787E+03,-751.117423224,
    645.632535409));
#2009 = CARTESIAN_POINT('',(2.5594062068E+03,-751.130720947,
    645.632535409));
#2010 = CARTESIAN_POINT('',(2.55942810128E+03,-751.143851539,
    645.632535409));
#2011 = CARTESIAN_POINT('',(2.55945011196E+03,-751.156815557,
    645.632535409));
#2012 = ORIENTED_EDGE('',*,*,#2013,.F.);
#2013 = EDGE_CURVE('',#2014,#1997,#2016,.T.);
#2014 = VERTEX_POINT('',#2015);
#2015 = CARTESIAN_POINT('',(2.56106781618E+03,-751.953236077,
    645.63253541));
#2016 = B_SPLINE_CURVE_WITH_KNOTS('',5,(#2017,#2018,#2019,#2020,#2021,
    #2022,#2023,#2024,#2025),.UNSPECIFIED.,.F.,.F.,(6,3,6),(0.,
    1.92252859372,2.56895599768),.UNSPECIFIED.);
#2017 = CARTESIAN_POINT('',(2.56106781617E+03,-751.953236077,
    645.632535409));
#2018 = CARTESIAN_POINT('',(2.56087534456E+03,-751.887888063,
    645.632535409));
#2019 = CARTESIAN_POINT('',(2.56066890947E+03,-751.805334487,
    645.632535409));
#2020 = CARTESIAN_POINT('',(2.56043192098E+03,-751.695902521,
    645.632535409));
#2021 = CARTESIAN_POINT('',(2.56009820668E+03,-751.525504993,
    645.632535409));
#2022 = CARTESIAN_POINT('',(2.55973453591E+03,-751.321825311,
    645.632535409));
#2023 = CARTESIAN_POINT('',(2.5596409546E+03,-751.268408836,
    645.632535409));
#2024 = CARTESIAN_POINT('',(2.55954619023E+03,-751.213404462,
    645.632535409));
#2025 = CARTESIAN_POINT('',(2.55945011196E+03,-751.156815557,
    645.632535409));
#2026 = ORIENTED_EDGE('',*,*,#2027,.F.);
#2027 = EDGE_CURVE('',#2028,#2014,#2030,.T.);
#2028 = VERTEX_POINT('',#2029);
#2029 = CARTESIAN_POINT('',(2.56149653041E+03,-752.070181734,
    645.632535409));
#2030 = B_SPLINE_CURVE_WITH_KNOTS('',5,(#2031,#2032,#2033,#2034,#2035,
    #2036),.UNSPECIFIED.,.F.,.F.,(6,6),(0.,0.628893170202),
  .PIECEWISE_BEZIER_KNOTS.);
#2031 = CARTESIAN_POINT('',(2.56149653041E+03,-752.070181735,
    645.632535409));
#2032 = CARTESIAN_POINT('',(2.56141373635E+03,-752.053637416,
    645.632535409));
#2033 = CARTESIAN_POINT('',(2.56132978873E+03,-752.033804815,
    645.632535409));
#2034 = CARTESIAN_POINT('',(2.56124390465E+03,-752.010310133,
    645.632535409));
#2035 = CARTESIAN_POINT('',(2.56115668031E+03,-751.983407252,
    645.632535409));
#2036 = CARTESIAN_POINT('',(2.56106781617E+03,-751.953236077,
    645.632535409));
#2037 = ORIENTED_EDGE('',*,*,#2038,.T.);
#2038 = EDGE_CURVE('',#2028,#2039,#2041,.T.);
#2039 = VERTEX_POINT('',#2040);
#2040 = CARTESIAN_POINT('',(2.56149653041E+03,-749.706555052,
    645.632535408));
#2041 = LINE('',#2042,#2043);
#2042 = CARTESIAN_POINT('',(2.56149653041E+03,-750.888368393,
    645.632535409));
#2043 = VECTOR('',#2044,1.);
#2044 = DIRECTION('',(0.,1.,0.));
#2045 = ORIENTED_EDGE('',*,*,#2046,.F.);
#2046 = EDGE_CURVE('',#1822,#2039,#2047,.T.);
#2047 = B_SPLINE_CURVE_WITH_KNOTS('',5,(#2048,#2049,#2050,#2051,#2052,
    #2053,#2054,#2055,#2056,#2057,#2058,#2059,#2060,#2061,#2062,#2063,
    #2064,#2065,#2066,#2067,#2068),.UNSPECIFIED.,.F.,.F.,(6,3,3,3,3,3,6)
  ,(0.,0.599989093058,1.19997819622,1.79996729113,2.3999563901,
    2.99994548576,3.33143054667),.UNSPECIFIED.);
#2048 = CARTESIAN_POINT('',(2.55999653041E+03,-749.706555052,
    645.632535409));
#2049 = CARTESIAN_POINT('',(2.55999653041E+03,-749.791406323,
    645.632535409));
#2050 = CARTESIAN_POINT('',(2.56000852997E+03,-749.876257028,
    645.632535409));
#2051 = CARTESIAN_POINT('',(2.56003253469E+03,-749.958852296,
    645.632535409));
#2052 = CARTESIAN_POINT('',(2.56010323436E+03,-750.114983175,
    645.632535409));
#2053 = CARTESIAN_POINT('',(2.56021445398E+03,-750.245385339,
    645.632535409));
#2054 = CARTESIAN_POINT('',(2.56027898989E+03,-750.302247632,
    645.632535409));
#2055 = CARTESIAN_POINT('',(2.56042236138E+03,-750.396162021,
    645.632535409));
#2056 = CARTESIAN_POINT('',(2.56058615021E+03,-750.446637208,
    645.632535409));
#2057 = CARTESIAN_POINT('',(2.56067111069E+03,-750.460050676,
    645.632535409));
#2058 = CARTESIAN_POINT('',(2.56084248558E+03,-750.462488873,
    645.632535409));
#2059 = CARTESIAN_POINT('',(2.56100781405E+03,-750.417311175,
    645.632535409));
#2060 = CARTESIAN_POINT('',(2.56108672905E+03,-750.383096754,
    645.632535409));
#2061 = CARTESIAN_POINT('',(2.56123271426E+03,-750.293299121,
    645.632535409));
#2062 = CARTESIAN_POINT('',(2.56134807309E+03,-750.166543975,
    645.632535409));
#2063 = CARTESIAN_POINT('',(2.56139635608E+03,-750.095361412,
    645.632535409));
#2064 = CARTESIAN_POINT('',(2.56145466183E+03,-749.975776303,
    645.632535409));
#2065 = CARTESIAN_POINT('',(2.56148545233E+03,-749.847282603,
    645.632535409));
#2066 = CARTESIAN_POINT('',(2.56149286767E+03,-749.800313358,
    645.632535409));
#2067 = CARTESIAN_POINT('',(2.56149653041E+03,-749.753434118,
    645.632535409));
#2068 = CARTESIAN_POINT('',(2.56149653041E+03,-749.706555052,
    645.632535409));
#2069 = ORIENTED_EDGE('',*,*,#1821,.F.);
#2070 = ORIENTED_EDGE('',*,*,#1799,.T.);
#2071 = ORIENTED_EDGE('',*,*,#2072,.T.);
#2072 = EDGE_CURVE('',#1792,#2073,#2075,.T.);
#2073 = VERTEX_POINT('',#2074);
#2074 = CARTESIAN_POINT('',(2.56149653041E+03,-741.348388672,
    645.63253541));
#2075 = LINE('',#2076,#2077);
#2076 = CARTESIAN_POINT('',(2.56149653041E+03,-741.375640869,
    645.632535409));
#2077 = VECTOR('',#2078,1.);
#2078 = DIRECTION('',(0.,1.,0.));
#2079 = ORIENTED_EDGE('',*,*,#2080,.T.);
#2080 = EDGE_CURVE('',#2073,#1290,#2081,.T.);
#2081 = LINE('',#2082,#2083);
#2082 = CARTESIAN_POINT('',(2.55985467505E+03,-741.348388672,
    645.632535409));
#2083 = VECTOR('',#2084,1.);
#2084 = DIRECTION('',(-1.,0.,0.));
#2085 = PLANE('',#2086);
#2086 = AXIS2_PLACEMENT_3D('',#2087,#2088,#2089);
#2087 = CARTESIAN_POINT('',(2.56199653041E+03,-753.525085449,
    645.632535409));
#2088 = DIRECTION('',(0.,-0.,1.));
#2089 = DIRECTION('',(0.,1.,0.));
#2090 = ADVANCED_FACE('',(#2091),#2109,.T.);
#2091 = FACE_BOUND('',#2092,.T.);
#2092 = EDGE_LOOP('',(#2093,#2094,#2095,#2103));
#2093 = ORIENTED_EDGE('',*,*,#1289,.T.);
#2094 = ORIENTED_EDGE('',*,*,#2080,.F.);
#2095 = ORIENTED_EDGE('',*,*,#2096,.T.);
#2096 = EDGE_CURVE('',#2073,#2097,#2099,.T.);
#2097 = VERTEX_POINT('',#2098);
#2098 = CARTESIAN_POINT('',(2.56149653041E+03,-741.348388672,
    646.832535409));
#2099 = LINE('',#2100,#2101);
#2100 = CARTESIAN_POINT('',(2.56149653041E+03,-741.348388672,
    646.232535409));
#2101 = VECTOR('',#2102,1.);
#2102 = DIRECTION('',(0.,0.,1.));
#2103 = ORIENTED_EDGE('',*,*,#2104,.T.);
#2104 = EDGE_CURVE('',#2097,#1281,#2105,.T.);
#2105 = LINE('',#2106,#2107);
#2106 = CARTESIAN_POINT('',(2.55968761887E+03,-741.348388672,
    646.832535409));
#2107 = VECTOR('',#2108,1.);
#2108 = DIRECTION('',(-1.,0.,0.));
#2109 = PLANE('',#2110);
#2110 = AXIS2_PLACEMENT_3D('',#2111,#2112,#2113);
#2111 = CARTESIAN_POINT('',(2.56199653041E+03,-741.348388672,
    647.832535409));
#2112 = DIRECTION('',(0.,-1.,0.));
#2113 = DIRECTION('',(0.,0.,1.));
#2114 = ADVANCED_FACE('',(#2115),#2227,.T.);
#2115 = FACE_BOUND('',#2116,.T.);
#2116 = EDGE_LOOP('',(#2117,#2125,#2136,#2150,#2164,#2172,#2186,#2197,
    #2208,#2219,#2225,#2226));
#2117 = ORIENTED_EDGE('',*,*,#2118,.T.);
#2118 = EDGE_CURVE('',#2097,#2119,#2121,.T.);
#2119 = VERTEX_POINT('',#2120);
#2120 = CARTESIAN_POINT('',(2.56149662699E+03,-752.70791865,
    646.832631985));
#2121 = LINE('',#2122,#2123);
#2122 = CARTESIAN_POINT('',(2.56149653041E+03,-747.028410414,
    646.832535409));
#2123 = VECTOR('',#2124,1.);
#2124 = DIRECTION('',(0.,-1.,0.));
#2125 = ORIENTED_EDGE('',*,*,#2126,.F.);
#2126 = EDGE_CURVE('',#2127,#2119,#2129,.T.);
#2127 = VERTEX_POINT('',#2128);
#2128 = CARTESIAN_POINT('',(2.56091715977E+03,-752.482661712,
    646.832535409));
#2129 = B_SPLINE_CURVE_WITH_KNOTS('',5,(#2130,#2131,#2132,#2133,#2134,
    #2135),.UNSPECIFIED.,.F.,.F.,(6,6),(0.,0.887711700505),
  .PIECEWISE_BEZIER_KNOTS.);
#2130 = CARTESIAN_POINT('',(2.56091715977E+03,-752.482661711,
    646.832535409));
#2131 = CARTESIAN_POINT('',(2.5610208245E+03,-752.549275123,
    646.832535409));
#2132 = CARTESIAN_POINT('',(2.56113169682E+03,-752.605418252,
    646.832535409));
#2133 = CARTESIAN_POINT('',(2.56124873422E+03,-752.650607395,
    646.832535409));
#2134 = CARTESIAN_POINT('',(2.56137071721E+03,-752.684842637,
    646.832535409));
#2135 = CARTESIAN_POINT('',(2.56149653041E+03,-752.708432157,
    646.832535409));
#2136 = ORIENTED_EDGE('',*,*,#2137,.T.);
#2137 = EDGE_CURVE('',#2127,#2138,#2140,.T.);
#2138 = VERTEX_POINT('',#2139);
#2139 = CARTESIAN_POINT('',(2.55897589357E+03,-751.156815556,
    646.832535409));
#2140 = B_SPLINE_CURVE_WITH_KNOTS('',5,(#2141,#2142,#2143,#2144,#2145,
    #2146,#2147,#2148,#2149),.UNSPECIFIED.,.F.,.F.,(6,3,6),(0.,
    1.65985670524,3.43505019201),.UNSPECIFIED.);
#2141 = CARTESIAN_POINT('',(2.56091715977E+03,-752.482661711,
    646.832535409));
#2142 = CARTESIAN_POINT('',(2.56081530091E+03,-752.417208725,
    646.832535409));
#2143 = CARTESIAN_POINT('',(2.56069640972E+03,-752.339446902,
    646.832535409));
#2144 = CARTESIAN_POINT('',(2.56055771256E+03,-752.247265172,
    646.832535409));
#2145 = CARTESIAN_POINT('',(2.56021276872E+03,-752.014500905,
    646.832535409));
#2146 = CARTESIAN_POINT('',(2.55976331188E+03,-751.705100533,
    646.832535409));
#2147 = CARTESIAN_POINT('',(2.55951048398E+03,-751.529754889,
    646.832535409));
#2148 = CARTESIAN_POINT('',(2.55924666733E+03,-751.345998263,
    646.832535409));
#2149 = CARTESIAN_POINT('',(2.55897589357E+03,-751.156815555,
    646.832535409));
#2150 = ORIENTED_EDGE('',*,*,#2151,.F.);
#2151 = EDGE_CURVE('',#2152,#2138,#2154,.T.);
#2152 = VERTEX_POINT('',#2153);
#2153 = CARTESIAN_POINT('',(2.5572729195E+03,-747.892483791,
    646.832535409));
#2154 = B_SPLINE_CURVE_WITH_KNOTS('',5,(#2155,#2156,#2157,#2158,#2159,
    #2160,#2161,#2162,#2163),.UNSPECIFIED.,.F.,.F.,(6,3,6),(0.,
    2.80099032439,5.48419673405),.UNSPECIFIED.);
#2155 = CARTESIAN_POINT('',(2.5572729195E+03,-747.892483791,
    646.832535409));
#2156 = CARTESIAN_POINT('',(2.5572729195E+03,-748.283226391,
    646.832535409));
#2157 = CARTESIAN_POINT('',(2.55732106931E+03,-748.674138539,
    646.832535409));
#2158 = CARTESIAN_POINT('',(2.55741699779E+03,-749.057029445,
    646.832535409));
#2159 = CARTESIAN_POINT('',(2.55769488364E+03,-749.775932275,
    646.832535409));
#2160 = CARTESIAN_POINT('',(2.55813515598E+03,-750.408367608,
    646.832535409));
#2161 = CARTESIAN_POINT('',(2.55838625221E+03,-750.691076012,
    646.832535409));
#2162 = CARTESIAN_POINT('',(2.55866838895E+03,-750.94196993,
    646.832535409));
#2163 = CARTESIAN_POINT('',(2.55897589357E+03,-751.156815555,
    646.832535409));
#2164 = ORIENTED_EDGE('',*,*,#2165,.T.);
#2165 = EDGE_CURVE('',#2152,#2166,#2168,.T.);
#2166 = VERTEX_POINT('',#2167);
#2167 = CARTESIAN_POINT('',(2.5572729195E+03,-743.85626104,646.832535409
    ));
#2168 = LINE('',#2169,#2170);
#2169 = CARTESIAN_POINT('',(2.5572729195E+03,-745.874372415,
    646.832535409));
#2170 = VECTOR('',#2171,1.);
#2171 = DIRECTION('',(0.,1.,0.));
#2172 = ORIENTED_EDGE('',*,*,#2173,.T.);
#2173 = EDGE_CURVE('',#2166,#2174,#2176,.T.);
#2174 = VERTEX_POINT('',#2175);
#2175 = CARTESIAN_POINT('',(2.55740892872E+03,-743.514290475,
    646.832535409));
#2176 = B_SPLINE_CURVE_WITH_KNOTS('',5,(#2177,#2178,#2179,#2180,#2181,
    #2182,#2183,#2184,#2185),.UNSPECIFIED.,.F.,.F.,(6,3,6),(0.,
    0.431248670641,0.539047722486),.UNSPECIFIED.);
#2177 = CARTESIAN_POINT('',(2.5572729195E+03,-743.856261039,
    646.832535409));
#2178 = CARTESIAN_POINT('',(2.5572729195E+03,-743.795985713,
    646.832535409));
#2179 = CARTESIAN_POINT('',(2.55728246985E+03,-743.735782313,
    646.832535409));
#2180 = CARTESIAN_POINT('',(2.5573009342E+03,-743.677403308,
    646.832535409));
#2181 = CARTESIAN_POINT('',(2.55733420663E+03,-743.608862925,
    646.832535409));
#2182 = CARTESIAN_POINT('',(2.55737920559E+03,-743.548391671,
    646.832535409));
#2183 = CARTESIAN_POINT('',(2.55738868588E+03,-743.536619777,
    646.832535409));
#2184 = CARTESIAN_POINT('',(2.55739859033E+03,-743.525253177,
    646.832535409));
#2185 = CARTESIAN_POINT('',(2.55740892872E+03,-743.514290476,
    646.832535409));
#2186 = ORIENTED_EDGE('',*,*,#2187,.F.);
#2187 = EDGE_CURVE('',#2188,#2174,#2190,.T.);
#2188 = VERTEX_POINT('',#2189);
#2189 = CARTESIAN_POINT('',(2.55789163836E+03,-743.002784124,
    646.832535409));
#2190 = B_SPLINE_CURVE_WITH_KNOTS('',5,(#2191,#2192,#2193,#2194,#2195,
    #2196),.UNSPECIFIED.,.F.,.F.,(6,6),(0.,0.994632962666),
  .PIECEWISE_BEZIER_KNOTS.);
#2191 = CARTESIAN_POINT('',(2.55789163836E+03,-743.002784124,
    646.832535409));
#2192 = CARTESIAN_POINT('',(2.55779853564E+03,-743.101365076,
    646.832535409));
#2193 = CARTESIAN_POINT('',(2.5577035297E+03,-743.202002421,
    646.832535409));
#2194 = CARTESIAN_POINT('',(2.55760674126E+03,-743.304566486,
    646.832535409));
#2195 = CARTESIAN_POINT('',(2.55750852476E+03,-743.408680101,
    646.832535409));
#2196 = CARTESIAN_POINT('',(2.55740892872E+03,-743.514290474,
    646.832535409));
#2197 = ORIENTED_EDGE('',*,*,#2198,.T.);
#2198 = EDGE_CURVE('',#2188,#2199,#2201,.T.);
#2199 = VERTEX_POINT('',#2200);
#2200 = CARTESIAN_POINT('',(2.55799259359E+03,-742.844682668,
    646.832535409));
#2201 = B_SPLINE_CURVE_WITH_KNOTS('',5,(#2202,#2203,#2204,#2205,#2206,
    #2207),.UNSPECIFIED.,.F.,.F.,(6,6),(0.,0.266870272479),
  .PIECEWISE_BEZIER_KNOTS.);
#2202 = CARTESIAN_POINT('',(2.55789163836E+03,-743.002784124,
    646.832535409));
#2203 = CARTESIAN_POINT('',(2.55791747441E+03,-742.975427855,
    646.832535409));
#2204 = CARTESIAN_POINT('',(2.55794071495E+03,-742.945622099,
    646.832535409));
#2205 = CARTESIAN_POINT('',(2.55796139121E+03,-742.913261166,
    646.832535409));
#2206 = CARTESIAN_POINT('',(2.55797866221E+03,-742.879640546,
    646.832535409));
#2207 = CARTESIAN_POINT('',(2.55799259359E+03,-742.844682668,
    646.832535409));
#2208 = ORIENTED_EDGE('',*,*,#2209,.T.);
#2209 = EDGE_CURVE('',#2199,#2210,#2212,.T.);
#2210 = VERTEX_POINT('',#2211);
#2211 = CARTESIAN_POINT('',(2.55802790341E+03,-742.66081356,
    646.832535641));
#2212 = B_SPLINE_CURVE_WITH_KNOTS('',5,(#2213,#2214,#2215,#2216,#2217,
    #2218),.UNSPECIFIED.,.F.,.F.,(6,6),(0.,0.266377680609),
  .PIECEWISE_BEZIER_KNOTS.);
#2213 = CARTESIAN_POINT('',(2.55799259359E+03,-742.844682668,
    646.832535409));
#2214 = CARTESIAN_POINT('',(2.55800649765E+03,-742.809793343,
    646.832535409));
#2215 = CARTESIAN_POINT('',(2.55801706986E+03,-742.773578156,
    646.832535409));
#2216 = CARTESIAN_POINT('',(2.55802430458E+03,-742.735929566,
    646.832535409));
#2217 = CARTESIAN_POINT('',(2.55802790339E+03,-742.698373689,
    646.832535409));
#2218 = CARTESIAN_POINT('',(2.55802790341E+03,-742.660813561,
    646.832535409));
#2219 = ORIENTED_EDGE('',*,*,#2220,.T.);
#2220 = EDGE_CURVE('',#2210,#1272,#2221,.T.);
#2221 = LINE('',#2222,#2223);
#2222 = CARTESIAN_POINT('',(2.55802790344E+03,-742.147557721,
    646.832535409));
#2223 = VECTOR('',#2224,1.);
#2224 = DIRECTION('',(0.,1.,0.));
#2225 = ORIENTED_EDGE('',*,*,#1280,.T.);
#2226 = ORIENTED_EDGE('',*,*,#2104,.F.);
#2227 = PLANE('',#2228);
#2228 = AXIS2_PLACEMENT_3D('',#2229,#2230,#2231);
#2229 = CARTESIAN_POINT('',(2.56199653041E+03,-742.848388672,
    646.832535409));
#2230 = DIRECTION('',(-0.,-0.,-1.));
#2231 = DIRECTION('',(0.,-1.,0.));
#2232 = ADVANCED_FACE('',(#2233),#2252,.T.);
#2233 = FACE_BOUND('',#2234,.T.);
#2234 = EDGE_LOOP('',(#2235,#2243,#2244,#2245));
#2235 = ORIENTED_EDGE('',*,*,#2236,.T.);
#2236 = EDGE_CURVE('',#2237,#1263,#2239,.T.);
#2237 = VERTEX_POINT('',#2238);
#2238 = CARTESIAN_POINT('',(2.55802790344E+03,-742.66081356,
    647.832535409));
#2239 = LINE('',#2240,#2241);
#2240 = CARTESIAN_POINT('',(2.55802790344E+03,-746.558537301,
    647.832535409));
#2241 = VECTOR('',#2242,1.);
#2242 = DIRECTION('',(0.,1.,0.));
#2243 = ORIENTED_EDGE('',*,*,#1271,.F.);
#2244 = ORIENTED_EDGE('',*,*,#2220,.F.);
#2245 = ORIENTED_EDGE('',*,*,#2246,.T.);
#2246 = EDGE_CURVE('',#2210,#2237,#2247,.T.);
#2247 = CIRCLE('',#2248,4.);
#2248 = AXIS2_PLACEMENT_3D('',#2249,#2250,#2251);
#2249 = CARTESIAN_POINT('',(2.56199653041E+03,-742.660813558,
    647.332535409));
#2250 = DIRECTION('',(-0.,1.,0.));
#2251 = DIRECTION('',(0.,0.,1.));
#2252 = CYLINDRICAL_SURFACE('',#2253,4.);
#2253 = AXIS2_PLACEMENT_3D('',#2254,#2255,#2256);
#2254 = CARTESIAN_POINT('',(2.56199653041E+03,-746.5585373,647.332535409
    ));
#2255 = DIRECTION('',(-0.,1.,0.));
#2256 = DIRECTION('',(-0.479425538604,0.,-0.87758256189));
#2257 = ADVANCED_FACE('',(#2258),#2370,.F.);
#2258 = FACE_BOUND('',#2259,.T.);
#2259 = EDGE_LOOP('',(#2260,#2270,#2276,#2277,#2278,#2289,#2300,#2311,
    #2325,#2333,#2347,#2361));
#2260 = ORIENTED_EDGE('',*,*,#2261,.T.);
#2261 = EDGE_CURVE('',#2262,#2264,#2266,.T.);
#2262 = VERTEX_POINT('',#2263);
#2263 = CARTESIAN_POINT('',(2.56149662698E+03,-752.707918649,
    647.83243883));
#2264 = VERTEX_POINT('',#2265);
#2265 = CARTESIAN_POINT('',(2.56149653041E+03,-741.348388672,
    647.832535409));
#2266 = LINE('',#2267,#2268);
#2267 = CARTESIAN_POINT('',(2.56149653041E+03,-747.028410414,
    647.832535409));
#2268 = VECTOR('',#2269,1.);
#2269 = DIRECTION('',(0.,1.,0.));
#2270 = ORIENTED_EDGE('',*,*,#2271,.T.);
#2271 = EDGE_CURVE('',#2264,#1254,#2272,.T.);
#2272 = LINE('',#2273,#2274);
#2273 = CARTESIAN_POINT('',(2.55968761887E+03,-741.348388672,
    647.832535409));
#2274 = VECTOR('',#2275,1.);
#2275 = DIRECTION('',(-1.,0.,0.));
#2276 = ORIENTED_EDGE('',*,*,#1262,.F.);
#2277 = ORIENTED_EDGE('',*,*,#2236,.F.);
#2278 = ORIENTED_EDGE('',*,*,#2279,.F.);
#2279 = EDGE_CURVE('',#2280,#2237,#2282,.T.);
#2280 = VERTEX_POINT('',#2281);
#2281 = CARTESIAN_POINT('',(2.55799259359E+03,-742.844682668,
    647.832535409));
#2282 = B_SPLINE_CURVE_WITH_KNOTS('',5,(#2283,#2284,#2285,#2286,#2287,
    #2288),.UNSPECIFIED.,.F.,.F.,(6,6),(0.,0.266377680609),
  .PIECEWISE_BEZIER_KNOTS.);
#2283 = CARTESIAN_POINT('',(2.55799259359E+03,-742.844682668,
    647.832535409));
#2284 = CARTESIAN_POINT('',(2.55800649765E+03,-742.809793343,
    647.832535409));
#2285 = CARTESIAN_POINT('',(2.55801706986E+03,-742.773578156,
    647.832535409));
#2286 = CARTESIAN_POINT('',(2.55802430458E+03,-742.735929566,
    647.832535409));
#2287 = CARTESIAN_POINT('',(2.55802790339E+03,-742.698373689,
    647.832535409));
#2288 = CARTESIAN_POINT('',(2.55802790341E+03,-742.660813561,
    647.832535409));
#2289 = ORIENTED_EDGE('',*,*,#2290,.F.);
#2290 = EDGE_CURVE('',#2291,#2280,#2293,.T.);
#2291 = VERTEX_POINT('',#2292);
#2292 = CARTESIAN_POINT('',(2.55789163836E+03,-743.002784125,
    647.832535409));
#2293 = B_SPLINE_CURVE_WITH_KNOTS('',5,(#2294,#2295,#2296,#2297,#2298,
    #2299),.UNSPECIFIED.,.F.,.F.,(6,6),(0.,0.266870272479),
  .PIECEWISE_BEZIER_KNOTS.);
#2294 = CARTESIAN_POINT('',(2.55789163836E+03,-743.002784124,
    647.832535409));
#2295 = CARTESIAN_POINT('',(2.55791747441E+03,-742.975427855,
    647.832535409));
#2296 = CARTESIAN_POINT('',(2.55794071495E+03,-742.945622099,
    647.832535409));
#2297 = CARTESIAN_POINT('',(2.55796139121E+03,-742.913261166,
    647.832535409));
#2298 = CARTESIAN_POINT('',(2.55797866221E+03,-742.879640546,
    647.832535409));
#2299 = CARTESIAN_POINT('',(2.55799259359E+03,-742.844682668,
    647.832535409));
#2300 = ORIENTED_EDGE('',*,*,#2301,.T.);
#2301 = EDGE_CURVE('',#2291,#2302,#2304,.T.);
#2302 = VERTEX_POINT('',#2303);
#2303 = CARTESIAN_POINT('',(2.55740892872E+03,-743.514290477,
    647.832535409));
#2304 = B_SPLINE_CURVE_WITH_KNOTS('',5,(#2305,#2306,#2307,#2308,#2309,
    #2310),.UNSPECIFIED.,.F.,.F.,(6,6),(0.,0.994632962666),
  .PIECEWISE_BEZIER_KNOTS.);
#2305 = CARTESIAN_POINT('',(2.55789163836E+03,-743.002784124,
    647.832535409));
#2306 = CARTESIAN_POINT('',(2.55779853564E+03,-743.101365076,
    647.832535409));
#2307 = CARTESIAN_POINT('',(2.5577035297E+03,-743.202002421,
    647.832535409));
#2308 = CARTESIAN_POINT('',(2.55760674126E+03,-743.304566486,
    647.832535409));
#2309 = CARTESIAN_POINT('',(2.55750852476E+03,-743.408680101,
    647.832535409));
#2310 = CARTESIAN_POINT('',(2.55740892872E+03,-743.514290474,
    647.832535409));
#2311 = ORIENTED_EDGE('',*,*,#2312,.F.);
#2312 = EDGE_CURVE('',#2313,#2302,#2315,.T.);
#2313 = VERTEX_POINT('',#2314);
#2314 = CARTESIAN_POINT('',(2.5572729195E+03,-743.85626104,647.832535409
    ));
#2315 = B_SPLINE_CURVE_WITH_KNOTS('',5,(#2316,#2317,#2318,#2319,#2320,
    #2321,#2322,#2323,#2324),.UNSPECIFIED.,.F.,.F.,(6,3,6),(0.,
    0.431248670641,0.539047722486),.UNSPECIFIED.);
#2316 = CARTESIAN_POINT('',(2.5572729195E+03,-743.856261039,
    647.832535409));
#2317 = CARTESIAN_POINT('',(2.5572729195E+03,-743.795985713,
    647.832535409));
#2318 = CARTESIAN_POINT('',(2.55728246985E+03,-743.735782313,
    647.832535409));
#2319 = CARTESIAN_POINT('',(2.5573009342E+03,-743.677403308,
    647.832535409));
#2320 = CARTESIAN_POINT('',(2.55733420663E+03,-743.608862925,
    647.832535409));
#2321 = CARTESIAN_POINT('',(2.55737920559E+03,-743.548391671,
    647.832535409));
#2322 = CARTESIAN_POINT('',(2.55738868588E+03,-743.536619777,
    647.832535409));
#2323 = CARTESIAN_POINT('',(2.55739859033E+03,-743.525253177,
    647.832535409));
#2324 = CARTESIAN_POINT('',(2.55740892872E+03,-743.514290476,
    647.832535409));
#2325 = ORIENTED_EDGE('',*,*,#2326,.F.);
#2326 = EDGE_CURVE('',#2327,#2313,#2329,.T.);
#2327 = VERTEX_POINT('',#2328);
#2328 = CARTESIAN_POINT('',(2.5572729195E+03,-747.892483791,
    647.832535409));
#2329 = LINE('',#2330,#2331);
#2330 = CARTESIAN_POINT('',(2.5572729195E+03,-745.874372415,
    647.832535409));
#2331 = VECTOR('',#2332,1.);
#2332 = DIRECTION('',(0.,1.,0.));
#2333 = ORIENTED_EDGE('',*,*,#2334,.T.);
#2334 = EDGE_CURVE('',#2327,#2335,#2337,.T.);
#2335 = VERTEX_POINT('',#2336);
#2336 = CARTESIAN_POINT('',(2.55897589357E+03,-751.156815557,
    647.832535409));
#2337 = B_SPLINE_CURVE_WITH_KNOTS('',5,(#2338,#2339,#2340,#2341,#2342,
    #2343,#2344,#2345,#2346),.UNSPECIFIED.,.F.,.F.,(6,3,6),(0.,
    2.80099032439,5.48419673405),.UNSPECIFIED.);
#2338 = CARTESIAN_POINT('',(2.5572729195E+03,-747.892483791,
    647.832535409));
#2339 = CARTESIAN_POINT('',(2.5572729195E+03,-748.283226391,
    647.832535409));
#2340 = CARTESIAN_POINT('',(2.55732106931E+03,-748.674138539,
    647.832535409));
#2341 = CARTESIAN_POINT('',(2.55741699779E+03,-749.057029445,
    647.832535409));
#2342 = CARTESIAN_POINT('',(2.55769488364E+03,-749.775932275,
    647.832535409));
#2343 = CARTESIAN_POINT('',(2.55813515598E+03,-750.408367608,
    647.832535409));
#2344 = CARTESIAN_POINT('',(2.55838625221E+03,-750.691076012,
    647.832535409));
#2345 = CARTESIAN_POINT('',(2.55866838895E+03,-750.94196993,
    647.832535409));
#2346 = CARTESIAN_POINT('',(2.55897589357E+03,-751.156815555,
    647.832535409));
#2347 = ORIENTED_EDGE('',*,*,#2348,.F.);
#2348 = EDGE_CURVE('',#2349,#2335,#2351,.T.);
#2349 = VERTEX_POINT('',#2350);
#2350 = CARTESIAN_POINT('',(2.56091715977E+03,-752.482661712,
    647.832535409));
#2351 = B_SPLINE_CURVE_WITH_KNOTS('',5,(#2352,#2353,#2354,#2355,#2356,
    #2357,#2358,#2359,#2360),.UNSPECIFIED.,.F.,.F.,(6,3,6),(0.,
    1.65985670552,3.43505019916),.UNSPECIFIED.);
#2352 = CARTESIAN_POINT('',(2.56091715977E+03,-752.482661711,
    647.832535409));
#2353 = CARTESIAN_POINT('',(2.56081530091E+03,-752.417208725,
    647.832535409));
#2354 = CARTESIAN_POINT('',(2.56069640972E+03,-752.339446902,
    647.832535409));
#2355 = CARTESIAN_POINT('',(2.56055771256E+03,-752.247265172,
    647.832535409));
#2356 = CARTESIAN_POINT('',(2.56021276872E+03,-752.014500905,
    647.832535409));
#2357 = CARTESIAN_POINT('',(2.55976331188E+03,-751.705100531,
    647.832535409));
#2358 = CARTESIAN_POINT('',(2.55951048398E+03,-751.52975489,
    647.832535409));
#2359 = CARTESIAN_POINT('',(2.55924666733E+03,-751.345998264,
    647.832535409));
#2360 = CARTESIAN_POINT('',(2.55897589357E+03,-751.156815555,
    647.832535409));
#2361 = ORIENTED_EDGE('',*,*,#2362,.T.);
#2362 = EDGE_CURVE('',#2349,#2262,#2363,.T.);
#2363 = B_SPLINE_CURVE_WITH_KNOTS('',5,(#2364,#2365,#2366,#2367,#2368,
    #2369),.UNSPECIFIED.,.F.,.F.,(6,6),(0.,0.887711700505),
  .PIECEWISE_BEZIER_KNOTS.);
#2364 = CARTESIAN_POINT('',(2.56091715977E+03,-752.482661711,
    647.832535409));
#2365 = CARTESIAN_POINT('',(2.5610208245E+03,-752.549275123,
    647.832535409));
#2366 = CARTESIAN_POINT('',(2.56113169682E+03,-752.605418252,
    647.832535409));
#2367 = CARTESIAN_POINT('',(2.56124873422E+03,-752.650607395,
    647.832535409));
#2368 = CARTESIAN_POINT('',(2.56137071721E+03,-752.684842637,
    647.832535409));
#2369 = CARTESIAN_POINT('',(2.56149653041E+03,-752.708432157,
    647.832535409));
#2370 = PLANE('',#2371);
#2371 = AXIS2_PLACEMENT_3D('',#2372,#2373,#2374);
#2372 = CARTESIAN_POINT('',(2.56199653041E+03,-742.848388672,
    647.832535409));
#2373 = DIRECTION('',(-0.,-0.,-1.));
#2374 = DIRECTION('',(0.,-1.,0.));
#2375 = ADVANCED_FACE('',(#2376),#2394,.T.);
#2376 = FACE_BOUND('',#2377,.T.);
#2377 = EDGE_LOOP('',(#2378,#2379,#2387,#2393));
#2378 = ORIENTED_EDGE('',*,*,#2271,.F.);
#2379 = ORIENTED_EDGE('',*,*,#2380,.T.);
#2380 = EDGE_CURVE('',#2264,#2381,#2383,.T.);
#2381 = VERTEX_POINT('',#2382);
#2382 = CARTESIAN_POINT('',(2.56149653041E+03,-741.348388672,
    649.032535408));
#2383 = LINE('',#2384,#2385);
#2384 = CARTESIAN_POINT('',(2.56149653041E+03,-741.348388672,
    648.432535409));
#2385 = VECTOR('',#2386,1.);
#2386 = DIRECTION('',(0.,0.,1.));
#2387 = ORIENTED_EDGE('',*,*,#2388,.T.);
#2388 = EDGE_CURVE('',#2381,#1244,#2389,.T.);
#2389 = LINE('',#2390,#2391);
#2390 = CARTESIAN_POINT('',(2.55985467505E+03,-741.348388672,
    649.032535408));
#2391 = VECTOR('',#2392,1.);
#2392 = DIRECTION('',(-1.,0.,0.));
#2393 = ORIENTED_EDGE('',*,*,#1253,.T.);
#2394 = PLANE('',#2395);
#2395 = AXIS2_PLACEMENT_3D('',#2396,#2397,#2398);
#2396 = CARTESIAN_POINT('',(2.56199653041E+03,-741.348388672,
    647.832535409));
#2397 = DIRECTION('',(0.,-1.,0.));
#2398 = DIRECTION('',(0.,0.,1.));
#2399 = ADVANCED_FACE('',(#2400),#2546,.F.);
#2400 = FACE_BOUND('',#2401,.T.);
#2401 = EDGE_LOOP('',(#2402,#2403,#2411,#2419,#2427,#2453,#2461,#2475,
    #2492,#2500,#2514,#2525,#2539,#2545));
#2402 = ORIENTED_EDGE('',*,*,#2388,.F.);
#2403 = ORIENTED_EDGE('',*,*,#2404,.F.);
#2404 = EDGE_CURVE('',#2405,#2381,#2407,.T.);
#2405 = VERTEX_POINT('',#2406);
#2406 = CARTESIAN_POINT('',(2.56149653041E+03,-741.402893066,
    649.032535408));
#2407 = LINE('',#2408,#2409);
#2408 = CARTESIAN_POINT('',(2.56149653041E+03,-741.375640869,
    649.032535409));
#2409 = VECTOR('',#2410,1.);
#2410 = DIRECTION('',(0.,1.,0.));
#2411 = ORIENTED_EDGE('',*,*,#2412,.F.);
#2412 = EDGE_CURVE('',#2413,#2405,#2415,.T.);
#2413 = VERTEX_POINT('',#2414);
#2414 = CARTESIAN_POINT('',(2.55999653041E+03,-741.402893066,
    649.032535408));
#2415 = LINE('',#2416,#2417);
#2416 = CARTESIAN_POINT('',(2.56074653041E+03,-741.402893066,
    649.032535409));
#2417 = VECTOR('',#2418,1.);
#2418 = DIRECTION('',(1.,0.,0.));
#2419 = ORIENTED_EDGE('',*,*,#2420,.F.);
#2420 = EDGE_CURVE('',#2421,#2413,#2423,.T.);
#2421 = VERTEX_POINT('',#2422);
#2422 = CARTESIAN_POINT('',(2.55999653041E+03,-749.706555051,
    649.032535408));
#2423 = LINE('',#2424,#2425);
#2424 = CARTESIAN_POINT('',(2.55999653041E+03,-745.554724059,
    649.032535409));
#2425 = VECTOR('',#2426,1.);
#2426 = DIRECTION('',(0.,1.,0.));
#2427 = ORIENTED_EDGE('',*,*,#2428,.T.);
#2428 = EDGE_CURVE('',#2421,#2429,#2431,.T.);
#2429 = VERTEX_POINT('',#2430);
#2430 = CARTESIAN_POINT('',(2.56149653041E+03,-749.706555052,
    649.032535409));
#2431 = B_SPLINE_CURVE_WITH_KNOTS('',5,(#2432,#2433,#2434,#2435,#2436,
    #2437,#2438,#2439,#2440,#2441,#2442,#2443,#2444,#2445,#2446,#2447,
    #2448,#2449,#2450,#2451,#2452),.UNSPECIFIED.,.F.,.F.,(6,3,3,3,3,3,6)
  ,(0.,0.599989093058,1.19997819622,1.79996729113,2.3999563901,
    2.99994548576,3.33143054667),.UNSPECIFIED.);
#2432 = CARTESIAN_POINT('',(2.55999653041E+03,-749.706555052,
    649.032535409));
#2433 = CARTESIAN_POINT('',(2.55999653041E+03,-749.791406323,
    649.032535409));
#2434 = CARTESIAN_POINT('',(2.56000852997E+03,-749.876257028,
    649.032535409));
#2435 = CARTESIAN_POINT('',(2.56003253469E+03,-749.958852296,
    649.032535409));
#2436 = CARTESIAN_POINT('',(2.56010323436E+03,-750.114983175,
    649.032535409));
#2437 = CARTESIAN_POINT('',(2.56021445398E+03,-750.245385339,
    649.032535409));
#2438 = CARTESIAN_POINT('',(2.56027898989E+03,-750.302247632,
    649.032535409));
#2439 = CARTESIAN_POINT('',(2.56042236138E+03,-750.396162021,
    649.032535409));
#2440 = CARTESIAN_POINT('',(2.56058615021E+03,-750.446637208,
    649.032535409));
#2441 = CARTESIAN_POINT('',(2.56067111069E+03,-750.460050676,
    649.032535409));
#2442 = CARTESIAN_POINT('',(2.56084248558E+03,-750.462488873,
    649.032535409));
#2443 = CARTESIAN_POINT('',(2.56100781405E+03,-750.417311175,
    649.032535409));
#2444 = CARTESIAN_POINT('',(2.56108672905E+03,-750.383096754,
    649.032535409));
#2445 = CARTESIAN_POINT('',(2.56123271426E+03,-750.293299121,
    649.032535409));
#2446 = CARTESIAN_POINT('',(2.56134807309E+03,-750.166543975,
    649.032535409));
#2447 = CARTESIAN_POINT('',(2.56139635608E+03,-750.095361412,
    649.032535409));
#2448 = CARTESIAN_POINT('',(2.56145466183E+03,-749.975776303,
    649.032535409));
#2449 = CARTESIAN_POINT('',(2.56148545233E+03,-749.847282603,
    649.032535409));
#2450 = CARTESIAN_POINT('',(2.56149286767E+03,-749.800313358,
    649.032535409));
#2451 = CARTESIAN_POINT('',(2.56149653041E+03,-749.753434118,
    649.032535409));
#2452 = CARTESIAN_POINT('',(2.56149653041E+03,-749.706555052,
    649.032535409));
#2453 = ORIENTED_EDGE('',*,*,#2454,.F.);
#2454 = EDGE_CURVE('',#2455,#2429,#2457,.T.);
#2455 = VERTEX_POINT('',#2456);
#2456 = CARTESIAN_POINT('',(2.56149653041E+03,-752.070181734,
    649.032535409));
#2457 = LINE('',#2458,#2459);
#2458 = CARTESIAN_POINT('',(2.56149653041E+03,-750.888368393,
    649.032535409));
#2459 = VECTOR('',#2460,1.);
#2460 = DIRECTION('',(0.,1.,0.));
#2461 = ORIENTED_EDGE('',*,*,#2462,.T.);
#2462 = EDGE_CURVE('',#2455,#2463,#2465,.T.);
#2463 = VERTEX_POINT('',#2464);
#2464 = CARTESIAN_POINT('',(2.55945011196E+03,-751.156815556,
    649.032535409));
#2465 = B_SPLINE_CURVE_WITH_KNOTS('',5,(#2466,#2467,#2468,#2469,#2470,
    #2471,#2472,#2473,#2474),.UNSPECIFIED.,.F.,.F.,(6,3,6),(0.,
    1.6742848934,3.22646705149),.UNSPECIFIED.);
#2466 = CARTESIAN_POINT('',(2.56149653041E+03,-752.070181735,
    649.032535409));
#2467 = CARTESIAN_POINT('',(2.56133132165E+03,-752.037168902,
    649.032535409));
#2468 = CARTESIAN_POINT('',(2.56116075414E+03,-751.992022376,
    649.032535409));
#2469 = CARTESIAN_POINT('',(2.56096662323E+03,-751.924452375,
    649.032535409));
#2470 = CARTESIAN_POINT('',(2.5605818192E+03,-751.768521523,
    649.032535409));
#2471 = CARTESIAN_POINT('',(2.56014298241E+03,-751.548910742,
    649.032535409));
#2472 = CARTESIAN_POINT('',(2.55992131577E+03,-751.429444105,
    649.032535409));
#2473 = CARTESIAN_POINT('',(2.55968866075E+03,-751.297317829,
    649.032535409));
#2474 = CARTESIAN_POINT('',(2.55945011196E+03,-751.156815557,
    649.032535409));
#2475 = ORIENTED_EDGE('',*,*,#2476,.F.);
#2476 = EDGE_CURVE('',#2477,#2463,#2479,.T.);
#2477 = VERTEX_POINT('',#2478);
#2478 = CARTESIAN_POINT('',(2.5575611612E+03,-747.892483791,
    649.032535408));
#2479 = B_SPLINE_CURVE_WITH_KNOTS('',5,(#2480,#2481,#2482,#2483,#2484,
    #2485,#2486,#2487,#2488,#2489,#2490,#2491),.UNSPECIFIED.,.F.,.F.,(6,
    3,3,6),(0.,2.74086237589,5.48898480351,5.66859241092),
  .UNSPECIFIED.);
#2480 = CARTESIAN_POINT('',(2.5575611612E+03,-747.892483791,
    649.032535409));
#2481 = CARTESIAN_POINT('',(2.5575611612E+03,-748.271185078,
    649.032535409));
#2482 = CARTESIAN_POINT('',(2.55760972018E+03,-748.650084662,
    649.032535409));
#2483 = CARTESIAN_POINT('',(2.55770581506E+03,-749.020963182,
    649.032535409));
#2484 = CARTESIAN_POINT('',(2.55798978347E+03,-749.732112345,
    649.032535409));
#2485 = CARTESIAN_POINT('',(2.55844391036E+03,-750.353355048,
    649.032535409));
#2486 = CARTESIAN_POINT('',(2.55871059558E+03,-750.635047436,
    649.032535409));
#2487 = CARTESIAN_POINT('',(2.5590314036E+03,-750.897998409,
    649.032535409));
#2488 = CARTESIAN_POINT('',(2.55938442787E+03,-751.117423224,
    649.032535409));
#2489 = CARTESIAN_POINT('',(2.5594062068E+03,-751.130720947,
    649.032535409));
#2490 = CARTESIAN_POINT('',(2.55942810128E+03,-751.143851539,
    649.032535409));
#2491 = CARTESIAN_POINT('',(2.55945011196E+03,-751.156815557,
    649.032535409));
#2492 = ORIENTED_EDGE('',*,*,#2493,.T.);
#2493 = EDGE_CURVE('',#2477,#2494,#2496,.T.);
#2494 = VERTEX_POINT('',#2495);
#2495 = CARTESIAN_POINT('',(2.5575611612E+03,-743.85626104,649.032535408
    ));
#2496 = LINE('',#2497,#2498);
#2497 = CARTESIAN_POINT('',(2.5575611612E+03,-745.874372416,
    649.032535409));
#2498 = VECTOR('',#2499,1.);
#2499 = DIRECTION('',(0.,1.,0.));
#2500 = ORIENTED_EDGE('',*,*,#2501,.T.);
#2501 = EDGE_CURVE('',#2494,#2502,#2504,.T.);
#2502 = VERTEX_POINT('',#2503);
#2503 = CARTESIAN_POINT('',(2.55770629857E+03,-743.514290475,
    649.032535409));
#2504 = B_SPLINE_CURVE_WITH_KNOTS('',5,(#2505,#2506,#2507,#2508,#2509,
    #2510,#2511,#2512,#2513),.UNSPECIFIED.,.F.,.F.,(6,3,6),(0.,
    0.327409851381,0.545605558927),.UNSPECIFIED.);
#2505 = CARTESIAN_POINT('',(2.5575611612E+03,-743.856261041,
    649.032535409));
#2506 = CARTESIAN_POINT('',(2.5575611612E+03,-743.810567483,
    649.032535409));
#2507 = CARTESIAN_POINT('',(2.55756706566E+03,-743.764966641,
    649.032535409));
#2508 = CARTESIAN_POINT('',(2.55757851016E+03,-743.72030287,
    649.032535409));
#2509 = CARTESIAN_POINT('',(2.55760599796E+03,-743.648744761,
    649.032535409));
#2510 = CARTESIAN_POINT('',(2.55764640923E+03,-743.583850175,
    649.032535409));
#2511 = CARTESIAN_POINT('',(2.55766469745E+03,-743.558940172,
    649.032535409));
#2512 = CARTESIAN_POINT('',(2.55768464714E+03,-743.53576117,
    649.032535409));
#2513 = CARTESIAN_POINT('',(2.55770629857E+03,-743.514290476,
    649.032535409));
#2514 = ORIENTED_EDGE('',*,*,#2515,.F.);
#2515 = EDGE_CURVE('',#2516,#2502,#2518,.T.);
#2516 = VERTEX_POINT('',#2517);
#2517 = CARTESIAN_POINT('',(2.55822689664E+03,-743.002784124,
    649.032535407));
#2518 = B_SPLINE_CURVE_WITH_KNOTS('',5,(#2519,#2520,#2521,#2522,#2523,
    #2524),.UNSPECIFIED.,.F.,.F.,(6,6),(0.,1.03214861647),
  .PIECEWISE_BEZIER_KNOTS.);
#2519 = CARTESIAN_POINT('',(2.55822689664E+03,-743.002784123,
    649.032535409));
#2520 = CARTESIAN_POINT('',(2.55812812784E+03,-743.098823175,
    649.032535409));
#2521 = CARTESIAN_POINT('',(2.55802662946E+03,-743.198042673,
    649.032535409));
#2522 = CARTESIAN_POINT('',(2.55792216438E+03,-743.300689665,
    649.032535409));
#2523 = CARTESIAN_POINT('',(2.55781541112E+03,-743.406088732,
    649.032535409));
#2524 = CARTESIAN_POINT('',(2.55770629857E+03,-743.514290474,
    649.032535409));
#2525 = ORIENTED_EDGE('',*,*,#2526,.F.);
#2526 = EDGE_CURVE('',#2527,#2516,#2529,.T.);
#2527 = VERTEX_POINT('',#2528);
#2528 = CARTESIAN_POINT('',(2.55837575701E+03,-742.660813558,
    649.032535408));
#2529 = B_SPLINE_CURVE_WITH_KNOTS('',5,(#2530,#2531,#2532,#2533,#2534,
    #2535,#2536,#2537,#2538),.UNSPECIFIED.,.F.,.F.,(6,3,6),(0.,
    0.329142596837,0.548303568784),.UNSPECIFIED.);
#2530 = CARTESIAN_POINT('',(2.55837575691E+03,-742.66081356,
    649.032535409));
#2531 = CARTESIAN_POINT('',(2.55837575715E+03,-742.706798158,
    649.032535409));
#2532 = CARTESIAN_POINT('',(2.55836956747E+03,-742.752631521,
    649.032535409));
#2533 = CARTESIAN_POINT('',(2.55835761704E+03,-742.797430694,
    649.032535409));
#2534 = CARTESIAN_POINT('',(2.55832914081E+03,-742.869002737,
    649.032535409));
#2535 = CARTESIAN_POINT('',(2.55828772795E+03,-742.933678866,
    649.032535409));
#2536 = CARTESIAN_POINT('',(2.55826907392E+03,-742.958452463,
    649.032535409));
#2537 = CARTESIAN_POINT('',(2.55824880573E+03,-742.981480547,
    649.032535409));
#2538 = CARTESIAN_POINT('',(2.55822689664E+03,-743.002784123,
    649.032535409));
#2539 = ORIENTED_EDGE('',*,*,#2540,.T.);
#2540 = EDGE_CURVE('',#2527,#1235,#2541,.T.);
#2541 = LINE('',#2542,#2543);
#2542 = CARTESIAN_POINT('',(2.55837575701E+03,-742.14755772,
    649.032535409));
#2543 = VECTOR('',#2544,1.);
#2544 = DIRECTION('',(0.,1.,0.));
#2545 = ORIENTED_EDGE('',*,*,#1243,.F.);
#2546 = PLANE('',#2547);
#2547 = AXIS2_PLACEMENT_3D('',#2548,#2549,#2550);
#2548 = CARTESIAN_POINT('',(2.56199653041E+03,-753.525085449,
    649.032535409));
#2549 = DIRECTION('',(0.,-0.,1.));
#2550 = DIRECTION('',(0.,1.,0.));
#2551 = ADVANCED_FACE('',(#2552),#2571,.T.);
#2552 = FACE_BOUND('',#2553,.T.);
#2553 = EDGE_LOOP('',(#2554,#2562,#2563,#2564));
#2554 = ORIENTED_EDGE('',*,*,#2555,.T.);
#2555 = EDGE_CURVE('',#2556,#1226,#2558,.T.);
#2556 = VERTEX_POINT('',#2557);
#2557 = CARTESIAN_POINT('',(2.55999653041E+03,-742.660813558,
    650.796637024));
#2558 = LINE('',#2559,#2560);
#2559 = CARTESIAN_POINT('',(2.55999653041E+03,-746.558537301,
    650.796637024));
#2560 = VECTOR('',#2561,1.);
#2561 = DIRECTION('',(0.,1.,0.));
#2562 = ORIENTED_EDGE('',*,*,#1234,.F.);
#2563 = ORIENTED_EDGE('',*,*,#2540,.F.);
#2564 = ORIENTED_EDGE('',*,*,#2565,.T.);
#2565 = EDGE_CURVE('',#2527,#2556,#2566,.T.);
#2566 = CIRCLE('',#2567,4.);
#2567 = AXIS2_PLACEMENT_3D('',#2568,#2569,#2570);
#2568 = CARTESIAN_POINT('',(2.56199653041E+03,-742.660813558,
    647.332535409));
#2569 = DIRECTION('',(-0.,1.,0.));
#2570 = DIRECTION('',(0.,0.,1.));
#2571 = CYLINDRICAL_SURFACE('',#2572,4.);
#2572 = AXIS2_PLACEMENT_3D('',#2573,#2574,#2575);
#2573 = CARTESIAN_POINT('',(2.56199653041E+03,-746.5585373,647.332535409
    ));
#2574 = DIRECTION('',(-0.,1.,0.));
#2575 = DIRECTION('',(-0.479425538604,0.,-0.87758256189));
#2576 = ADVANCED_FACE('',(#2577),#2652,.T.);
#2577 = FACE_BOUND('',#2578,.T.);
#2578 = EDGE_LOOP('',(#2579,#2580,#2594,#2605,#2619,#2627,#2638,#2644,
    #2645,#2651));
#2579 = ORIENTED_EDGE('',*,*,#2555,.F.);
#2580 = ORIENTED_EDGE('',*,*,#2581,.T.);
#2581 = EDGE_CURVE('',#2556,#2582,#2584,.T.);
#2582 = VERTEX_POINT('',#2583);
#2583 = CARTESIAN_POINT('',(2.55999653041E+03,-743.002784123,
    650.951946786));
#2584 = B_SPLINE_CURVE_WITH_KNOTS('',5,(#2585,#2586,#2587,#2588,#2589,
    #2590,#2591,#2592,#2593),.UNSPECIFIED.,.F.,.F.,(6,3,6),(0.,
    0.328545915876,0.546773414093),.UNSPECIFIED.);
#2585 = CARTESIAN_POINT('',(2.55999653041E+03,-742.660814121,
    650.796637247));
#2586 = CARTESIAN_POINT('',(2.55999653041E+03,-742.707275259,
    650.796636684));
#2587 = CARTESIAN_POINT('',(2.55999653041E+03,-742.753748998,
    650.802868781));
#2588 = CARTESIAN_POINT('',(2.55999653041E+03,-742.799036957,
    650.815339513));
#2589 = CARTESIAN_POINT('',(2.55999653041E+03,-742.870790094,
    650.845419673));
#2590 = CARTESIAN_POINT('',(2.55999653041E+03,-742.93481249,650.88895272
    ));
#2591 = CARTESIAN_POINT('',(2.55999653041E+03,-742.959177973,
    650.90844399));
#2592 = CARTESIAN_POINT('',(2.55999653041E+03,-742.98178149,
    650.929450703));
#2593 = CARTESIAN_POINT('',(2.55999653041E+03,-743.002784123,
    650.951946786));
#2594 = ORIENTED_EDGE('',*,*,#2595,.T.);
#2595 = EDGE_CURVE('',#2582,#2596,#2598,.T.);
#2596 = VERTEX_POINT('',#2597);
#2597 = CARTESIAN_POINT('',(2.55999653041E+03,-743.514290476,
    651.491392133));
#2598 = B_SPLINE_CURVE_WITH_KNOTS('',5,(#2599,#2600,#2601,#2602,#2603,
    #2604),.UNSPECIFIED.,.F.,.F.,(6,6),(0.,1.05133233402),
  .PIECEWISE_BEZIER_KNOTS.);
#2599 = CARTESIAN_POINT('',(2.55999653041E+03,-743.002784123,
    650.951946786));
#2600 = CARTESIAN_POINT('',(2.55999653041E+03,-743.098364197,
    651.05432334));
#2601 = CARTESIAN_POINT('',(2.55999653041E+03,-743.197337966,
    651.159498032));
#2602 = CARTESIAN_POINT('',(2.55999653041E+03,-743.300000916,
    651.267757976));
#2603 = CARTESIAN_POINT('',(2.55999653041E+03,-743.405634564,
    651.378360344));
#2604 = CARTESIAN_POINT('',(2.55999653041E+03,-743.514290476,
    651.491392134));
#2605 = ORIENTED_EDGE('',*,*,#2606,.F.);
#2606 = EDGE_CURVE('',#2607,#2596,#2609,.T.);
#2607 = VERTEX_POINT('',#2608);
#2608 = CARTESIAN_POINT('',(2.55999653041E+03,-743.85626104,
    651.640957394));
#2609 = B_SPLINE_CURVE_WITH_KNOTS('',5,(#2610,#2611,#2612,#2613,#2614,
    #2615,#2616,#2617,#2618),.UNSPECIFIED.,.F.,.F.,(6,3,6),(0.,
    0.329365769473,0.549016222661),.UNSPECIFIED.);
#2610 = CARTESIAN_POINT('',(2.55999653041E+03,-743.856261041,
    651.640957393));
#2611 = CARTESIAN_POINT('',(2.55999653041E+03,-743.810327978,
    651.640957393));
#2612 = CARTESIAN_POINT('',(2.55999653041E+03,-743.764516387,
    651.634790026));
#2613 = CARTESIAN_POINT('',(2.55999653041E+03,-743.719715502,
    651.622866293));
#2614 = CARTESIAN_POINT('',(2.55999653041E+03,-743.648078705,
    651.594362802));
#2615 = CARTESIAN_POINT('',(2.55999653041E+03,-743.583379657,
    651.552752957));
#2616 = CARTESIAN_POINT('',(2.55999653041E+03,-743.558581144,
    651.533960022));
#2617 = CARTESIAN_POINT('',(2.55999653041E+03,-743.535559601,
    651.513517825));
#2618 = CARTESIAN_POINT('',(2.55999653041E+03,-743.514290476,
    651.491392132));
#2619 = ORIENTED_EDGE('',*,*,#2620,.F.);
#2620 = EDGE_CURVE('',#2621,#2607,#2623,.T.);
#2621 = VERTEX_POINT('',#2622);
#2622 = CARTESIAN_POINT('',(2.55999653041E+03,-747.892483791,
    651.640957395));
#2623 = LINE('',#2624,#2625);
#2624 = CARTESIAN_POINT('',(2.55999653041E+03,-745.874372416,
    651.640957393));
#2625 = VECTOR('',#2626,1.);
#2626 = DIRECTION('',(0.,1.,0.));
#2627 = ORIENTED_EDGE('',*,*,#2628,.T.);
#2628 = EDGE_CURVE('',#2621,#2629,#2631,.T.);
#2629 = VERTEX_POINT('',#2630);
#2630 = CARTESIAN_POINT('',(2.55999653288E+03,-749.706552341,
    651.156027612));
#2631 = B_SPLINE_CURVE_WITH_KNOTS('',5,(#2632,#2633,#2634,#2635,#2636,
    #2637),.UNSPECIFIED.,.F.,.F.,(6,6),(0.,2.7006049034),
  .PIECEWISE_BEZIER_KNOTS.);
#2632 = CARTESIAN_POINT('',(2.55999653041E+03,-747.892483791,
    651.640957393));
#2633 = CARTESIAN_POINT('',(2.55999653041E+03,-748.271449279,
    651.640957393));
#2634 = CARTESIAN_POINT('',(2.55999653041E+03,-748.650318916,
    651.590711638));
#2635 = CARTESIAN_POINT('',(2.55999653041E+03,-749.021155727,
    651.491724276));
#2636 = CARTESIAN_POINT('',(2.55999653041E+03,-749.375746994,
    651.346005026));
#2637 = CARTESIAN_POINT('',(2.55999653041E+03,-749.706555051,
    651.156032334));
#2638 = ORIENTED_EDGE('',*,*,#2639,.F.);
#2639 = EDGE_CURVE('',#2421,#2629,#2640,.T.);
#2640 = LINE('',#2641,#2642);
#2641 = CARTESIAN_POINT('',(2.55999653041E+03,-749.706555051,
    650.094283871));
#2642 = VECTOR('',#2643,1.);
#2643 = DIRECTION('',(0.,0.,1.));
#2644 = ORIENTED_EDGE('',*,*,#2420,.T.);
#2645 = ORIENTED_EDGE('',*,*,#2646,.T.);
#2646 = EDGE_CURVE('',#2413,#1217,#2647,.T.);
#2647 = LINE('',#2648,#2649);
#2648 = CARTESIAN_POINT('',(2.55999653041E+03,-741.402893066,
    649.964862878));
#2649 = VECTOR('',#2650,1.);
#2650 = DIRECTION('',(0.,0.,1.));
#2651 = ORIENTED_EDGE('',*,*,#1225,.T.);
#2652 = PLANE('',#2653);
#2653 = AXIS2_PLACEMENT_3D('',#2654,#2655,#2656);
#2654 = CARTESIAN_POINT('',(2.55999653041E+03,-742.902893066,
    647.332535409));
#2655 = DIRECTION('',(1.,0.,0.));
#2656 = DIRECTION('',(0.,-1.,0.));
#2657 = ADVANCED_FACE('',(#2658),#2669,.F.);
#2658 = FACE_BOUND('',#2659,.T.);
#2659 = EDGE_LOOP('',(#2660,#2661,#2662,#2668));
#2660 = ORIENTED_EDGE('',*,*,#2646,.F.);
#2661 = ORIENTED_EDGE('',*,*,#2412,.T.);
#2662 = ORIENTED_EDGE('',*,*,#2663,.F.);
#2663 = EDGE_CURVE('',#1208,#2405,#2664,.T.);
#2664 = LINE('',#2665,#2666);
#2665 = CARTESIAN_POINT('',(2.56149653041E+03,-741.402893066,
    650.210882324));
#2666 = VECTOR('',#2667,1.);
#2667 = DIRECTION('',(0.,0.,-1.));
#2668 = ORIENTED_EDGE('',*,*,#1216,.F.);
#2669 = PLANE('',#2670);
#2670 = AXIS2_PLACEMENT_3D('',#2671,#2672,#2673);
#2671 = CARTESIAN_POINT('',(2.55999653041E+03,-741.402893066,
    647.332535409));
#2672 = DIRECTION('',(-0.,1.,0.));
#2673 = DIRECTION('',(1.,0.,0.));
#2674 = ADVANCED_FACE('',(#2675),#2776,.F.);
#2675 = FACE_BOUND('',#2676,.T.);
#2676 = EDGE_LOOP('',(#2677,#2678,#2679,#2680,#2681,#2692,#2701,#2702,
    #2710,#2721,#2729,#2743,#2754,#2765,#2774,#2775));
#2677 = ORIENTED_EDGE('',*,*,#2663,.T.);
#2678 = ORIENTED_EDGE('',*,*,#2404,.T.);
#2679 = ORIENTED_EDGE('',*,*,#2380,.F.);
#2680 = ORIENTED_EDGE('',*,*,#2261,.F.);
#2681 = ORIENTED_EDGE('',*,*,#2682,.F.);
#2682 = EDGE_CURVE('',#2683,#2262,#2685,.T.);
#2683 = VERTEX_POINT('',#2684);
#2684 = CARTESIAN_POINT('',(2.56149653041E+03,-752.482661712,
    648.411906048));
#2685 = B_SPLINE_CURVE_WITH_KNOTS('',5,(#2686,#2687,#2688,#2689,#2690,
    #2691),.UNSPECIFIED.,.F.,.F.,(6,6),(0.,0.887711672376),
  .PIECEWISE_BEZIER_KNOTS.);
#2686 = CARTESIAN_POINT('',(2.56149653041E+03,-752.482661712,
    648.411906047));
#2687 = CARTESIAN_POINT('',(2.56149653041E+03,-752.549275122,
    648.308241316));
#2688 = CARTESIAN_POINT('',(2.56149653041E+03,-752.605418249,
    648.197368997));
#2689 = CARTESIAN_POINT('',(2.56149653041E+03,-752.650607397,
    648.080331588));
#2690 = CARTESIAN_POINT('',(2.56149653041E+03,-752.684842639,
    647.958348601));
#2691 = CARTESIAN_POINT('',(2.56149653041E+03,-752.708432158,
    647.832535409));
#2692 = ORIENTED_EDGE('',*,*,#2693,.T.);
#2693 = EDGE_CURVE('',#2683,#2455,#2694,.T.);
#2694 = B_SPLINE_CURVE_WITH_KNOTS('',5,(#2695,#2696,#2697,#2698,#2699,
    #2700),.UNSPECIFIED.,.F.,.F.,(6,6),(0.,1.06840254766),
  .PIECEWISE_BEZIER_KNOTS.);
#2695 = CARTESIAN_POINT('',(2.56149653041E+03,-752.482661712,
    648.411906047));
#2696 = CARTESIAN_POINT('',(2.56149653041E+03,-752.418392404,
    648.511922854));
#2697 = CARTESIAN_POINT('',(2.56149653041E+03,-752.344150553,
    648.625305265));
#2698 = CARTESIAN_POINT('',(2.56149653041E+03,-752.263552943,
    648.746678388));
#2699 = CARTESIAN_POINT('',(2.56149653041E+03,-752.170185903,
    648.885341627));
#2700 = CARTESIAN_POINT('',(2.56149653041E+03,-752.070181734,
    649.032535408));
#2701 = ORIENTED_EDGE('',*,*,#2454,.T.);
#2702 = ORIENTED_EDGE('',*,*,#2703,.T.);
#2703 = EDGE_CURVE('',#2429,#2704,#2706,.T.);
#2704 = VERTEX_POINT('',#2705);
#2705 = CARTESIAN_POINT('',(2.56149653103E+03,-749.706552341,
    651.618452273));
#2706 = LINE('',#2707,#2708);
#2707 = CARTESIAN_POINT('',(2.56149653041E+03,-749.706555053,
    650.325496487));
#2708 = VECTOR('',#2709,1.);
#2709 = DIRECTION('',(0.,0.,1.));
#2710 = ORIENTED_EDGE('',*,*,#2711,.F.);
#2711 = EDGE_CURVE('',#2712,#2704,#2714,.T.);
#2712 = VERTEX_POINT('',#2713);
#2713 = CARTESIAN_POINT('',(2.56149653041E+03,-747.892483791,
    652.056146316));
#2714 = B_SPLINE_CURVE_WITH_KNOTS('',5,(#2715,#2716,#2717,#2718,#2719,
    #2720),.UNSPECIFIED.,.F.,.F.,(6,6),(0.,2.67588806466),
  .PIECEWISE_BEZIER_KNOTS.);
#2715 = CARTESIAN_POINT('',(2.56149653041E+03,-747.892483791,
    652.056146317));
#2716 = CARTESIAN_POINT('',(2.56149653041E+03,-748.269117374,
    652.056146317));
#2717 = CARTESIAN_POINT('',(2.56149653041E+03,-748.645673662,
    652.010769948));
#2718 = CARTESIAN_POINT('',(2.56149653041E+03,-749.015356369,
    651.921581369));
#2719 = CARTESIAN_POINT('',(2.56149653041E+03,-749.371235693,
    651.790244526));
#2720 = CARTESIAN_POINT('',(2.56149653041E+03,-749.706555053,
    651.618457566));
#2721 = ORIENTED_EDGE('',*,*,#2722,.T.);
#2722 = EDGE_CURVE('',#2712,#2723,#2725,.T.);
#2723 = VERTEX_POINT('',#2724);
#2724 = CARTESIAN_POINT('',(2.56149653041E+03,-743.85626104,
    652.056146316));
#2725 = LINE('',#2726,#2727);
#2726 = CARTESIAN_POINT('',(2.56149653041E+03,-745.874372415,
    652.056146317));
#2727 = VECTOR('',#2728,1.);
#2728 = DIRECTION('',(0.,1.,0.));
#2729 = ORIENTED_EDGE('',*,*,#2730,.T.);
#2730 = EDGE_CURVE('',#2723,#2731,#2733,.T.);
#2731 = VERTEX_POINT('',#2732);
#2732 = CARTESIAN_POINT('',(2.56149653041E+03,-743.514290475,
    651.920137097));
#2733 = B_SPLINE_CURVE_WITH_KNOTS('',5,(#2734,#2735,#2736,#2737,#2738,
    #2739,#2740,#2741,#2742),.UNSPECIFIED.,.F.,.F.,(6,3,6),(0.,
    0.431248657445,0.539047709245),.UNSPECIFIED.);
#2734 = CARTESIAN_POINT('',(2.56149653041E+03,-743.85626104,
    652.056146317));
#2735 = CARTESIAN_POINT('',(2.56149653041E+03,-743.795985716,
    652.056146317));
#2736 = CARTESIAN_POINT('',(2.56149653041E+03,-743.735782318,
    652.04659597));
#2737 = CARTESIAN_POINT('',(2.56149653041E+03,-743.677403307,
    652.028131611));
#2738 = CARTESIAN_POINT('',(2.56149653041E+03,-743.608862924,
    651.994859189));
#2739 = CARTESIAN_POINT('',(2.56149653041E+03,-743.548391672,
    651.949860231));
#2740 = CARTESIAN_POINT('',(2.56149653041E+03,-743.536619776,
    651.940379942));
#2741 = CARTESIAN_POINT('',(2.56149653041E+03,-743.525253176,
    651.930475492));
#2742 = CARTESIAN_POINT('',(2.56149653041E+03,-743.514290476,
    651.920137099));
#2743 = ORIENTED_EDGE('',*,*,#2744,.F.);
#2744 = EDGE_CURVE('',#2745,#2731,#2747,.T.);
#2745 = VERTEX_POINT('',#2746);
#2746 = CARTESIAN_POINT('',(2.56149653041E+03,-743.002784124,
    651.437427455));
#2747 = B_SPLINE_CURVE_WITH_KNOTS('',5,(#2748,#2749,#2750,#2751,#2752,
    #2753),.UNSPECIFIED.,.F.,.F.,(6,6),(0.,0.994632966401),
  .PIECEWISE_BEZIER_KNOTS.);
#2748 = CARTESIAN_POINT('',(2.56149653041E+03,-743.002784123,
    651.437427456));
#2749 = CARTESIAN_POINT('',(2.56149653041E+03,-743.101365076,
    651.530530175));
#2750 = CARTESIAN_POINT('',(2.56149653041E+03,-743.202002422,
    651.625536112));
#2751 = CARTESIAN_POINT('',(2.56149653041E+03,-743.304566488,
    651.722324559));
#2752 = CARTESIAN_POINT('',(2.56149653041E+03,-743.408680103,
    651.820541057));
#2753 = CARTESIAN_POINT('',(2.56149653041E+03,-743.514290476,
    651.920137099));
#2754 = ORIENTED_EDGE('',*,*,#2755,.F.);
#2755 = EDGE_CURVE('',#2756,#2745,#2758,.T.);
#2756 = VERTEX_POINT('',#2757);
#2757 = CARTESIAN_POINT('',(2.56149653041E+03,-742.844682669,
    651.336472229));
#2758 = B_SPLINE_CURVE_WITH_KNOTS('',5,(#2759,#2760,#2761,#2762,#2763,
    #2764),.UNSPECIFIED.,.F.,.F.,(6,6),(0.,0.266870268225),
  .PIECEWISE_BEZIER_KNOTS.);
#2759 = CARTESIAN_POINT('',(2.56149653041E+03,-742.844682669,
    651.336472229));
#2760 = CARTESIAN_POINT('',(2.56149653041E+03,-742.879640538,
    651.350403601));
#2761 = CARTESIAN_POINT('',(2.56149653041E+03,-742.91326116,
    651.367674612));
#2762 = CARTESIAN_POINT('',(2.56149653041E+03,-742.945622101,
    651.388350874));
#2763 = CARTESIAN_POINT('',(2.56149653041E+03,-742.975427863,
    651.411591406));
#2764 = CARTESIAN_POINT('',(2.56149653041E+03,-743.002784125,
    651.437427454));
#2765 = ORIENTED_EDGE('',*,*,#2766,.F.);
#2766 = EDGE_CURVE('',#1578,#2756,#2767,.T.);
#2767 = B_SPLINE_CURVE_WITH_KNOTS('',5,(#2768,#2769,#2770,#2771,#2772,
    #2773),.UNSPECIFIED.,.F.,.F.,(6,6),(0.,0.266377694258),
  .PIECEWISE_BEZIER_KNOTS.);
#2768 = CARTESIAN_POINT('',(2.56149653041E+03,-742.66081356,
    651.301162381));
#2769 = CARTESIAN_POINT('',(2.56149653041E+03,-742.698373708,
    651.301162369));
#2770 = CARTESIAN_POINT('',(2.56149653041E+03,-742.735929613,
    651.30476121));
#2771 = CARTESIAN_POINT('',(2.56149653041E+03,-742.773578219,
    651.311995969));
#2772 = CARTESIAN_POINT('',(2.56149653041E+03,-742.809793396,
    651.322568194));
#2773 = CARTESIAN_POINT('',(2.56149653041E+03,-742.844682669,
    651.336472229));
#2774 = ORIENTED_EDGE('',*,*,#1577,.T.);
#2775 = ORIENTED_EDGE('',*,*,#1207,.F.);
#2776 = PLANE('',#2777);
#2777 = AXIS2_PLACEMENT_3D('',#2778,#2779,#2780);
#2778 = CARTESIAN_POINT('',(2.56149653041E+03,-736.0585373,647.332535409
    ));
#2779 = DIRECTION('',(1.,0.,0.));
#2780 = DIRECTION('',(-0.,1.,0.));
#2781 = ADVANCED_FACE('',(#2782),#2927,.T.);
#2782 = FACE_BOUND('',#2783,.T.);
#2783 = EDGE_LOOP('',(#2784,#2794,#2805,#2816,#2824,#2832,#2843,#2851,
    #2865,#2876,#2887,#2898,#2904,#2905,#2913,#2921));
#2784 = ORIENTED_EDGE('',*,*,#2785,.T.);
#2785 = EDGE_CURVE('',#2786,#2788,#2790,.T.);
#2786 = VERTEX_POINT('',#2787);
#2787 = CARTESIAN_POINT('',(2.56249653041E+03,-741.348388672,
    646.832535409));
#2788 = VERTEX_POINT('',#2789);
#2789 = CARTESIAN_POINT('',(2.56249643383E+03,-752.70791865,
    646.832631985));
#2790 = LINE('',#2791,#2792);
#2791 = CARTESIAN_POINT('',(2.56249653041E+03,-747.028410414,
    646.832535409));
#2792 = VECTOR('',#2793,1.);
#2793 = DIRECTION('',(0.,-1.,0.));
#2794 = ORIENTED_EDGE('',*,*,#2795,.F.);
#2795 = EDGE_CURVE('',#2796,#2788,#2798,.T.);
#2796 = VERTEX_POINT('',#2797);
#2797 = CARTESIAN_POINT('',(2.56249653041E+03,-752.482661712,
    646.25316477));
#2798 = B_SPLINE_CURVE_WITH_KNOTS('',5,(#2799,#2800,#2801,#2802,#2803,
    #2804),.UNSPECIFIED.,.F.,.F.,(6,6),(0.,0.887711672523),
  .PIECEWISE_BEZIER_KNOTS.);
#2799 = CARTESIAN_POINT('',(2.56249653041E+03,-752.482661712,
    646.253164771));
#2800 = CARTESIAN_POINT('',(2.56249653041E+03,-752.549275122,
    646.356829502));
#2801 = CARTESIAN_POINT('',(2.56249653041E+03,-752.605418249,
    646.467701821));
#2802 = CARTESIAN_POINT('',(2.56249653041E+03,-752.650607397,
    646.58473923));
#2803 = CARTESIAN_POINT('',(2.56249653041E+03,-752.684842639,
    646.706722217));
#2804 = CARTESIAN_POINT('',(2.56249653041E+03,-752.708432158,
    646.832535409));
#2805 = ORIENTED_EDGE('',*,*,#2806,.T.);
#2806 = EDGE_CURVE('',#2796,#2807,#2809,.T.);
#2807 = VERTEX_POINT('',#2808);
#2808 = CARTESIAN_POINT('',(2.56249653041E+03,-752.070181734,
    645.632535409));
#2809 = B_SPLINE_CURVE_WITH_KNOTS('',5,(#2810,#2811,#2812,#2813,#2814,
    #2815),.UNSPECIFIED.,.F.,.F.,(6,6),(0.,1.06840254279),
  .PIECEWISE_BEZIER_KNOTS.);
#2810 = CARTESIAN_POINT('',(2.56249653041E+03,-752.482661712,
    646.253164771));
#2811 = CARTESIAN_POINT('',(2.56249653041E+03,-752.418392404,
    646.153147965));
#2812 = CARTESIAN_POINT('',(2.56249653041E+03,-752.344150553,
    646.039765554));
#2813 = CARTESIAN_POINT('',(2.56249653041E+03,-752.263552942,
    645.918392429));
#2814 = CARTESIAN_POINT('',(2.56249653041E+03,-752.170185903,
    645.77972919));
#2815 = CARTESIAN_POINT('',(2.56249653041E+03,-752.070181734,
    645.63253541));
#2816 = ORIENTED_EDGE('',*,*,#2817,.T.);
#2817 = EDGE_CURVE('',#2807,#2818,#2820,.T.);
#2818 = VERTEX_POINT('',#2819);
#2819 = CARTESIAN_POINT('',(2.56249653041E+03,-749.68913511,
    645.632535408));
#2820 = LINE('',#2821,#2822);
#2821 = CARTESIAN_POINT('',(2.56249653041E+03,-750.879658422,
    645.63253541));
#2822 = VECTOR('',#2823,1.);
#2823 = DIRECTION('',(0.,1.,0.));
#2824 = ORIENTED_EDGE('',*,*,#2825,.F.);
#2825 = EDGE_CURVE('',#2826,#2818,#2828,.T.);
#2826 = VERTEX_POINT('',#2827);
#2827 = CARTESIAN_POINT('',(2.56249652978E+03,-749.689132371,
    643.037748215));
#2828 = LINE('',#2829,#2830);
#2829 = CARTESIAN_POINT('',(2.56249653041E+03,-749.689135109,
    644.335139107));
#2830 = VECTOR('',#2831,1.);
#2831 = DIRECTION('',(0.,0.,1.));
#2832 = ORIENTED_EDGE('',*,*,#2833,.F.);
#2833 = EDGE_CURVE('',#2834,#2826,#2836,.T.);
#2834 = VERTEX_POINT('',#2835);
#2835 = CARTESIAN_POINT('',(2.56249653041E+03,-747.892483791,
    642.608924502));
#2836 = B_SPLINE_CURVE_WITH_KNOTS('',5,(#2837,#2838,#2839,#2840,#2841,
    #2842),.UNSPECIFIED.,.F.,.F.,(6,6),(0.,2.64788265492),
  .PIECEWISE_BEZIER_KNOTS.);
#2837 = CARTESIAN_POINT('',(2.56249653041E+03,-747.892483791,
    642.608924501));
#2838 = CARTESIAN_POINT('',(2.56249653041E+03,-748.265212005,
    642.608924501));
#2839 = CARTESIAN_POINT('',(2.56249653041E+03,-748.637866846,
    642.653348943));
#2840 = CARTESIAN_POINT('',(2.56249653041E+03,-749.003857008,
    642.740696107));
#2841 = CARTESIAN_POINT('',(2.56249653041E+03,-749.356464461,
    642.869370191));
#2842 = CARTESIAN_POINT('',(2.56249653041E+03,-749.689135109,
    643.037742803));
#2843 = ORIENTED_EDGE('',*,*,#2844,.T.);
#2844 = EDGE_CURVE('',#2834,#2845,#2847,.T.);
#2845 = VERTEX_POINT('',#2846);
#2846 = CARTESIAN_POINT('',(2.56249653041E+03,-743.85626104,
    642.608924502));
#2847 = LINE('',#2848,#2849);
#2848 = CARTESIAN_POINT('',(2.56249653041E+03,-745.874372415,
    642.608924501));
#2849 = VECTOR('',#2850,1.);
#2850 = DIRECTION('',(0.,1.,0.));
#2851 = ORIENTED_EDGE('',*,*,#2852,.T.);
#2852 = EDGE_CURVE('',#2845,#2853,#2855,.T.);
#2853 = VERTEX_POINT('',#2854);
#2854 = CARTESIAN_POINT('',(2.56249653041E+03,-743.514290475,
    642.74493372));
#2855 = B_SPLINE_CURVE_WITH_KNOTS('',5,(#2856,#2857,#2858,#2859,#2860,
    #2861,#2862,#2863,#2864),.UNSPECIFIED.,.F.,.F.,(6,3,6),(0.,
    0.431248673855,0.539047725752),.UNSPECIFIED.);
#2856 = CARTESIAN_POINT('',(2.56249653041E+03,-743.85626104,
    642.608924501));
#2857 = CARTESIAN_POINT('',(2.56249653041E+03,-743.795985714,
    642.608924501));
#2858 = CARTESIAN_POINT('',(2.56249653041E+03,-743.735782313,
    642.618474848));
#2859 = CARTESIAN_POINT('',(2.56249653041E+03,-743.67740331,
    642.636939207));
#2860 = CARTESIAN_POINT('',(2.56249653041E+03,-743.608862926,
    642.670211629));
#2861 = CARTESIAN_POINT('',(2.56249653041E+03,-743.548391672,
    642.715210589));
#2862 = CARTESIAN_POINT('',(2.56249653041E+03,-743.536619776,
    642.724690878));
#2863 = CARTESIAN_POINT('',(2.56249653041E+03,-743.525253176,
    642.734595328));
#2864 = CARTESIAN_POINT('',(2.56249653041E+03,-743.514290476,
    642.744933721));
#2865 = ORIENTED_EDGE('',*,*,#2866,.F.);
#2866 = EDGE_CURVE('',#2867,#2853,#2869,.T.);
#2867 = VERTEX_POINT('',#2868);
#2868 = CARTESIAN_POINT('',(2.56249653041E+03,-743.002784124,
    643.227643363));
#2869 = B_SPLINE_CURVE_WITH_KNOTS('',5,(#2870,#2871,#2872,#2873,#2874,
    #2875),.UNSPECIFIED.,.F.,.F.,(6,6),(0.,0.994632966401),
  .PIECEWISE_BEZIER_KNOTS.);
#2870 = CARTESIAN_POINT('',(2.56249653041E+03,-743.002784123,
    643.227643362));
#2871 = CARTESIAN_POINT('',(2.56249653041E+03,-743.101365076,
    643.134540643));
#2872 = CARTESIAN_POINT('',(2.56249653041E+03,-743.202002422,
    643.039534706));
#2873 = CARTESIAN_POINT('',(2.56249653041E+03,-743.304566488,
    642.942746259));
#2874 = CARTESIAN_POINT('',(2.56249653041E+03,-743.408680103,
    642.844529761));
#2875 = CARTESIAN_POINT('',(2.56249653041E+03,-743.514290476,
    642.744933719));
#2876 = ORIENTED_EDGE('',*,*,#2877,.T.);
#2877 = EDGE_CURVE('',#2867,#2878,#2880,.T.);
#2878 = VERTEX_POINT('',#2879);
#2879 = CARTESIAN_POINT('',(2.56249653041E+03,-742.844682669,
    643.328598589));
#2880 = B_SPLINE_CURVE_WITH_KNOTS('',5,(#2881,#2882,#2883,#2884,#2885,
    #2886),.UNSPECIFIED.,.F.,.F.,(6,6),(0.,0.266870269119),
  .PIECEWISE_BEZIER_KNOTS.);
#2881 = CARTESIAN_POINT('',(2.56249653041E+03,-743.002784125,
    643.227643364));
#2882 = CARTESIAN_POINT('',(2.56249653041E+03,-742.975427856,
    643.253479419));
#2883 = CARTESIAN_POINT('',(2.56249653041E+03,-742.945622101,
    643.276719952));
#2884 = CARTESIAN_POINT('',(2.56249653041E+03,-742.913261167,
    643.297396209));
#2885 = CARTESIAN_POINT('',(2.56249653041E+03,-742.879640547,
    643.314667214));
#2886 = CARTESIAN_POINT('',(2.56249653041E+03,-742.844682669,
    643.328598589));
#2887 = ORIENTED_EDGE('',*,*,#2888,.T.);
#2888 = EDGE_CURVE('',#2878,#2889,#2891,.T.);
#2889 = VERTEX_POINT('',#2890);
#2890 = CARTESIAN_POINT('',(2.56249653041E+03,-742.660813651,
    643.363908442));
#2891 = B_SPLINE_CURVE_WITH_KNOTS('',5,(#2892,#2893,#2894,#2895,#2896,
    #2897),.UNSPECIFIED.,.F.,.F.,(6,6),(0.,0.266377923072),
  .PIECEWISE_BEZIER_KNOTS.);
#2892 = CARTESIAN_POINT('',(2.56249653041E+03,-742.844682669,
    643.328598589));
#2893 = CARTESIAN_POINT('',(2.56249653041E+03,-742.809793312,
    643.342502658));
#2894 = CARTESIAN_POINT('',(2.56249653041E+03,-742.773578091,
    643.353074876));
#2895 = CARTESIAN_POINT('',(2.56249653041E+03,-742.735929465,
    643.360309598));
#2896 = CARTESIAN_POINT('',(2.56249653041E+03,-742.698373553,
    643.363908408));
#2897 = CARTESIAN_POINT('',(2.56249653041E+03,-742.660813391,
    643.363908412));
#2898 = ORIENTED_EDGE('',*,*,#2899,.T.);
#2899 = EDGE_CURVE('',#2889,#1417,#2900,.T.);
#2900 = LINE('',#2901,#2902);
#2901 = CARTESIAN_POINT('',(2.56249653041E+03,-742.147557766,
    643.363908442));
#2902 = VECTOR('',#2903,1.);
#2903 = DIRECTION('',(0.,1.,0.));
#2904 = ORIENTED_EDGE('',*,*,#1425,.T.);
#2905 = ORIENTED_EDGE('',*,*,#2906,.F.);
#2906 = EDGE_CURVE('',#2907,#1426,#2909,.T.);
#2907 = VERTEX_POINT('',#2908);
#2908 = CARTESIAN_POINT('',(2.56249653041E+03,-741.402893066,
    645.63253541));
#2909 = LINE('',#2910,#2911);
#2910 = CARTESIAN_POINT('',(2.56249653041E+03,-741.402893066,
    644.454188495));
#2911 = VECTOR('',#2912,1.);
#2912 = DIRECTION('',(0.,0.,-1.));
#2913 = ORIENTED_EDGE('',*,*,#2914,.T.);
#2914 = EDGE_CURVE('',#2907,#2915,#2917,.T.);
#2915 = VERTEX_POINT('',#2916);
#2916 = CARTESIAN_POINT('',(2.56249653041E+03,-741.348388672,
    645.63253541));
#2917 = LINE('',#2918,#2919);
#2918 = CARTESIAN_POINT('',(2.56249653041E+03,-741.375640868,
    645.63253541));
#2919 = VECTOR('',#2920,1.);
#2920 = DIRECTION('',(0.,1.,0.));
#2921 = ORIENTED_EDGE('',*,*,#2922,.T.);
#2922 = EDGE_CURVE('',#2915,#2786,#2923,.T.);
#2923 = LINE('',#2924,#2925);
#2924 = CARTESIAN_POINT('',(2.56249653041E+03,-741.348388671,
    646.232535409));
#2925 = VECTOR('',#2926,1.);
#2926 = DIRECTION('',(0.,0.,1.));
#2927 = PLANE('',#2928);
#2928 = AXIS2_PLACEMENT_3D('',#2929,#2930,#2931);
#2929 = CARTESIAN_POINT('',(2.56249653041E+03,-736.0585373,647.332535409
    ));
#2930 = DIRECTION('',(1.,0.,0.));
#2931 = DIRECTION('',(-0.,1.,0.));
#2932 = ADVANCED_FACE('',(#2933),#2952,.T.);
#2933 = FACE_BOUND('',#2934,.T.);
#2934 = EDGE_LOOP('',(#2935,#2936,#2937,#2946));
#2935 = ORIENTED_EDGE('',*,*,#1416,.F.);
#2936 = ORIENTED_EDGE('',*,*,#2899,.F.);
#2937 = ORIENTED_EDGE('',*,*,#2938,.T.);
#2938 = EDGE_CURVE('',#2889,#2939,#2941,.T.);
#2939 = VERTEX_POINT('',#2940);
#2940 = CARTESIAN_POINT('',(2.56149653041E+03,-742.660813651,
    643.363908442));
#2941 = CIRCLE('',#2942,4.);
#2942 = AXIS2_PLACEMENT_3D('',#2943,#2944,#2945);
#2943 = CARTESIAN_POINT('',(2.56199653041E+03,-742.660813651,
    647.332535409));
#2944 = DIRECTION('',(-0.,1.,0.));
#2945 = DIRECTION('',(0.,0.,1.));
#2946 = ORIENTED_EDGE('',*,*,#2947,.T.);
#2947 = EDGE_CURVE('',#2939,#1408,#2948,.T.);
#2948 = LINE('',#2949,#2950);
#2949 = CARTESIAN_POINT('',(2.56149653041E+03,-746.558537301,
    643.363908442));
#2950 = VECTOR('',#2951,1.);
#2951 = DIRECTION('',(0.,1.,0.));
#2952 = CYLINDRICAL_SURFACE('',#2953,4.);
#2953 = AXIS2_PLACEMENT_3D('',#2954,#2955,#2956);
#2954 = CARTESIAN_POINT('',(2.56199653041E+03,-746.5585373,647.332535409
    ));
#2955 = DIRECTION('',(-0.,1.,0.));
#2956 = DIRECTION('',(0.479425538604,0.,0.87758256189));
#2957 = ADVANCED_FACE('',(#2958),#3070,.F.);
#2958 = FACE_BOUND('',#2959,.T.);
#2959 = EDGE_LOOP('',(#2960,#2961,#2962,#2963,#2964,#2965,#2976,#2987,
    #2998,#3012,#3020,#3031,#3037,#3038,#3049,#3060,#3069));
#2960 = ORIENTED_EDGE('',*,*,#2096,.F.);
#2961 = ORIENTED_EDGE('',*,*,#2072,.F.);
#2962 = ORIENTED_EDGE('',*,*,#1791,.T.);
#2963 = ORIENTED_EDGE('',*,*,#1407,.F.);
#2964 = ORIENTED_EDGE('',*,*,#2947,.F.);
#2965 = ORIENTED_EDGE('',*,*,#2966,.F.);
#2966 = EDGE_CURVE('',#2967,#2939,#2969,.T.);
#2967 = VERTEX_POINT('',#2968);
#2968 = CARTESIAN_POINT('',(2.56149653041E+03,-742.844682668,
    643.328598589));
#2969 = B_SPLINE_CURVE_WITH_KNOTS('',5,(#2970,#2971,#2972,#2973,#2974,
    #2975),.UNSPECIFIED.,.F.,.F.,(6,6),(0.,0.266378007642),
  .PIECEWISE_BEZIER_KNOTS.);
#2970 = CARTESIAN_POINT('',(2.56149653041E+03,-742.844682669,
    643.328598589));
#2971 = CARTESIAN_POINT('',(2.56149653041E+03,-742.809793301,
    643.342502662));
#2972 = CARTESIAN_POINT('',(2.56149653041E+03,-742.773578068,
    643.353074882));
#2973 = CARTESIAN_POINT('',(2.56149653041E+03,-742.735929429,
    643.360309605));
#2974 = CARTESIAN_POINT('',(2.56149653041E+03,-742.698373505,
    643.363908413));
#2975 = CARTESIAN_POINT('',(2.56149653041E+03,-742.660813331,
    643.363908412));
#2976 = ORIENTED_EDGE('',*,*,#2977,.F.);
#2977 = EDGE_CURVE('',#2978,#2967,#2980,.T.);
#2978 = VERTEX_POINT('',#2979);
#2979 = CARTESIAN_POINT('',(2.56149653041E+03,-743.002784124,
    643.227643363));
#2980 = B_SPLINE_CURVE_WITH_KNOTS('',5,(#2981,#2982,#2983,#2984,#2985,
    #2986),.UNSPECIFIED.,.F.,.F.,(6,6),(0.,0.266870269119),
  .PIECEWISE_BEZIER_KNOTS.);
#2981 = CARTESIAN_POINT('',(2.56149653041E+03,-743.002784125,
    643.227643364));
#2982 = CARTESIAN_POINT('',(2.56149653041E+03,-742.975427856,
    643.253479419));
#2983 = CARTESIAN_POINT('',(2.56149653041E+03,-742.945622101,
    643.276719952));
#2984 = CARTESIAN_POINT('',(2.56149653041E+03,-742.913261167,
    643.297396209));
#2985 = CARTESIAN_POINT('',(2.56149653041E+03,-742.879640547,
    643.314667214));
#2986 = CARTESIAN_POINT('',(2.56149653041E+03,-742.844682669,
    643.328598589));
#2987 = ORIENTED_EDGE('',*,*,#2988,.T.);
#2988 = EDGE_CURVE('',#2978,#2989,#2991,.T.);
#2989 = VERTEX_POINT('',#2990);
#2990 = CARTESIAN_POINT('',(2.56149653041E+03,-743.514290475,
    642.74493372));
#2991 = B_SPLINE_CURVE_WITH_KNOTS('',5,(#2992,#2993,#2994,#2995,#2996,
    #2997),.UNSPECIFIED.,.F.,.F.,(6,6),(0.,0.994632966401),
  .PIECEWISE_BEZIER_KNOTS.);
#2992 = CARTESIAN_POINT('',(2.56149653041E+03,-743.002784123,
    643.227643362));
#2993 = CARTESIAN_POINT('',(2.56149653041E+03,-743.101365076,
    643.134540643));
#2994 = CARTESIAN_POINT('',(2.56149653041E+03,-743.202002422,
    643.039534706));
#2995 = CARTESIAN_POINT('',(2.56149653041E+03,-743.304566488,
    642.942746259));
#2996 = CARTESIAN_POINT('',(2.56149653041E+03,-743.408680103,
    642.844529761));
#2997 = CARTESIAN_POINT('',(2.56149653041E+03,-743.514290476,
    642.744933719));
#2998 = ORIENTED_EDGE('',*,*,#2999,.F.);
#2999 = EDGE_CURVE('',#3000,#2989,#3002,.T.);
#3000 = VERTEX_POINT('',#3001);
#3001 = CARTESIAN_POINT('',(2.56149653041E+03,-743.85626104,
    642.608924502));
#3002 = B_SPLINE_CURVE_WITH_KNOTS('',5,(#3003,#3004,#3005,#3006,#3007,
    #3008,#3009,#3010,#3011),.UNSPECIFIED.,.F.,.F.,(6,3,6),(0.,
    0.431248673855,0.539047725752),.UNSPECIFIED.);
#3003 = CARTESIAN_POINT('',(2.56149653041E+03,-743.85626104,
    642.608924501));
#3004 = CARTESIAN_POINT('',(2.56149653041E+03,-743.795985714,
    642.608924501));
#3005 = CARTESIAN_POINT('',(2.56149653041E+03,-743.735782313,
    642.618474848));
#3006 = CARTESIAN_POINT('',(2.56149653041E+03,-743.67740331,
    642.636939207));
#3007 = CARTESIAN_POINT('',(2.56149653041E+03,-743.608862926,
    642.670211629));
#3008 = CARTESIAN_POINT('',(2.56149653041E+03,-743.548391672,
    642.715210589));
#3009 = CARTESIAN_POINT('',(2.56149653041E+03,-743.536619776,
    642.724690878));
#3010 = CARTESIAN_POINT('',(2.56149653041E+03,-743.525253176,
    642.734595328));
#3011 = CARTESIAN_POINT('',(2.56149653041E+03,-743.514290476,
    642.744933721));
#3012 = ORIENTED_EDGE('',*,*,#3013,.F.);
#3013 = EDGE_CURVE('',#3014,#3000,#3016,.T.);
#3014 = VERTEX_POINT('',#3015);
#3015 = CARTESIAN_POINT('',(2.56149653041E+03,-747.892483791,
    642.608924502));
#3016 = LINE('',#3017,#3018);
#3017 = CARTESIAN_POINT('',(2.56149653041E+03,-745.874372415,
    642.608924501));
#3018 = VECTOR('',#3019,1.);
#3019 = DIRECTION('',(0.,1.,0.));
#3020 = ORIENTED_EDGE('',*,*,#3021,.T.);
#3021 = EDGE_CURVE('',#3014,#3022,#3024,.T.);
#3022 = VERTEX_POINT('',#3023);
#3023 = CARTESIAN_POINT('',(2.56149653103E+03,-749.706552341,
    643.046618545));
#3024 = B_SPLINE_CURVE_WITH_KNOTS('',5,(#3025,#3026,#3027,#3028,#3029,
    #3030),.UNSPECIFIED.,.F.,.F.,(6,6),(0.,2.67588806661),
  .PIECEWISE_BEZIER_KNOTS.);
#3025 = CARTESIAN_POINT('',(2.56149653041E+03,-747.892483791,
    642.608924501));
#3026 = CARTESIAN_POINT('',(2.56149653041E+03,-748.269117375,
    642.608924501));
#3027 = CARTESIAN_POINT('',(2.56149653041E+03,-748.645673663,
    642.65430087));
#3028 = CARTESIAN_POINT('',(2.56149653041E+03,-749.015356368,
    642.743489449));
#3029 = CARTESIAN_POINT('',(2.56149653041E+03,-749.371235692,
    642.874826292));
#3030 = CARTESIAN_POINT('',(2.56149653041E+03,-749.706555053,
    643.046613252));
#3031 = ORIENTED_EDGE('',*,*,#3032,.T.);
#3032 = EDGE_CURVE('',#3022,#2039,#3033,.T.);
#3033 = LINE('',#3034,#3035);
#3034 = CARTESIAN_POINT('',(2.56149653041E+03,-749.706555053,
    644.339574331));
#3035 = VECTOR('',#3036,1.);
#3036 = DIRECTION('',(0.,0.,1.));
#3037 = ORIENTED_EDGE('',*,*,#2038,.F.);
#3038 = ORIENTED_EDGE('',*,*,#3039,.F.);
#3039 = EDGE_CURVE('',#3040,#2028,#3042,.T.);
#3040 = VERTEX_POINT('',#3041);
#3041 = CARTESIAN_POINT('',(2.56149653041E+03,-752.482661712,
    646.253164771));
#3042 = B_SPLINE_CURVE_WITH_KNOTS('',5,(#3043,#3044,#3045,#3046,#3047,
    #3048),.UNSPECIFIED.,.F.,.F.,(6,6),(0.,1.06840254859),
  .PIECEWISE_BEZIER_KNOTS.);
#3043 = CARTESIAN_POINT('',(2.56149653041E+03,-752.482661712,
    646.253164771));
#3044 = CARTESIAN_POINT('',(2.56149653041E+03,-752.418392404,
    646.153147964));
#3045 = CARTESIAN_POINT('',(2.56149653041E+03,-752.344150552,
    646.039765553));
#3046 = CARTESIAN_POINT('',(2.56149653041E+03,-752.263552943,
    645.91839243));
#3047 = CARTESIAN_POINT('',(2.56149653041E+03,-752.170185903,
    645.779729191));
#3048 = CARTESIAN_POINT('',(2.56149653041E+03,-752.070181734,
    645.63253541));
#3049 = ORIENTED_EDGE('',*,*,#3050,.T.);
#3050 = EDGE_CURVE('',#3040,#3051,#3053,.T.);
#3051 = VERTEX_POINT('',#3052);
#3052 = CARTESIAN_POINT('',(2.56149657739E+03,-752.57411681,
    646.417377543));
#3053 = B_SPLINE_CURVE_WITH_KNOTS('',5,(#3054,#3055,#3056,#3057,#3058,
    #3059),.UNSPECIFIED.,.F.,.F.,(6,6),(0.,0.266005127977),
  .PIECEWISE_BEZIER_KNOTS.);
#3054 = CARTESIAN_POINT('',(2.56149653041E+03,-752.482661712,
    646.253164771));
#3055 = CARTESIAN_POINT('',(2.56149653041E+03,-752.502919786,
    646.284690672));
#3056 = CARTESIAN_POINT('',(2.56149653041E+03,-752.522230592,
    646.316903016));
#3057 = CARTESIAN_POINT('',(2.56149653041E+03,-752.540601418,
    646.349812103));
#3058 = CARTESIAN_POINT('',(2.56149653041E+03,-752.55795335,
    646.383271382));
#3059 = CARTESIAN_POINT('',(2.56149653041E+03,-752.574296604,
    646.417291549));
#3060 = ORIENTED_EDGE('',*,*,#3061,.T.);
#3061 = EDGE_CURVE('',#3051,#2119,#3062,.T.);
#3062 = B_SPLINE_CURVE_WITH_KNOTS('',5,(#3063,#3064,#3065,#3066,#3067,
    #3068),.UNSPECIFIED.,.F.,.F.,(6,6),(0.,0.618905375119),
  .PIECEWISE_BEZIER_KNOTS.);
#3063 = CARTESIAN_POINT('',(2.56149653041E+03,-752.574296604,
    646.417291549));
#3064 = CARTESIAN_POINT('',(2.56149653041E+03,-752.611628808,
    646.495002379));
#3065 = CARTESIAN_POINT('',(2.56149653041E+03,-752.643676189,
    646.575684357));
#3066 = CARTESIAN_POINT('',(2.56149653041E+03,-752.67058397,
    646.659601616));
#3067 = CARTESIAN_POINT('',(2.56149653041E+03,-752.692044708,
    646.745133994));
#3068 = CARTESIAN_POINT('',(2.56149653041E+03,-752.708432158,
    646.832535409));
#3069 = ORIENTED_EDGE('',*,*,#2118,.F.);
#3070 = PLANE('',#3071);
#3071 = AXIS2_PLACEMENT_3D('',#3072,#3073,#3074);
#3072 = CARTESIAN_POINT('',(2.56149653041E+03,-736.0585373,647.332535409
    ));
#3073 = DIRECTION('',(1.,0.,0.));
#3074 = DIRECTION('',(-0.,1.,0.));
#3075 = ADVANCED_FACE('',(#3076),#3171,.F.);
#3076 = FACE_BOUND('',#3077,.T.);
#3077 = EDGE_LOOP('',(#3078,#3079,#3080,#3088,#3096,#3107,#3115,#3129,
    #3140,#3151,#3165));
#3078 = ORIENTED_EDGE('',*,*,#1379,.F.);
#3079 = ORIENTED_EDGE('',*,*,#1773,.T.);
#3080 = ORIENTED_EDGE('',*,*,#3081,.T.);
#3081 = EDGE_CURVE('',#1766,#3082,#3084,.T.);
#3082 = VERTEX_POINT('',#3083);
#3083 = CARTESIAN_POINT('',(2.56399653041E+03,-749.68913511,
    649.032535408));
#3084 = LINE('',#3085,#3086);
#3085 = CARTESIAN_POINT('',(2.56399653041E+03,-745.546014088,
    649.032535408));
#3086 = VECTOR('',#3087,1.);
#3087 = DIRECTION('',(0.,-1.,0.));
#3088 = ORIENTED_EDGE('',*,*,#3089,.T.);
#3089 = EDGE_CURVE('',#3082,#3090,#3092,.T.);
#3090 = VERTEX_POINT('',#3091);
#3091 = CARTESIAN_POINT('',(2.56399653041E+03,-749.68913511,
    651.165972969));
#3092 = LINE('',#3093,#3094);
#3093 = CARTESIAN_POINT('',(2.56399653041E+03,-749.68913511,
    650.099254189));
#3094 = VECTOR('',#3095,1.);
#3095 = DIRECTION('',(0.,0.,1.));
#3096 = ORIENTED_EDGE('',*,*,#3097,.F.);
#3097 = EDGE_CURVE('',#3098,#3090,#3100,.T.);
#3098 = VERTEX_POINT('',#3099);
#3099 = CARTESIAN_POINT('',(2.56399653041E+03,-747.892483791,
    651.640957394));
#3100 = B_SPLINE_CURVE_WITH_KNOTS('',5,(#3101,#3102,#3103,#3104,#3105,
    #3106),.UNSPECIFIED.,.F.,.F.,(6,6),(0.,2.66168208825),
  .PIECEWISE_BEZIER_KNOTS.);
#3101 = CARTESIAN_POINT('',(2.56399653041E+03,-747.892483791,
    651.640957393));
#3102 = CARTESIAN_POINT('',(2.56399653041E+03,-748.26754547,
    651.640957393));
#3103 = CARTESIAN_POINT('',(2.56399653041E+03,-748.642606482,
    651.592492107));
#3104 = CARTESIAN_POINT('',(2.56399653041E+03,-749.009678939,
    651.495546057));
#3105 = CARTESIAN_POINT('',(2.56399653041E+03,-749.360780932,
    651.352161666));
#3106 = CARTESIAN_POINT('',(2.56399653041E+03,-749.68913511,
    651.165972969));
#3107 = ORIENTED_EDGE('',*,*,#3108,.T.);
#3108 = EDGE_CURVE('',#3098,#3109,#3111,.T.);
#3109 = VERTEX_POINT('',#3110);
#3110 = CARTESIAN_POINT('',(2.56399653041E+03,-743.85626104,
    651.640957394));
#3111 = LINE('',#3112,#3113);
#3112 = CARTESIAN_POINT('',(2.56399653041E+03,-745.874372416,
    651.640957393));
#3113 = VECTOR('',#3114,1.);
#3114 = DIRECTION('',(0.,1.,0.));
#3115 = ORIENTED_EDGE('',*,*,#3116,.T.);
#3116 = EDGE_CURVE('',#3109,#3117,#3119,.T.);
#3117 = VERTEX_POINT('',#3118);
#3118 = CARTESIAN_POINT('',(2.56399653041E+03,-743.514290475,
    651.491392134));
#3119 = B_SPLINE_CURVE_WITH_KNOTS('',5,(#3120,#3121,#3122,#3123,#3124,
    #3125,#3126,#3127,#3128),.UNSPECIFIED.,.F.,.F.,(6,3,6),(0.,
    0.329365769473,0.549016222661),.UNSPECIFIED.);
#3120 = CARTESIAN_POINT('',(2.56399653041E+03,-743.856261041,
    651.640957393));
#3121 = CARTESIAN_POINT('',(2.56399653041E+03,-743.810327978,
    651.640957393));
#3122 = CARTESIAN_POINT('',(2.56399653041E+03,-743.764516387,
    651.634790026));
#3123 = CARTESIAN_POINT('',(2.56399653041E+03,-743.719715502,
    651.622866293));
#3124 = CARTESIAN_POINT('',(2.56399653041E+03,-743.648078705,
    651.594362802));
#3125 = CARTESIAN_POINT('',(2.56399653041E+03,-743.583379657,
    651.552752957));
#3126 = CARTESIAN_POINT('',(2.56399653041E+03,-743.558581144,
    651.533960022));
#3127 = CARTESIAN_POINT('',(2.56399653041E+03,-743.535559601,
    651.513517825));
#3128 = CARTESIAN_POINT('',(2.56399653041E+03,-743.514290476,
    651.491392132));
#3129 = ORIENTED_EDGE('',*,*,#3130,.F.);
#3130 = EDGE_CURVE('',#3131,#3117,#3133,.T.);
#3131 = VERTEX_POINT('',#3132);
#3132 = CARTESIAN_POINT('',(2.56399653041E+03,-743.041640537,
    650.993510853));
#3133 = B_SPLINE_CURVE_WITH_KNOTS('',5,(#3134,#3135,#3136,#3137,#3138,
    #3139),.UNSPECIFIED.,.F.,.F.,(6,6),(0.,0.970866262773),
  .PIECEWISE_BEZIER_KNOTS.);
#3134 = CARTESIAN_POINT('',(2.56399653041E+03,-743.041640536,
    650.993510852));
#3135 = CARTESIAN_POINT('',(2.56399653041E+03,-743.130480623,
    651.088416545));
#3136 = CARTESIAN_POINT('',(2.56399653041E+03,-743.222196843,
    651.185694714));
#3137 = CARTESIAN_POINT('',(2.56399653041E+03,-743.317007718,
    651.285558955));
#3138 = CARTESIAN_POINT('',(2.56399653041E+03,-743.414357483,
    651.387434559));
#3139 = CARTESIAN_POINT('',(2.56399653041E+03,-743.514290476,
    651.491392134));
#3140 = ORIENTED_EDGE('',*,*,#3141,.F.);
#3141 = EDGE_CURVE('',#3142,#3131,#3144,.T.);
#3142 = VERTEX_POINT('',#3143);
#3143 = CARTESIAN_POINT('',(2.56399653041E+03,-743.002784124,
    650.951946787));
#3144 = B_SPLINE_CURVE_WITH_KNOTS('',5,(#3145,#3146,#3147,#3148,#3149,
    #3150),.UNSPECIFIED.,.F.,.F.,(6,6),(0.,8.04660546016E-02),
  .PIECEWISE_BEZIER_KNOTS.);
#3145 = CARTESIAN_POINT('',(2.56399653041E+03,-743.002784123,
    650.951946786));
#3146 = CARTESIAN_POINT('',(2.56399653041E+03,-743.010514312,
    650.960226651));
#3147 = CARTESIAN_POINT('',(2.56399653041E+03,-743.018265093,
    650.968523035));
#3148 = CARTESIAN_POINT('',(2.56399653041E+03,-743.026036547,
    650.976836026));
#3149 = CARTESIAN_POINT('',(2.56399653041E+03,-743.033828339,
    650.985165272));
#3150 = CARTESIAN_POINT('',(2.56399653041E+03,-743.041640536,
    650.993510852));
#3151 = ORIENTED_EDGE('',*,*,#3152,.F.);
#3152 = EDGE_CURVE('',#3153,#3142,#3155,.T.);
#3153 = VERTEX_POINT('',#3154);
#3154 = CARTESIAN_POINT('',(2.56399653041E+03,-742.660813558,
    650.796637024));
#3155 = B_SPLINE_CURVE_WITH_KNOTS('',5,(#3156,#3157,#3158,#3159,#3160,
    #3161,#3162,#3163,#3164),.UNSPECIFIED.,.F.,.F.,(6,3,6),(0.,
    0.32854626148,0.546773973509),.UNSPECIFIED.);
#3156 = CARTESIAN_POINT('',(2.56399653041E+03,-742.660813739,
    650.796637247));
#3157 = CARTESIAN_POINT('',(2.56399653041E+03,-742.707274925,
    650.796636642));
#3158 = CARTESIAN_POINT('',(2.56399653041E+03,-742.753748714,
    650.802868713));
#3159 = CARTESIAN_POINT('',(2.56399653041E+03,-742.79903672,
    650.815339428));
#3160 = CARTESIAN_POINT('',(2.56399653041E+03,-742.870789946,
    650.845419586));
#3161 = CARTESIAN_POINT('',(2.56399653041E+03,-742.934812418,
    650.888952663));
#3162 = CARTESIAN_POINT('',(2.56399653041E+03,-742.959177929,
    650.908443949));
#3163 = CARTESIAN_POINT('',(2.56399653041E+03,-742.981781469,
    650.929450681));
#3164 = CARTESIAN_POINT('',(2.56399653041E+03,-743.002784123,
    650.951946786));
#3165 = ORIENTED_EDGE('',*,*,#3166,.T.);
#3166 = EDGE_CURVE('',#3153,#1371,#3167,.T.);
#3167 = LINE('',#3168,#3169);
#3168 = CARTESIAN_POINT('',(2.56399653041E+03,-742.14755772,
    650.796637023));
#3169 = VECTOR('',#3170,1.);
#3170 = DIRECTION('',(0.,1.,0.));
#3171 = PLANE('',#3172);
#3172 = AXIS2_PLACEMENT_3D('',#3173,#3174,#3175);
#3173 = CARTESIAN_POINT('',(2.56399653041E+03,-742.902893066,
    647.332535409));
#3174 = DIRECTION('',(1.,0.,0.));
#3175 = DIRECTION('',(0.,-1.,0.));
#3176 = ADVANCED_FACE('',(#3177),#3196,.T.);
#3177 = FACE_BOUND('',#3178,.T.);
#3178 = EDGE_LOOP('',(#3179,#3188,#3194,#3195));
#3179 = ORIENTED_EDGE('',*,*,#3180,.T.);
#3180 = EDGE_CURVE('',#3153,#3181,#3183,.T.);
#3181 = VERTEX_POINT('',#3182);
#3182 = CARTESIAN_POINT('',(2.56561730381E+03,-742.660813558,
    649.032535408));
#3183 = CIRCLE('',#3184,4.);
#3184 = AXIS2_PLACEMENT_3D('',#3185,#3186,#3187);
#3185 = CARTESIAN_POINT('',(2.56199653041E+03,-742.660813558,
    647.332535409));
#3186 = DIRECTION('',(-0.,1.,0.));
#3187 = DIRECTION('',(0.,0.,1.));
#3188 = ORIENTED_EDGE('',*,*,#3189,.T.);
#3189 = EDGE_CURVE('',#3181,#1359,#3190,.T.);
#3190 = LINE('',#3191,#3192);
#3191 = CARTESIAN_POINT('',(2.56561730381E+03,-746.558537301,
    649.032535408));
#3192 = VECTOR('',#3193,1.);
#3193 = DIRECTION('',(0.,1.,0.));
#3194 = ORIENTED_EDGE('',*,*,#1370,.F.);
#3195 = ORIENTED_EDGE('',*,*,#3166,.F.);
#3196 = CYLINDRICAL_SURFACE('',#3197,4.);
#3197 = AXIS2_PLACEMENT_3D('',#3198,#3199,#3200);
#3198 = CARTESIAN_POINT('',(2.56199653041E+03,-746.5585373,647.332535409
    ));
#3199 = DIRECTION('',(-0.,1.,0.));
#3200 = DIRECTION('',(0.479425538604,0.,0.87758256189));
#3201 = ADVANCED_FACE('',(#3202),#3327,.F.);
#3202 = FACE_BOUND('',#3203,.T.);
#3203 = EDGE_LOOP('',(#3204,#3205,#3206,#3207,#3213,#3214,#3215,#3229,
    #3240,#3254,#3262,#3279,#3293,#3302,#3303));
#3204 = ORIENTED_EDGE('',*,*,#3081,.F.);
#3205 = ORIENTED_EDGE('',*,*,#1765,.F.);
#3206 = ORIENTED_EDGE('',*,*,#1742,.T.);
#3207 = ORIENTED_EDGE('',*,*,#3208,.F.);
#3208 = EDGE_CURVE('',#1361,#1735,#3209,.T.);
#3209 = LINE('',#3210,#3211);
#3210 = CARTESIAN_POINT('',(2.56413838577E+03,-741.348388672,
    649.032535409));
#3211 = VECTOR('',#3212,1.);
#3212 = DIRECTION('',(-1.,0.,0.));
#3213 = ORIENTED_EDGE('',*,*,#1358,.F.);
#3214 = ORIENTED_EDGE('',*,*,#3189,.F.);
#3215 = ORIENTED_EDGE('',*,*,#3216,.F.);
#3216 = EDGE_CURVE('',#3217,#3181,#3219,.T.);
#3217 = VERTEX_POINT('',#3218);
#3218 = CARTESIAN_POINT('',(2.56576616417E+03,-743.002784121,
    649.03253541));
#3219 = B_SPLINE_CURVE_WITH_KNOTS('',5,(#3220,#3221,#3222,#3223,#3224,
    #3225,#3226,#3227,#3228),.UNSPECIFIED.,.F.,.F.,(6,3,6),(0.,
    0.329321127728,0.548227059169),.UNSPECIFIED.);
#3220 = CARTESIAN_POINT('',(2.56576616417E+03,-743.002784123,
    649.032535409));
#3221 = CARTESIAN_POINT('',(2.56573323901E+03,-742.970768942,
    649.032535409));
#3222 = CARTESIAN_POINT('',(2.56570402126E+03,-742.934860335,
    649.032535409));
#3223 = CARTESIAN_POINT('',(2.56567897115E+03,-742.895771542,
    649.032535409));
#3224 = CARTESIAN_POINT('',(2.5656450356E+03,-742.826565907,
    649.032535409));
#3225 = CARTESIAN_POINT('',(2.56562546361E+03,-742.752431153,
    649.032535409));
#3226 = CARTESIAN_POINT('',(2.56562004254E+03,-742.721907591,
    649.032535409));
#3227 = CARTESIAN_POINT('',(2.56561730476E+03,-742.691393583,
    649.032535409));
#3228 = CARTESIAN_POINT('',(2.56561730447E+03,-742.66081356,
    649.032535409));
#3229 = ORIENTED_EDGE('',*,*,#3230,.T.);
#3230 = EDGE_CURVE('',#3217,#3231,#3233,.T.);
#3231 = VERTEX_POINT('',#3232);
#3232 = CARTESIAN_POINT('',(2.56628676225E+03,-743.514290475,
    649.032535409));
#3233 = B_SPLINE_CURVE_WITH_KNOTS('',5,(#3234,#3235,#3236,#3237,#3238,
    #3239),.UNSPECIFIED.,.F.,.F.,(6,6),(0.,1.03214862621),
  .PIECEWISE_BEZIER_KNOTS.);
#3234 = CARTESIAN_POINT('',(2.56576616417E+03,-743.002784123,
    649.032535409));
#3235 = CARTESIAN_POINT('',(2.56586493297E+03,-743.098823175,
    649.032535409));
#3236 = CARTESIAN_POINT('',(2.56596643136E+03,-743.198042673,
    649.032535409));
#3237 = CARTESIAN_POINT('',(2.56607089644E+03,-743.300689664,
    649.032535409));
#3238 = CARTESIAN_POINT('',(2.5661776497E+03,-743.406088732,
    649.032535409));
#3239 = CARTESIAN_POINT('',(2.56628676225E+03,-743.514290474,
    649.032535409));
#3240 = ORIENTED_EDGE('',*,*,#3241,.F.);
#3241 = EDGE_CURVE('',#3242,#3231,#3244,.T.);
#3242 = VERTEX_POINT('',#3243);
#3243 = CARTESIAN_POINT('',(2.56643189962E+03,-743.85626104,
    649.032535411));
#3244 = B_SPLINE_CURVE_WITH_KNOTS('',5,(#3245,#3246,#3247,#3248,#3249,
    #3250,#3251,#3252,#3253),.UNSPECIFIED.,.F.,.F.,(6,3,6),(0.,
    0.327409860408,0.54560556284),.UNSPECIFIED.);
#3245 = CARTESIAN_POINT('',(2.56643189961E+03,-743.856261041,
    649.032535409));
#3246 = CARTESIAN_POINT('',(2.56643189961E+03,-743.810567481,
    649.032535409));
#3247 = CARTESIAN_POINT('',(2.56642599515E+03,-743.764966637,
    649.032535409));
#3248 = CARTESIAN_POINT('',(2.56641455065E+03,-743.720302874,
    649.032535409));
#3249 = CARTESIAN_POINT('',(2.56638706285E+03,-743.648744763,
    649.032535409));
#3250 = CARTESIAN_POINT('',(2.56634665159E+03,-743.583850175,
    649.032535409));
#3251 = CARTESIAN_POINT('',(2.56632836336E+03,-743.558940172,
    649.032535409));
#3252 = CARTESIAN_POINT('',(2.56630841368E+03,-743.53576117,
    649.032535409));
#3253 = CARTESIAN_POINT('',(2.56628676225E+03,-743.514290476,
    649.032535409));
#3254 = ORIENTED_EDGE('',*,*,#3255,.F.);
#3255 = EDGE_CURVE('',#3256,#3242,#3258,.T.);
#3256 = VERTEX_POINT('',#3257);
#3257 = CARTESIAN_POINT('',(2.56643189962E+03,-747.892483791,
    649.032535412));
#3258 = LINE('',#3259,#3260);
#3259 = CARTESIAN_POINT('',(2.56643189961E+03,-745.874372416,
    649.032535409));
#3260 = VECTOR('',#3261,1.);
#3261 = DIRECTION('',(0.,1.,0.));
#3262 = ORIENTED_EDGE('',*,*,#3263,.T.);
#3263 = EDGE_CURVE('',#3256,#3264,#3266,.T.);
#3264 = VERTEX_POINT('',#3265);
#3265 = CARTESIAN_POINT('',(2.56454294886E+03,-751.156815557,
    649.032535409));
#3266 = B_SPLINE_CURVE_WITH_KNOTS('',5,(#3267,#3268,#3269,#3270,#3271,
    #3272,#3273,#3274,#3275,#3276,#3277,#3278),.UNSPECIFIED.,.F.,.F.,(6,
    3,3,6),(0.,2.74086237337,5.48898478882,5.66859238048),
  .UNSPECIFIED.);
#3267 = CARTESIAN_POINT('',(2.56643189961E+03,-747.892483791,
    649.032535409));
#3268 = CARTESIAN_POINT('',(2.56643189961E+03,-748.271185078,
    649.032535409));
#3269 = CARTESIAN_POINT('',(2.56638334063E+03,-748.650084662,
    649.032535409));
#3270 = CARTESIAN_POINT('',(2.56628724575E+03,-749.020963182,
    649.032535409));
#3271 = CARTESIAN_POINT('',(2.56600327734E+03,-749.732112344,
    649.032535409));
#3272 = CARTESIAN_POINT('',(2.56554915045E+03,-750.353355046,
    649.032535409));
#3273 = CARTESIAN_POINT('',(2.56528246523E+03,-750.635047444,
    649.032535409));
#3274 = CARTESIAN_POINT('',(2.56496165721E+03,-750.897998414,
    649.032535409));
#3275 = CARTESIAN_POINT('',(2.56460863295E+03,-751.117423227,
    649.032535409));
#3276 = CARTESIAN_POINT('',(2.56458685402E+03,-751.130720949,
    649.032535409));
#3277 = CARTESIAN_POINT('',(2.56456495954E+03,-751.14385154,
    649.032535409));
#3278 = CARTESIAN_POINT('',(2.56454294886E+03,-751.156815557,
    649.032535409));
#3279 = ORIENTED_EDGE('',*,*,#3280,.F.);
#3280 = EDGE_CURVE('',#3281,#3264,#3283,.T.);
#3281 = VERTEX_POINT('',#3282);
#3282 = CARTESIAN_POINT('',(2.56292524464E+03,-751.953236077,
    649.032535409));
#3283 = B_SPLINE_CURVE_WITH_KNOTS('',5,(#3284,#3285,#3286,#3287,#3288,
    #3289,#3290,#3291,#3292),.UNSPECIFIED.,.F.,.F.,(6,3,6),(0.,
    1.92252860852,2.5689560162),.UNSPECIFIED.);
#3284 = CARTESIAN_POINT('',(2.56292524464E+03,-751.953236077,
    649.032535409));
#3285 = CARTESIAN_POINT('',(2.56311771625E+03,-751.887888063,
    649.032535409));
#3286 = CARTESIAN_POINT('',(2.56332415134E+03,-751.805334488,
    649.032535409));
#3287 = CARTESIAN_POINT('',(2.56356113984E+03,-751.695902524,
    649.032535409));
#3288 = CARTESIAN_POINT('',(2.56389485414E+03,-751.525504993,
    649.032535409));
#3289 = CARTESIAN_POINT('',(2.56425852491E+03,-751.321825311,
    649.032535409));
#3290 = CARTESIAN_POINT('',(2.56435210622E+03,-751.268408836,
    649.032535409));
#3291 = CARTESIAN_POINT('',(2.56444687059E+03,-751.213404461,
    649.032535409));
#3292 = CARTESIAN_POINT('',(2.56454294886E+03,-751.156815557,
    649.032535409));
#3293 = ORIENTED_EDGE('',*,*,#3294,.F.);
#3294 = EDGE_CURVE('',#1686,#3281,#3295,.T.);
#3295 = B_SPLINE_CURVE_WITH_KNOTS('',5,(#3296,#3297,#3298,#3299,#3300,
    #3301),.UNSPECIFIED.,.F.,.F.,(6,6),(0.,0.628893157016),
  .PIECEWISE_BEZIER_KNOTS.);
#3296 = CARTESIAN_POINT('',(2.56249653041E+03,-752.070181735,
    649.032535409));
#3297 = CARTESIAN_POINT('',(2.56257932447E+03,-752.053637416,
    649.032535409));
#3298 = CARTESIAN_POINT('',(2.56266327208E+03,-752.033804815,
    649.032535409));
#3299 = CARTESIAN_POINT('',(2.56274915617E+03,-752.010310133,
    649.032535409));
#3300 = CARTESIAN_POINT('',(2.5628363805E+03,-751.983407252,
    649.032535409));
#3301 = CARTESIAN_POINT('',(2.56292524464E+03,-751.953236077,
    649.032535409));
#3302 = ORIENTED_EDGE('',*,*,#1685,.T.);
#3303 = ORIENTED_EDGE('',*,*,#3304,.T.);
#3304 = EDGE_CURVE('',#1678,#3082,#3305,.T.);
#3305 = B_SPLINE_CURVE_WITH_KNOTS('',5,(#3306,#3307,#3308,#3309,#3310,
    #3311,#3312,#3313,#3314,#3315,#3316,#3317,#3318,#3319,#3320,#3321,
    #3322,#3323,#3324,#3325,#3326),.UNSPECIFIED.,.F.,.F.,(6,3,3,3,3,3,6)
  ,(0.,0.599989091035,1.19997818876,1.7999672765,2.39995636882,
    2.99994546041,3.33143052132),.UNSPECIFIED.);
#3306 = CARTESIAN_POINT('',(2.56249653041E+03,-749.68913511,
    649.032535409));
#3307 = CARTESIAN_POINT('',(2.56249653041E+03,-749.773986381,
    649.032535409));
#3308 = CARTESIAN_POINT('',(2.56250852997E+03,-749.858837086,
    649.032535409));
#3309 = CARTESIAN_POINT('',(2.56253253469E+03,-749.941432355,
    649.032535409));
#3310 = CARTESIAN_POINT('',(2.56260323436E+03,-750.097563233,
    649.032535409));
#3311 = CARTESIAN_POINT('',(2.56271445398E+03,-750.227965396,
    649.032535409));
#3312 = CARTESIAN_POINT('',(2.56277898989E+03,-750.284827691,
    649.032535409));
#3313 = CARTESIAN_POINT('',(2.56292236138E+03,-750.378742079,
    649.032535409));
#3314 = CARTESIAN_POINT('',(2.56308615021E+03,-750.429217265,
    649.032535409));
#3315 = CARTESIAN_POINT('',(2.5631711107E+03,-750.442630735,
    649.032535409));
#3316 = CARTESIAN_POINT('',(2.56334248558E+03,-750.445068931,
    649.032535409));
#3317 = CARTESIAN_POINT('',(2.56350781405E+03,-750.399891234,
    649.032535409));
#3318 = CARTESIAN_POINT('',(2.56358672905E+03,-750.365676811,
    649.032535409));
#3319 = CARTESIAN_POINT('',(2.56373271426E+03,-750.275879179,
    649.032535409));
#3320 = CARTESIAN_POINT('',(2.56384807309E+03,-750.149124034,
    649.032535409));
#3321 = CARTESIAN_POINT('',(2.56389635608E+03,-750.07794147,
    649.032535409));
#3322 = CARTESIAN_POINT('',(2.56395466183E+03,-749.958356361,
    649.032535409));
#3323 = CARTESIAN_POINT('',(2.56398545233E+03,-749.829862661,
    649.032535409));
#3324 = CARTESIAN_POINT('',(2.56399286767E+03,-749.782893416,
    649.032535409));
#3325 = CARTESIAN_POINT('',(2.56399653041E+03,-749.736014177,
    649.032535409));
#3326 = CARTESIAN_POINT('',(2.56399653041E+03,-749.68913511,
    649.032535409));
#3327 = PLANE('',#3328);
#3328 = AXIS2_PLACEMENT_3D('',#3329,#3330,#3331);
#3329 = CARTESIAN_POINT('',(2.56199653041E+03,-753.525085449,
    649.032535409));
#3330 = DIRECTION('',(0.,-0.,1.));
#3331 = DIRECTION('',(0.,1.,0.));
#3332 = ADVANCED_FACE('',(#3333),#3344,.T.);
#3333 = FACE_BOUND('',#3334,.T.);
#3334 = EDGE_LOOP('',(#3335,#3336,#3337,#3338));
#3335 = ORIENTED_EDGE('',*,*,#1507,.T.);
#3336 = ORIENTED_EDGE('',*,*,#3208,.T.);
#3337 = ORIENTED_EDGE('',*,*,#1734,.F.);
#3338 = ORIENTED_EDGE('',*,*,#3339,.F.);
#3339 = EDGE_CURVE('',#1499,#1727,#3340,.T.);
#3340 = LINE('',#3341,#3342);
#3341 = CARTESIAN_POINT('',(2.56430544194E+03,-741.348388672,
    647.832535409));
#3342 = VECTOR('',#3343,1.);
#3343 = DIRECTION('',(-1.,0.,0.));
#3344 = PLANE('',#3345);
#3345 = AXIS2_PLACEMENT_3D('',#3346,#3347,#3348);
#3346 = CARTESIAN_POINT('',(2.56199653041E+03,-741.348388672,
    647.832535409));
#3347 = DIRECTION('',(0.,-1.,0.));
#3348 = DIRECTION('',(0.,0.,1.));
#3349 = ADVANCED_FACE('',(#3350),#3455,.F.);
#3350 = FACE_BOUND('',#3351,.T.);
#3351 = EDGE_LOOP('',(#3352,#3353,#3354,#3365,#3379,#3393,#3401,#3415,
    #3426,#3437,#3448,#3454));
#3352 = ORIENTED_EDGE('',*,*,#3339,.T.);
#3353 = ORIENTED_EDGE('',*,*,#1726,.F.);
#3354 = ORIENTED_EDGE('',*,*,#3355,.F.);
#3355 = EDGE_CURVE('',#3356,#1716,#3358,.T.);
#3356 = VERTEX_POINT('',#3357);
#3357 = CARTESIAN_POINT('',(2.56307590105E+03,-752.482661712,
    647.832535409));
#3358 = B_SPLINE_CURVE_WITH_KNOTS('',5,(#3359,#3360,#3361,#3362,#3363,
    #3364),.UNSPECIFIED.,.F.,.F.,(6,6),(0.,0.887711697845),
  .PIECEWISE_BEZIER_KNOTS.);
#3359 = CARTESIAN_POINT('',(2.56307590105E+03,-752.482661711,
    647.832535409));
#3360 = CARTESIAN_POINT('',(2.56297223631E+03,-752.549275122,
    647.832535409));
#3361 = CARTESIAN_POINT('',(2.56286136399E+03,-752.60541825,
    647.832535409));
#3362 = CARTESIAN_POINT('',(2.56274432659E+03,-752.650607394,
    647.832535409));
#3363 = CARTESIAN_POINT('',(2.5626223436E+03,-752.684842637,
    647.832535409));
#3364 = CARTESIAN_POINT('',(2.56249653041E+03,-752.708432157,
    647.832535409));
#3365 = ORIENTED_EDGE('',*,*,#3366,.T.);
#3366 = EDGE_CURVE('',#3356,#3367,#3369,.T.);
#3367 = VERTEX_POINT('',#3368);
#3368 = CARTESIAN_POINT('',(2.56501716725E+03,-751.156815556,
    647.832535409));
#3369 = B_SPLINE_CURVE_WITH_KNOTS('',5,(#3370,#3371,#3372,#3373,#3374,
    #3375,#3376,#3377,#3378),.UNSPECIFIED.,.F.,.F.,(6,3,6),(0.,
    1.65985668359,3.43505016365),.UNSPECIFIED.);
#3370 = CARTESIAN_POINT('',(2.56307590105E+03,-752.482661711,
    647.832535409));
#3371 = CARTESIAN_POINT('',(2.56317775991E+03,-752.417208725,
    647.832535409));
#3372 = CARTESIAN_POINT('',(2.56329665109E+03,-752.339446903,
    647.832535409));
#3373 = CARTESIAN_POINT('',(2.56343534826E+03,-752.247265171,
    647.832535409));
#3374 = CARTESIAN_POINT('',(2.56378029209E+03,-752.014500906,
    647.832535409));
#3375 = CARTESIAN_POINT('',(2.56422974893E+03,-751.705100536,
    647.832535409));
#3376 = CARTESIAN_POINT('',(2.56448257684E+03,-751.529754884,
    647.832535409));
#3377 = CARTESIAN_POINT('',(2.56474639349E+03,-751.345998262,
    647.832535409));
#3378 = CARTESIAN_POINT('',(2.56501716725E+03,-751.156815555,
    647.832535409));
#3379 = ORIENTED_EDGE('',*,*,#3380,.F.);
#3380 = EDGE_CURVE('',#3381,#3367,#3383,.T.);
#3381 = VERTEX_POINT('',#3382);
#3382 = CARTESIAN_POINT('',(2.56672014132E+03,-747.892483791,
    647.83253541));
#3383 = B_SPLINE_CURVE_WITH_KNOTS('',5,(#3384,#3385,#3386,#3387,#3388,
    #3389,#3390,#3391,#3392),.UNSPECIFIED.,.F.,.F.,(6,3,6),(0.,
    2.80099032106,5.48419670495),.UNSPECIFIED.);
#3384 = CARTESIAN_POINT('',(2.56672014131E+03,-747.892483791,
    647.832535409));
#3385 = CARTESIAN_POINT('',(2.56672014131E+03,-748.283226391,
    647.832535409));
#3386 = CARTESIAN_POINT('',(2.56667199151E+03,-748.674138539,
    647.832535409));
#3387 = CARTESIAN_POINT('',(2.56657606302E+03,-749.057029453,
    647.832535409));
#3388 = CARTESIAN_POINT('',(2.56629817718E+03,-749.775932279,
    647.832535409));
#3389 = CARTESIAN_POINT('',(2.56585790483E+03,-750.40836761,
    647.832535409));
#3390 = CARTESIAN_POINT('',(2.5656068086E+03,-750.691076015,
    647.832535409));
#3391 = CARTESIAN_POINT('',(2.56532467187E+03,-750.941969931,
    647.832535409));
#3392 = CARTESIAN_POINT('',(2.56501716725E+03,-751.156815555,
    647.832535409));
#3393 = ORIENTED_EDGE('',*,*,#3394,.T.);
#3394 = EDGE_CURVE('',#3381,#3395,#3397,.T.);
#3395 = VERTEX_POINT('',#3396);
#3396 = CARTESIAN_POINT('',(2.56672014132E+03,-743.85626104,647.83253541
    ));
#3397 = LINE('',#3398,#3399);
#3398 = CARTESIAN_POINT('',(2.56672014131E+03,-745.874372415,
    647.832535409));
#3399 = VECTOR('',#3400,1.);
#3400 = DIRECTION('',(0.,1.,0.));
#3401 = ORIENTED_EDGE('',*,*,#3402,.T.);
#3402 = EDGE_CURVE('',#3395,#3403,#3405,.T.);
#3403 = VERTEX_POINT('',#3404);
#3404 = CARTESIAN_POINT('',(2.5665841321E+03,-743.514290476,
    647.832535409));
#3405 = B_SPLINE_CURVE_WITH_KNOTS('',5,(#3406,#3407,#3408,#3409,#3410,
    #3411,#3412,#3413,#3414),.UNSPECIFIED.,.F.,.F.,(6,3,6),(0.,
    0.431248664193,0.539047712606),.UNSPECIFIED.);
#3406 = CARTESIAN_POINT('',(2.56672014131E+03,-743.856261039,
    647.832535409));
#3407 = CARTESIAN_POINT('',(2.56672014131E+03,-743.795985713,
    647.832535409));
#3408 = CARTESIAN_POINT('',(2.56671059096E+03,-743.735782314,
    647.832535409));
#3409 = CARTESIAN_POINT('',(2.56669212661E+03,-743.677403309,
    647.832535409));
#3410 = CARTESIAN_POINT('',(2.56665885419E+03,-743.608862925,
    647.832535409));
#3411 = CARTESIAN_POINT('',(2.56661385523E+03,-743.548391671,
    647.832535409));
#3412 = CARTESIAN_POINT('',(2.56660437494E+03,-743.536619777,
    647.832535409));
#3413 = CARTESIAN_POINT('',(2.56659447049E+03,-743.525253177,
    647.832535409));
#3414 = CARTESIAN_POINT('',(2.5665841321E+03,-743.514290476,
    647.832535409));
#3415 = ORIENTED_EDGE('',*,*,#3416,.F.);
#3416 = EDGE_CURVE('',#3417,#3403,#3419,.T.);
#3417 = VERTEX_POINT('',#3418);
#3418 = CARTESIAN_POINT('',(2.56610142246E+03,-743.002784124,
    647.83253541));
#3419 = B_SPLINE_CURVE_WITH_KNOTS('',5,(#3420,#3421,#3422,#3423,#3424,
    #3425),.UNSPECIFIED.,.F.,.F.,(6,6),(0.,0.994632972941),
  .PIECEWISE_BEZIER_KNOTS.);
#3420 = CARTESIAN_POINT('',(2.56610142245E+03,-743.002784124,
    647.832535409));
#3421 = CARTESIAN_POINT('',(2.56619452517E+03,-743.101365077,
    647.832535409));
#3422 = CARTESIAN_POINT('',(2.56628953111E+03,-743.202002422,
    647.832535409));
#3423 = CARTESIAN_POINT('',(2.56638631956E+03,-743.304566488,
    647.832535409));
#3424 = CARTESIAN_POINT('',(2.56648453606E+03,-743.408680102,
    647.832535409));
#3425 = CARTESIAN_POINT('',(2.5665841321E+03,-743.514290474,
    647.832535409));
#3426 = ORIENTED_EDGE('',*,*,#3427,.F.);
#3427 = EDGE_CURVE('',#3428,#3417,#3430,.T.);
#3428 = VERTEX_POINT('',#3429);
#3429 = CARTESIAN_POINT('',(2.56600046723E+03,-742.844682669,
    647.832535409));
#3430 = B_SPLINE_CURVE_WITH_KNOTS('',5,(#3431,#3432,#3433,#3434,#3435,
    #3436),.UNSPECIFIED.,.F.,.F.,(6,6),(0.,0.266870264839),
  .PIECEWISE_BEZIER_KNOTS.);
#3431 = CARTESIAN_POINT('',(2.56600046723E+03,-742.844682668,
    647.832535409));
#3432 = CARTESIAN_POINT('',(2.5660143986E+03,-742.879640537,
    647.832535409));
#3433 = CARTESIAN_POINT('',(2.56603166961E+03,-742.91326116,
    647.832535409));
#3434 = CARTESIAN_POINT('',(2.56605234587E+03,-742.945622101,
    647.832535409));
#3435 = CARTESIAN_POINT('',(2.5660755864E+03,-742.975427863,
    647.832535409));
#3436 = CARTESIAN_POINT('',(2.56610142245E+03,-743.002784124,
    647.832535409));
#3437 = ORIENTED_EDGE('',*,*,#3438,.F.);
#3438 = EDGE_CURVE('',#3439,#3428,#3441,.T.);
#3439 = VERTEX_POINT('',#3440);
#3440 = CARTESIAN_POINT('',(2.56596515738E+03,-742.660813491,
    647.832535395));
#3441 = B_SPLINE_CURVE_WITH_KNOTS('',5,(#3442,#3443,#3444,#3445,#3446,
    #3447),.UNSPECIFIED.,.F.,.F.,(6,6),(0.,0.266377693746),
  .PIECEWISE_BEZIER_KNOTS.);
#3442 = CARTESIAN_POINT('',(2.56596515738E+03,-742.660813561,
    647.832535409));
#3443 = CARTESIAN_POINT('',(2.56596515737E+03,-742.698373708,
    647.832535409));
#3444 = CARTESIAN_POINT('',(2.56596875621E+03,-742.735929614,
    647.832535409));
#3445 = CARTESIAN_POINT('',(2.56597599097E+03,-742.773578219,
    647.832535409));
#3446 = CARTESIAN_POINT('',(2.56598656319E+03,-742.809793396,
    647.832535409));
#3447 = CARTESIAN_POINT('',(2.56600046723E+03,-742.844682668,
    647.832535409));
#3448 = ORIENTED_EDGE('',*,*,#3449,.T.);
#3449 = EDGE_CURVE('',#3439,#1490,#3450,.T.);
#3450 = LINE('',#3451,#3452);
#3451 = CARTESIAN_POINT('',(2.56596515743E+03,-742.147557687,
    647.832535409));
#3452 = VECTOR('',#3453,1.);
#3453 = DIRECTION('',(-1.17945022319E-07,1.,0.));
#3454 = ORIENTED_EDGE('',*,*,#1498,.F.);
#3455 = PLANE('',#3456);
#3456 = AXIS2_PLACEMENT_3D('',#3457,#3458,#3459);
#3457 = CARTESIAN_POINT('',(2.56199653041E+03,-742.848388672,
    647.832535409));
#3458 = DIRECTION('',(-0.,-0.,-1.));
#3459 = DIRECTION('',(0.,-1.,0.));
#3460 = ADVANCED_FACE('',(#3461),#3480,.T.);
#3461 = FACE_BOUND('',#3462,.T.);
#3462 = EDGE_LOOP('',(#3463,#3464,#3465,#3474));
#3463 = ORIENTED_EDGE('',*,*,#1489,.F.);
#3464 = ORIENTED_EDGE('',*,*,#3449,.F.);
#3465 = ORIENTED_EDGE('',*,*,#3466,.T.);
#3466 = EDGE_CURVE('',#3439,#3467,#3469,.T.);
#3467 = VERTEX_POINT('',#3468);
#3468 = CARTESIAN_POINT('',(2.56596515738E+03,-742.660813491,
    646.832535423));
#3469 = CIRCLE('',#3470,4.);
#3470 = AXIS2_PLACEMENT_3D('',#3471,#3472,#3473);
#3471 = CARTESIAN_POINT('',(2.56199653041E+03,-742.660813491,
    647.332535409));
#3472 = DIRECTION('',(-0.,1.,0.));
#3473 = DIRECTION('',(0.,0.,1.));
#3474 = ORIENTED_EDGE('',*,*,#3475,.T.);
#3475 = EDGE_CURVE('',#3467,#1481,#3476,.T.);
#3476 = LINE('',#3477,#3478);
#3477 = CARTESIAN_POINT('',(2.56596515738E+03,-746.558537301,
    646.832535423));
#3478 = VECTOR('',#3479,1.);
#3479 = DIRECTION('',(0.,1.,0.));
#3480 = CYLINDRICAL_SURFACE('',#3481,4.);
#3481 = AXIS2_PLACEMENT_3D('',#3482,#3483,#3484);
#3482 = CARTESIAN_POINT('',(2.56199653041E+03,-746.5585373,647.332535409
    ));
#3483 = DIRECTION('',(-0.,1.,0.));
#3484 = DIRECTION('',(0.479425538604,0.,0.87758256189));
#3485 = ADVANCED_FACE('',(#3486),#3589,.T.);
#3486 = FACE_BOUND('',#3487,.T.);
#3487 = EDGE_LOOP('',(#3488,#3489,#3490,#3501,#3512,#3523,#3537,#3545,
    #3559,#3573,#3582,#3583));
#3488 = ORIENTED_EDGE('',*,*,#1480,.T.);
#3489 = ORIENTED_EDGE('',*,*,#3475,.F.);
#3490 = ORIENTED_EDGE('',*,*,#3491,.T.);
#3491 = EDGE_CURVE('',#3467,#3492,#3494,.T.);
#3492 = VERTEX_POINT('',#3493);
#3493 = CARTESIAN_POINT('',(2.56600046723E+03,-742.844682668,
    646.832535409));
#3494 = B_SPLINE_CURVE_WITH_KNOTS('',5,(#3495,#3496,#3497,#3498,#3499,
    #3500),.UNSPECIFIED.,.F.,.F.,(6,6),(0.,0.266377693746),
  .PIECEWISE_BEZIER_KNOTS.);
#3495 = CARTESIAN_POINT('',(2.56596515738E+03,-742.660813561,
    646.832535409));
#3496 = CARTESIAN_POINT('',(2.56596515737E+03,-742.698373708,
    646.832535409));
#3497 = CARTESIAN_POINT('',(2.56596875621E+03,-742.735929614,
    646.832535409));
#3498 = CARTESIAN_POINT('',(2.56597599097E+03,-742.773578219,
    646.832535409));
#3499 = CARTESIAN_POINT('',(2.56598656319E+03,-742.809793396,
    646.832535409));
#3500 = CARTESIAN_POINT('',(2.56600046723E+03,-742.844682668,
    646.832535409));
#3501 = ORIENTED_EDGE('',*,*,#3502,.T.);
#3502 = EDGE_CURVE('',#3492,#3503,#3505,.T.);
#3503 = VERTEX_POINT('',#3504);
#3504 = CARTESIAN_POINT('',(2.56610142245E+03,-743.002784121,
    646.832535409));
#3505 = B_SPLINE_CURVE_WITH_KNOTS('',5,(#3506,#3507,#3508,#3509,#3510,
    #3511),.UNSPECIFIED.,.F.,.F.,(6,6),(0.,0.266870264839),
  .PIECEWISE_BEZIER_KNOTS.);
#3506 = CARTESIAN_POINT('',(2.56600046723E+03,-742.844682668,
    646.832535409));
#3507 = CARTESIAN_POINT('',(2.5660143986E+03,-742.879640537,
    646.832535409));
#3508 = CARTESIAN_POINT('',(2.56603166961E+03,-742.91326116,
    646.832535409));
#3509 = CARTESIAN_POINT('',(2.56605234587E+03,-742.945622101,
    646.832535409));
#3510 = CARTESIAN_POINT('',(2.5660755864E+03,-742.975427863,
    646.832535409));
#3511 = CARTESIAN_POINT('',(2.56610142245E+03,-743.002784124,
    646.832535409));
#3512 = ORIENTED_EDGE('',*,*,#3513,.T.);
#3513 = EDGE_CURVE('',#3503,#3514,#3516,.T.);
#3514 = VERTEX_POINT('',#3515);
#3515 = CARTESIAN_POINT('',(2.5665841321E+03,-743.514290475,
    646.832535409));
#3516 = B_SPLINE_CURVE_WITH_KNOTS('',5,(#3517,#3518,#3519,#3520,#3521,
    #3522),.UNSPECIFIED.,.F.,.F.,(6,6),(0.,0.994632972941),
  .PIECEWISE_BEZIER_KNOTS.);
#3517 = CARTESIAN_POINT('',(2.56610142245E+03,-743.002784124,
    646.832535409));
#3518 = CARTESIAN_POINT('',(2.56619452517E+03,-743.101365077,
    646.832535409));
#3519 = CARTESIAN_POINT('',(2.56628953111E+03,-743.202002422,
    646.832535409));
#3520 = CARTESIAN_POINT('',(2.56638631956E+03,-743.304566488,
    646.832535409));
#3521 = CARTESIAN_POINT('',(2.56648453606E+03,-743.408680102,
    646.832535409));
#3522 = CARTESIAN_POINT('',(2.5665841321E+03,-743.514290474,
    646.832535409));
#3523 = ORIENTED_EDGE('',*,*,#3524,.F.);
#3524 = EDGE_CURVE('',#3525,#3514,#3527,.T.);
#3525 = VERTEX_POINT('',#3526);
#3526 = CARTESIAN_POINT('',(2.56672014132E+03,-743.85626104,
    646.832535408));
#3527 = B_SPLINE_CURVE_WITH_KNOTS('',5,(#3528,#3529,#3530,#3531,#3532,
    #3533,#3534,#3535,#3536),.UNSPECIFIED.,.F.,.F.,(6,3,6),(0.,
    0.431248664193,0.539047712606),.UNSPECIFIED.);
#3528 = CARTESIAN_POINT('',(2.56672014131E+03,-743.856261039,
    646.832535409));
#3529 = CARTESIAN_POINT('',(2.56672014131E+03,-743.795985713,
    646.832535409));
#3530 = CARTESIAN_POINT('',(2.56671059096E+03,-743.735782314,
    646.832535409));
#3531 = CARTESIAN_POINT('',(2.56669212661E+03,-743.677403309,
    646.832535409));
#3532 = CARTESIAN_POINT('',(2.56665885419E+03,-743.608862925,
    646.832535409));
#3533 = CARTESIAN_POINT('',(2.56661385523E+03,-743.548391671,
    646.832535409));
#3534 = CARTESIAN_POINT('',(2.56660437494E+03,-743.536619777,
    646.832535409));
#3535 = CARTESIAN_POINT('',(2.56659447049E+03,-743.525253177,
    646.832535409));
#3536 = CARTESIAN_POINT('',(2.5665841321E+03,-743.514290476,
    646.832535409));
#3537 = ORIENTED_EDGE('',*,*,#3538,.F.);
#3538 = EDGE_CURVE('',#3539,#3525,#3541,.T.);
#3539 = VERTEX_POINT('',#3540);
#3540 = CARTESIAN_POINT('',(2.56672014132E+03,-747.892483791,
    646.832535408));
#3541 = LINE('',#3542,#3543);
#3542 = CARTESIAN_POINT('',(2.56672014131E+03,-745.874372415,
    646.832535409));
#3543 = VECTOR('',#3544,1.);
#3544 = DIRECTION('',(0.,1.,0.));
#3545 = ORIENTED_EDGE('',*,*,#3546,.T.);
#3546 = EDGE_CURVE('',#3539,#3547,#3549,.T.);
#3547 = VERTEX_POINT('',#3548);
#3548 = CARTESIAN_POINT('',(2.56501716725E+03,-751.156815556,
    646.832535409));
#3549 = B_SPLINE_CURVE_WITH_KNOTS('',5,(#3550,#3551,#3552,#3553,#3554,
    #3555,#3556,#3557,#3558),.UNSPECIFIED.,.F.,.F.,(6,3,6),(0.,
    2.80099032106,5.48419670495),.UNSPECIFIED.);
#3550 = CARTESIAN_POINT('',(2.56672014131E+03,-747.892483791,
    646.832535409));
#3551 = CARTESIAN_POINT('',(2.56672014131E+03,-748.283226391,
    646.832535409));
#3552 = CARTESIAN_POINT('',(2.56667199151E+03,-748.674138539,
    646.832535409));
#3553 = CARTESIAN_POINT('',(2.56657606302E+03,-749.057029453,
    646.832535409));
#3554 = CARTESIAN_POINT('',(2.56629817718E+03,-749.775932279,
    646.832535409));
#3555 = CARTESIAN_POINT('',(2.56585790483E+03,-750.40836761,
    646.832535409));
#3556 = CARTESIAN_POINT('',(2.5656068086E+03,-750.691076015,
    646.832535409));
#3557 = CARTESIAN_POINT('',(2.56532467187E+03,-750.941969931,
    646.832535409));
#3558 = CARTESIAN_POINT('',(2.56501716725E+03,-751.156815555,
    646.832535409));
#3559 = ORIENTED_EDGE('',*,*,#3560,.F.);
#3560 = EDGE_CURVE('',#3561,#3547,#3563,.T.);
#3561 = VERTEX_POINT('',#3562);
#3562 = CARTESIAN_POINT('',(2.56307590105E+03,-752.482661712,
    646.832535409));
#3563 = B_SPLINE_CURVE_WITH_KNOTS('',5,(#3564,#3565,#3566,#3567,#3568,
    #3569,#3570,#3571,#3572),.UNSPECIFIED.,.F.,.F.,(6,3,6),(0.,
    1.6598566815,3.43505015645),.UNSPECIFIED.);
#3564 = CARTESIAN_POINT('',(2.56307590105E+03,-752.482661711,
    646.832535409));
#3565 = CARTESIAN_POINT('',(2.56317775991E+03,-752.417208725,
    646.832535409));
#3566 = CARTESIAN_POINT('',(2.56329665109E+03,-752.339446904,
    646.832535409));
#3567 = CARTESIAN_POINT('',(2.56343534826E+03,-752.247265171,
    646.832535409));
#3568 = CARTESIAN_POINT('',(2.56378029209E+03,-752.014500906,
    646.832535409));
#3569 = CARTESIAN_POINT('',(2.56422974893E+03,-751.705100537,
    646.832535409));
#3570 = CARTESIAN_POINT('',(2.56448257685E+03,-751.529754886,
    646.832535409));
#3571 = CARTESIAN_POINT('',(2.56474639349E+03,-751.345998262,
    646.832535409));
#3572 = CARTESIAN_POINT('',(2.56501716725E+03,-751.156815555,
    646.832535409));
#3573 = ORIENTED_EDGE('',*,*,#3574,.T.);
#3574 = EDGE_CURVE('',#3561,#2788,#3575,.T.);
#3575 = B_SPLINE_CURVE_WITH_KNOTS('',5,(#3576,#3577,#3578,#3579,#3580,
    #3581),.UNSPECIFIED.,.F.,.F.,(6,6),(0.,0.887711697845),
  .PIECEWISE_BEZIER_KNOTS.);
#3576 = CARTESIAN_POINT('',(2.56307590105E+03,-752.482661711,
    646.832535409));
#3577 = CARTESIAN_POINT('',(2.56297223631E+03,-752.549275122,
    646.832535409));
#3578 = CARTESIAN_POINT('',(2.56286136399E+03,-752.60541825,
    646.832535409));
#3579 = CARTESIAN_POINT('',(2.56274432659E+03,-752.650607394,
    646.832535409));
#3580 = CARTESIAN_POINT('',(2.5626223436E+03,-752.684842637,
    646.832535409));
#3581 = CARTESIAN_POINT('',(2.56249653041E+03,-752.708432157,
    646.832535409));
#3582 = ORIENTED_EDGE('',*,*,#2785,.F.);
#3583 = ORIENTED_EDGE('',*,*,#3584,.F.);
#3584 = EDGE_CURVE('',#1472,#2786,#3585,.T.);
#3585 = LINE('',#3586,#3587);
#3586 = CARTESIAN_POINT('',(2.56430544194E+03,-741.348388672,
    646.832535409));
#3587 = VECTOR('',#3588,1.);
#3588 = DIRECTION('',(-1.,0.,0.));
#3589 = PLANE('',#3590);
#3590 = AXIS2_PLACEMENT_3D('',#3591,#3592,#3593);
#3591 = CARTESIAN_POINT('',(2.56199653041E+03,-742.848388672,
    646.832535409));
#3592 = DIRECTION('',(-0.,-0.,-1.));
#3593 = DIRECTION('',(0.,-1.,0.));
#3594 = ADVANCED_FACE('',(#3595),#3606,.T.);
#3595 = FACE_BOUND('',#3596,.T.);
#3596 = EDGE_LOOP('',(#3597,#3598,#3599,#3605));
#3597 = ORIENTED_EDGE('',*,*,#3584,.T.);
#3598 = ORIENTED_EDGE('',*,*,#2922,.F.);
#3599 = ORIENTED_EDGE('',*,*,#3600,.F.);
#3600 = EDGE_CURVE('',#1462,#2915,#3601,.T.);
#3601 = LINE('',#3602,#3603);
#3602 = CARTESIAN_POINT('',(2.56413838577E+03,-741.348388672,
    645.63253541));
#3603 = VECTOR('',#3604,1.);
#3604 = DIRECTION('',(-1.,0.,0.));
#3605 = ORIENTED_EDGE('',*,*,#1471,.T.);
#3606 = PLANE('',#3607);
#3607 = AXIS2_PLACEMENT_3D('',#3608,#3609,#3610);
#3608 = CARTESIAN_POINT('',(2.56199653041E+03,-741.348388672,
    647.832535409));
#3609 = DIRECTION('',(0.,-1.,0.));
#3610 = DIRECTION('',(0.,0.,1.));
#3611 = ADVANCED_FACE('',(#3612),#3742,.T.);
#3612 = FACE_BOUND('',#3613,.T.);
#3613 = EDGE_LOOP('',(#3614,#3640,#3641,#3655,#3672,#3680,#3694,#3705,
    #3719,#3725,#3726,#3727,#3728,#3736));
#3614 = ORIENTED_EDGE('',*,*,#3615,.F.);
#3615 = EDGE_CURVE('',#2818,#3616,#3618,.T.);
#3616 = VERTEX_POINT('',#3617);
#3617 = CARTESIAN_POINT('',(2.56399653041E+03,-749.68913511,
    645.632535408));
#3618 = B_SPLINE_CURVE_WITH_KNOTS('',5,(#3619,#3620,#3621,#3622,#3623,
    #3624,#3625,#3626,#3627,#3628,#3629,#3630,#3631,#3632,#3633,#3634,
    #3635,#3636,#3637,#3638,#3639),.UNSPECIFIED.,.F.,.F.,(6,3,3,3,3,3,6)
  ,(0.,0.599989091035,1.19997818876,1.7999672765,2.39995636882,
    2.99994546041,3.33143052132),.UNSPECIFIED.);
#3619 = CARTESIAN_POINT('',(2.56249653041E+03,-749.68913511,
    645.632535409));
#3620 = CARTESIAN_POINT('',(2.56249653041E+03,-749.773986381,
    645.632535409));
#3621 = CARTESIAN_POINT('',(2.56250852997E+03,-749.858837086,
    645.632535409));
#3622 = CARTESIAN_POINT('',(2.56253253469E+03,-749.941432355,
    645.632535409));
#3623 = CARTESIAN_POINT('',(2.56260323436E+03,-750.097563233,
    645.632535409));
#3624 = CARTESIAN_POINT('',(2.56271445398E+03,-750.227965396,
    645.632535409));
#3625 = CARTESIAN_POINT('',(2.56277898989E+03,-750.284827691,
    645.632535409));
#3626 = CARTESIAN_POINT('',(2.56292236138E+03,-750.378742079,
    645.632535409));
#3627 = CARTESIAN_POINT('',(2.56308615021E+03,-750.429217265,
    645.632535409));
#3628 = CARTESIAN_POINT('',(2.5631711107E+03,-750.442630735,
    645.632535409));
#3629 = CARTESIAN_POINT('',(2.56334248558E+03,-750.445068931,
    645.632535409));
#3630 = CARTESIAN_POINT('',(2.56350781405E+03,-750.399891234,
    645.632535409));
#3631 = CARTESIAN_POINT('',(2.56358672905E+03,-750.365676811,
    645.632535409));
#3632 = CARTESIAN_POINT('',(2.56373271426E+03,-750.275879179,
    645.632535409));
#3633 = CARTESIAN_POINT('',(2.56384807309E+03,-750.149124034,
    645.632535409));
#3634 = CARTESIAN_POINT('',(2.56389635608E+03,-750.07794147,
    645.632535409));
#3635 = CARTESIAN_POINT('',(2.56395466183E+03,-749.958356361,
    645.632535409));
#3636 = CARTESIAN_POINT('',(2.56398545233E+03,-749.829862661,
    645.632535409));
#3637 = CARTESIAN_POINT('',(2.56399286767E+03,-749.782893416,
    645.632535409));
#3638 = CARTESIAN_POINT('',(2.56399653041E+03,-749.736014177,
    645.632535409));
#3639 = CARTESIAN_POINT('',(2.56399653041E+03,-749.68913511,
    645.632535409));
#3640 = ORIENTED_EDGE('',*,*,#2817,.F.);
#3641 = ORIENTED_EDGE('',*,*,#3642,.T.);
#3642 = EDGE_CURVE('',#2807,#3643,#3645,.T.);
#3643 = VERTEX_POINT('',#3644);
#3644 = CARTESIAN_POINT('',(2.56454294886E+03,-751.156815555,
    645.632535409));
#3645 = B_SPLINE_CURVE_WITH_KNOTS('',5,(#3646,#3647,#3648,#3649,#3650,
    #3651,#3652,#3653,#3654),.UNSPECIFIED.,.F.,.F.,(6,3,6),(0.,
    1.67428487409,3.22646702401),.UNSPECIFIED.);
#3646 = CARTESIAN_POINT('',(2.56249653041E+03,-752.070181735,
    645.632535409));
#3647 = CARTESIAN_POINT('',(2.56266173916E+03,-752.037168902,
    645.632535409));
#3648 = CARTESIAN_POINT('',(2.56283230667E+03,-751.992022377,
    645.632535409));
#3649 = CARTESIAN_POINT('',(2.56302643759E+03,-751.924452373,
    645.632535409));
#3650 = CARTESIAN_POINT('',(2.56341124162E+03,-751.768521522,
    645.632535409));
#3651 = CARTESIAN_POINT('',(2.5638500784E+03,-751.548910743,
    645.632535409));
#3652 = CARTESIAN_POINT('',(2.56407174505E+03,-751.429444103,
    645.632535409));
#3653 = CARTESIAN_POINT('',(2.56430440007E+03,-751.297317829,
    645.632535409));
#3654 = CARTESIAN_POINT('',(2.56454294886E+03,-751.156815557,
    645.632535409));
#3655 = ORIENTED_EDGE('',*,*,#3656,.F.);
#3656 = EDGE_CURVE('',#3657,#3643,#3659,.T.);
#3657 = VERTEX_POINT('',#3658);
#3658 = CARTESIAN_POINT('',(2.56643189962E+03,-747.892483791,
    645.632535407));
#3659 = B_SPLINE_CURVE_WITH_KNOTS('',5,(#3660,#3661,#3662,#3663,#3664,
    #3665,#3666,#3667,#3668,#3669,#3670,#3671),.UNSPECIFIED.,.F.,.F.,(6,
    3,3,6),(0.,2.74086237337,5.48898478882,5.66859238048),
  .UNSPECIFIED.);
#3660 = CARTESIAN_POINT('',(2.56643189961E+03,-747.892483791,
    645.632535409));
#3661 = CARTESIAN_POINT('',(2.56643189961E+03,-748.271185078,
    645.632535409));
#3662 = CARTESIAN_POINT('',(2.56638334063E+03,-748.650084662,
    645.632535409));
#3663 = CARTESIAN_POINT('',(2.56628724575E+03,-749.020963182,
    645.632535409));
#3664 = CARTESIAN_POINT('',(2.56600327734E+03,-749.732112344,
    645.632535409));
#3665 = CARTESIAN_POINT('',(2.56554915045E+03,-750.353355046,
    645.632535409));
#3666 = CARTESIAN_POINT('',(2.56528246523E+03,-750.635047444,
    645.632535409));
#3667 = CARTESIAN_POINT('',(2.56496165721E+03,-750.897998414,
    645.632535409));
#3668 = CARTESIAN_POINT('',(2.56460863295E+03,-751.117423227,
    645.632535409));
#3669 = CARTESIAN_POINT('',(2.56458685402E+03,-751.130720949,
    645.632535409));
#3670 = CARTESIAN_POINT('',(2.56456495954E+03,-751.14385154,
    645.632535409));
#3671 = CARTESIAN_POINT('',(2.56454294886E+03,-751.156815557,
    645.632535409));
#3672 = ORIENTED_EDGE('',*,*,#3673,.T.);
#3673 = EDGE_CURVE('',#3657,#3674,#3676,.T.);
#3674 = VERTEX_POINT('',#3675);
#3675 = CARTESIAN_POINT('',(2.56643189962E+03,-743.85626104,
    645.632535407));
#3676 = LINE('',#3677,#3678);
#3677 = CARTESIAN_POINT('',(2.56643189961E+03,-745.874372416,
    645.632535409));
#3678 = VECTOR('',#3679,1.);
#3679 = DIRECTION('',(0.,1.,0.));
#3680 = ORIENTED_EDGE('',*,*,#3681,.T.);
#3681 = EDGE_CURVE('',#3674,#3682,#3684,.T.);
#3682 = VERTEX_POINT('',#3683);
#3683 = CARTESIAN_POINT('',(2.56628676225E+03,-743.514290475,
    645.632535409));
#3684 = B_SPLINE_CURVE_WITH_KNOTS('',5,(#3685,#3686,#3687,#3688,#3689,
    #3690,#3691,#3692,#3693),.UNSPECIFIED.,.F.,.F.,(6,3,6),(0.,
    0.327409860408,0.54560556284),.UNSPECIFIED.);
#3685 = CARTESIAN_POINT('',(2.56643189961E+03,-743.856261041,
    645.632535409));
#3686 = CARTESIAN_POINT('',(2.56643189961E+03,-743.810567481,
    645.632535409));
#3687 = CARTESIAN_POINT('',(2.56642599515E+03,-743.764966637,
    645.632535409));
#3688 = CARTESIAN_POINT('',(2.56641455065E+03,-743.720302874,
    645.632535409));
#3689 = CARTESIAN_POINT('',(2.56638706285E+03,-743.648744763,
    645.632535409));
#3690 = CARTESIAN_POINT('',(2.56634665159E+03,-743.583850175,
    645.632535409));
#3691 = CARTESIAN_POINT('',(2.56632836336E+03,-743.558940172,
    645.632535409));
#3692 = CARTESIAN_POINT('',(2.56630841368E+03,-743.53576117,
    645.632535409));
#3693 = CARTESIAN_POINT('',(2.56628676225E+03,-743.514290476,
    645.632535409));
#3694 = ORIENTED_EDGE('',*,*,#3695,.F.);
#3695 = EDGE_CURVE('',#3696,#3682,#3698,.T.);
#3696 = VERTEX_POINT('',#3697);
#3697 = CARTESIAN_POINT('',(2.56576616417E+03,-743.002784124,
    645.632535407));
#3698 = B_SPLINE_CURVE_WITH_KNOTS('',5,(#3699,#3700,#3701,#3702,#3703,
    #3704),.UNSPECIFIED.,.F.,.F.,(6,6),(0.,1.03214862621),
  .PIECEWISE_BEZIER_KNOTS.);
#3699 = CARTESIAN_POINT('',(2.56576616417E+03,-743.002784123,
    645.632535409));
#3700 = CARTESIAN_POINT('',(2.56586493297E+03,-743.098823175,
    645.632535409));
#3701 = CARTESIAN_POINT('',(2.56596643136E+03,-743.198042673,
    645.632535409));
#3702 = CARTESIAN_POINT('',(2.56607089644E+03,-743.300689664,
    645.632535409));
#3703 = CARTESIAN_POINT('',(2.5661776497E+03,-743.406088732,
    645.632535409));
#3704 = CARTESIAN_POINT('',(2.56628676225E+03,-743.514290474,
    645.632535409));
#3705 = ORIENTED_EDGE('',*,*,#3706,.T.);
#3706 = EDGE_CURVE('',#3696,#3707,#3709,.T.);
#3707 = VERTEX_POINT('',#3708);
#3708 = CARTESIAN_POINT('',(2.56561730381E+03,-742.660812809,
    645.63253541));
#3709 = B_SPLINE_CURVE_WITH_KNOTS('',5,(#3710,#3711,#3712,#3713,#3714,
    #3715,#3716,#3717,#3718),.UNSPECIFIED.,.F.,.F.,(6,3,6),(0.,
    0.329321124421,0.548227055836),.UNSPECIFIED.);
#3710 = CARTESIAN_POINT('',(2.56576616417E+03,-743.002784123,
    645.632535409));
#3711 = CARTESIAN_POINT('',(2.56573323901E+03,-742.970768943,
    645.632535409));
#3712 = CARTESIAN_POINT('',(2.56570402126E+03,-742.934860335,
    645.632535409));
#3713 = CARTESIAN_POINT('',(2.56567897115E+03,-742.895771541,
    645.632535409));
#3714 = CARTESIAN_POINT('',(2.5656450356E+03,-742.826565906,
    645.632535409));
#3715 = CARTESIAN_POINT('',(2.56562546361E+03,-742.752431153,
    645.632535409));
#3716 = CARTESIAN_POINT('',(2.56562004254E+03,-742.721907591,
    645.632535409));
#3717 = CARTESIAN_POINT('',(2.56561730476E+03,-742.691393583,
    645.632535409));
#3718 = CARTESIAN_POINT('',(2.56561730447E+03,-742.66081356,
    645.632535409));
#3719 = ORIENTED_EDGE('',*,*,#3720,.T.);
#3720 = EDGE_CURVE('',#3707,#1453,#3721,.T.);
#3721 = LINE('',#3722,#3723);
#3722 = CARTESIAN_POINT('',(2.56561730381E+03,-742.147557346,
    645.632535409));
#3723 = VECTOR('',#3724,1.);
#3724 = DIRECTION('',(0.,1.,0.));
#3725 = ORIENTED_EDGE('',*,*,#1461,.T.);
#3726 = ORIENTED_EDGE('',*,*,#3600,.T.);
#3727 = ORIENTED_EDGE('',*,*,#2914,.F.);
#3728 = ORIENTED_EDGE('',*,*,#3729,.T.);
#3729 = EDGE_CURVE('',#2907,#3730,#3732,.T.);
#3730 = VERTEX_POINT('',#3731);
#3731 = CARTESIAN_POINT('',(2.56399653041E+03,-741.402893066,
    645.63253541));
#3732 = LINE('',#3733,#3734);
#3733 = CARTESIAN_POINT('',(2.56324653041E+03,-741.402893066,
    645.632535409));
#3734 = VECTOR('',#3735,1.);
#3735 = DIRECTION('',(1.,0.,0.));
#3736 = ORIENTED_EDGE('',*,*,#3737,.T.);
#3737 = EDGE_CURVE('',#3730,#3616,#3738,.T.);
#3738 = LINE('',#3739,#3740);
#3739 = CARTESIAN_POINT('',(2.56399653041E+03,-745.546014088,
    645.632535409));
#3740 = VECTOR('',#3741,1.);
#3741 = DIRECTION('',(0.,-1.,0.));
#3742 = PLANE('',#3743);
#3743 = AXIS2_PLACEMENT_3D('',#3744,#3745,#3746);
#3744 = CARTESIAN_POINT('',(2.56199653041E+03,-753.525085449,
    645.632535409));
#3745 = DIRECTION('',(0.,-0.,1.));
#3746 = DIRECTION('',(0.,1.,0.));
#3747 = ADVANCED_FACE('',(#3748),#3767,.T.);
#3748 = FACE_BOUND('',#3749,.T.);
#3749 = EDGE_LOOP('',(#3750,#3758,#3759,#3760));
#3750 = ORIENTED_EDGE('',*,*,#3751,.T.);
#3751 = EDGE_CURVE('',#3752,#1444,#3754,.T.);
#3752 = VERTEX_POINT('',#3753);
#3753 = CARTESIAN_POINT('',(2.56399653041E+03,-742.66081204,
    643.868431993));
#3754 = LINE('',#3755,#3756);
#3755 = CARTESIAN_POINT('',(2.56399653041E+03,-746.558537301,
    643.868433794));
#3756 = VECTOR('',#3757,1.);
#3757 = DIRECTION('',(0.,1.,0.));
#3758 = ORIENTED_EDGE('',*,*,#1452,.F.);
#3759 = ORIENTED_EDGE('',*,*,#3720,.F.);
#3760 = ORIENTED_EDGE('',*,*,#3761,.T.);
#3761 = EDGE_CURVE('',#3707,#3752,#3762,.T.);
#3762 = CIRCLE('',#3763,4.);
#3763 = AXIS2_PLACEMENT_3D('',#3764,#3765,#3766);
#3764 = CARTESIAN_POINT('',(2.56199653041E+03,-742.660812809,
    647.332535409));
#3765 = DIRECTION('',(-0.,1.,0.));
#3766 = DIRECTION('',(0.,0.,1.));
#3767 = CYLINDRICAL_SURFACE('',#3768,4.);
#3768 = AXIS2_PLACEMENT_3D('',#3769,#3770,#3771);
#3769 = CARTESIAN_POINT('',(2.56199653041E+03,-746.5585373,647.332535409
    ));
#3770 = DIRECTION('',(-0.,1.,0.));
#3771 = DIRECTION('',(0.479425538604,0.,0.87758256189));
#3772 = ADVANCED_FACE('',(#3773),#3848,.F.);
#3773 = FACE_BOUND('',#3774,.T.);
#3774 = EDGE_LOOP('',(#3775,#3781,#3782,#3783,#3797,#3808,#3822,#3830,
    #3841,#3847));
#3775 = ORIENTED_EDGE('',*,*,#3776,.F.);
#3776 = EDGE_CURVE('',#1435,#3730,#3777,.T.);
#3777 = LINE('',#3778,#3779);
#3778 = CARTESIAN_POINT('',(2.56399653041E+03,-741.402893066,
    644.70020794));
#3779 = VECTOR('',#3780,1.);
#3780 = DIRECTION('',(0.,0.,1.));
#3781 = ORIENTED_EDGE('',*,*,#1443,.F.);
#3782 = ORIENTED_EDGE('',*,*,#3751,.F.);
#3783 = ORIENTED_EDGE('',*,*,#3784,.F.);
#3784 = EDGE_CURVE('',#3785,#3752,#3787,.T.);
#3785 = VERTEX_POINT('',#3786);
#3786 = CARTESIAN_POINT('',(2.56399653041E+03,-743.002784123,
    643.713124032));
#3787 = B_SPLINE_CURVE_WITH_KNOTS('',5,(#3788,#3789,#3790,#3791,#3792,
    #3793,#3794,#3795,#3796),.UNSPECIFIED.,.F.,.F.,(6,3,6),(0.,
    0.328254746887,0.546826290606),.UNSPECIFIED.);
#3788 = CARTESIAN_POINT('',(2.56399653041E+03,-743.002784123,
    643.713124034));
#3789 = CARTESIAN_POINT('',(2.56399653041E+03,-742.971202827,
    643.746951003));
#3790 = CARTESIAN_POINT('',(2.56399653041E+03,-742.936001916,
    643.777410071));
#3791 = CARTESIAN_POINT('',(2.56399653041E+03,-742.897412551,
    643.803831341));
#3792 = CARTESIAN_POINT('',(2.56399653041E+03,-742.828303925,
    643.839643648));
#3793 = CARTESIAN_POINT('',(2.56399653041E+03,-742.75351951,
    643.860086388));
#3794 = CARTESIAN_POINT('',(2.56399653041E+03,-742.722580233,
    643.86567685));
#3795 = CARTESIAN_POINT('',(2.56399653041E+03,-742.691698893,
    643.868431242));
#3796 = CARTESIAN_POINT('',(2.56399653041E+03,-742.66081204,
    643.868431993));
#3797 = ORIENTED_EDGE('',*,*,#3798,.T.);
#3798 = EDGE_CURVE('',#3785,#3799,#3801,.T.);
#3799 = VERTEX_POINT('',#3800);
#3800 = CARTESIAN_POINT('',(2.56399653041E+03,-743.514290476,
    643.173678686));
#3801 = B_SPLINE_CURVE_WITH_KNOTS('',5,(#3802,#3803,#3804,#3805,#3806,
    #3807),.UNSPECIFIED.,.F.,.F.,(6,6),(0.,1.05132996519),
  .PIECEWISE_BEZIER_KNOTS.);
#3802 = CARTESIAN_POINT('',(2.56399653041E+03,-743.002784123,
    643.713124032));
#3803 = CARTESIAN_POINT('',(2.56399653041E+03,-743.098364222,
    643.610747452));
#3804 = CARTESIAN_POINT('',(2.56399653041E+03,-743.197372025,
    643.505546145));
#3805 = CARTESIAN_POINT('',(2.56399653041E+03,-743.300034099,
    643.397285034));
#3806 = CARTESIAN_POINT('',(2.56399653041E+03,-743.405634592,
    643.286710447));
#3807 = CARTESIAN_POINT('',(2.56399653041E+03,-743.514290476,
    643.173678686));
#3808 = ORIENTED_EDGE('',*,*,#3809,.F.);
#3809 = EDGE_CURVE('',#3810,#3799,#3812,.T.);
#3810 = VERTEX_POINT('',#3811);
#3811 = CARTESIAN_POINT('',(2.56399653041E+03,-743.856261041,
    643.024113425));
#3812 = B_SPLINE_CURVE_WITH_KNOTS('',5,(#3813,#3814,#3815,#3816,#3817,
    #3818,#3819,#3820,#3821),.UNSPECIFIED.,.F.,.F.,(6,3,6),(0.,
    0.325981572823,0.54311418021),.UNSPECIFIED.);
#3813 = CARTESIAN_POINT('',(2.56399653041E+03,-743.856261041,
    643.024113425));
#3814 = CARTESIAN_POINT('',(2.56399653041E+03,-743.810284029,
    643.024113425));
#3815 = CARTESIAN_POINT('',(2.56399653041E+03,-743.764307694,
    643.029939779));
#3816 = CARTESIAN_POINT('',(2.56399653041E+03,-743.719316998,
    643.041595691));
#3817 = CARTESIAN_POINT('',(2.56399653041E+03,-743.64757242,
    643.070086684));
#3818 = CARTESIAN_POINT('',(2.56399653041E+03,-743.583090758,
    643.112055497));
#3819 = CARTESIAN_POINT('',(2.56399653041E+03,-743.558440421,
    643.131008591));
#3820 = CARTESIAN_POINT('',(2.56399653041E+03,-743.535553518,
    643.151559321));
#3821 = CARTESIAN_POINT('',(2.56399653041E+03,-743.514290476,
    643.173678686));
#3822 = ORIENTED_EDGE('',*,*,#3823,.F.);
#3823 = EDGE_CURVE('',#3824,#3810,#3826,.T.);
#3824 = VERTEX_POINT('',#3825);
#3825 = CARTESIAN_POINT('',(2.56399653041E+03,-747.892483791,
    643.024113423));
#3826 = LINE('',#3827,#3828);
#3827 = CARTESIAN_POINT('',(2.56399653041E+03,-745.874372416,
    643.024113425));
#3828 = VECTOR('',#3829,1.);
#3829 = DIRECTION('',(0.,1.,0.));
#3830 = ORIENTED_EDGE('',*,*,#3831,.T.);
#3831 = EDGE_CURVE('',#3824,#3832,#3834,.T.);
#3832 = VERTEX_POINT('',#3833);
#3833 = CARTESIAN_POINT('',(2.56399652789E+03,-749.689132371,
    643.49910268));
#3834 = B_SPLINE_CURVE_WITH_KNOTS('',5,(#3835,#3836,#3837,#3838,#3839,
    #3840),.UNSPECIFIED.,.F.,.F.,(6,6),(0.,2.6717916697),
  .PIECEWISE_BEZIER_KNOTS.);
#3835 = CARTESIAN_POINT('',(2.56399653041E+03,-747.892483791,
    643.024113425));
#3836 = CARTESIAN_POINT('',(2.56399653041E+03,-748.267468887,
    643.024113425));
#3837 = CARTESIAN_POINT('',(2.56399653041E+03,-748.642361794,
    643.073294028));
#3838 = CARTESIAN_POINT('',(2.56399653041E+03,-749.009467979,
    643.170211201));
#3839 = CARTESIAN_POINT('',(2.56399653041E+03,-749.360831396,
    643.312937766));
#3840 = CARTESIAN_POINT('',(2.56399653041E+03,-749.68913511,
    643.499097849));
#3841 = ORIENTED_EDGE('',*,*,#3842,.T.);
#3842 = EDGE_CURVE('',#3832,#3616,#3843,.T.);
#3843 = LINE('',#3844,#3845);
#3844 = CARTESIAN_POINT('',(2.56399653041E+03,-749.68913511,
    644.565816629));
#3845 = VECTOR('',#3846,1.);
#3846 = DIRECTION('',(0.,0.,1.));
#3847 = ORIENTED_EDGE('',*,*,#3737,.F.);
#3848 = PLANE('',#3849);
#3849 = AXIS2_PLACEMENT_3D('',#3850,#3851,#3852);
#3850 = CARTESIAN_POINT('',(2.56399653041E+03,-742.902893066,
    647.332535409));
#3851 = DIRECTION('',(1.,0.,0.));
#3852 = DIRECTION('',(0.,-1.,0.));
#3853 = ADVANCED_FACE('',(#3854),#3860,.F.);
#3854 = FACE_BOUND('',#3855,.T.);
#3855 = EDGE_LOOP('',(#3856,#3857,#3858,#3859));
#3856 = ORIENTED_EDGE('',*,*,#3776,.T.);
#3857 = ORIENTED_EDGE('',*,*,#3729,.F.);
#3858 = ORIENTED_EDGE('',*,*,#2906,.T.);
#3859 = ORIENTED_EDGE('',*,*,#1434,.F.);
#3860 = PLANE('',#3861);
#3861 = AXIS2_PLACEMENT_3D('',#3862,#3863,#3864);
#3862 = CARTESIAN_POINT('',(2.55999653041E+03,-741.402893066,
    647.332535409));
#3863 = DIRECTION('',(-0.,1.,0.));
#3864 = DIRECTION('',(1.,0.,0.));
#3865 = ADVANCED_FACE('',(#3866),#3870,.T.);
#3866 = FACE_BOUND('',#3867,.T.);
#3867 = EDGE_LOOP('',(#3868,#3869));
#3868 = ORIENTED_EDGE('',*,*,#1539,.T.);
#3869 = ORIENTED_EDGE('',*,*,#1562,.T.);
#3870 = PLANE('',#3871);
#3871 = AXIS2_PLACEMENT_3D('',#3872,#3873,#3874);
#3872 = CARTESIAN_POINT('',(2.56199653041E+03,-740.3585373,648.882533615
    ));
#3873 = DIRECTION('',(-0.,1.,0.));
#3874 = DIRECTION('',(1.,0.,0.));
#3875 = ADVANCED_FACE('',(#3876),#3888,.F.);
#3876 = FACE_BOUND('',#3877,.F.);
#3877 = EDGE_LOOP('',(#3878,#3879,#3880,#3887));
#3878 = ORIENTED_EDGE('',*,*,#1585,.T.);
#3879 = ORIENTED_EDGE('',*,*,#1611,.T.);
#3880 = ORIENTED_EDGE('',*,*,#3881,.F.);
#3881 = EDGE_CURVE('',#2756,#1612,#3882,.T.);
#3882 = CIRCLE('',#3883,4.03503532313);
#3883 = AXIS2_PLACEMENT_3D('',#3884,#3885,#3886);
#3884 = CARTESIAN_POINT('',(2.56199653041E+03,-742.844682669,
    647.332535409));
#3885 = DIRECTION('',(-0.,1.,0.));
#3886 = DIRECTION('',(0.,0.,1.));
#3887 = ORIENTED_EDGE('',*,*,#2766,.F.);
#3888 = TOROIDAL_SURFACE('',#3889,4.5,0.5);
#3889 = AXIS2_PLACEMENT_3D('',#3890,#3891,#3892);
#3890 = CARTESIAN_POINT('',(2.56199653041E+03,-742.66081356,
    647.332535409));
#3891 = DIRECTION('',(0.,1.,0.));
#3892 = DIRECTION('',(-0.479425538604,0.,-0.87758256189));
#3893 = ADVANCED_FACE('',(#3894),#3906,.F.);
#3894 = FACE_BOUND('',#3895,.F.);
#3895 = EDGE_LOOP('',(#3896,#3897,#3904,#3905));
#3896 = ORIENTED_EDGE('',*,*,#1622,.T.);
#3897 = ORIENTED_EDGE('',*,*,#3898,.F.);
#3898 = EDGE_CURVE('',#2745,#1623,#3899,.T.);
#3899 = CIRCLE('',#3900,4.13523139758);
#3900 = AXIS2_PLACEMENT_3D('',#3901,#3902,#3903);
#3901 = CARTESIAN_POINT('',(2.56199653041E+03,-743.002784124,
    647.332535409));
#3902 = DIRECTION('',(-0.,1.,0.));
#3903 = DIRECTION('',(0.,0.,1.));
#3904 = ORIENTED_EDGE('',*,*,#2755,.F.);
#3905 = ORIENTED_EDGE('',*,*,#3881,.T.);
#3906 = TOROIDAL_SURFACE('',#3907,4.5,0.5);
#3907 = AXIS2_PLACEMENT_3D('',#3908,#3909,#3910);
#3908 = CARTESIAN_POINT('',(2.56199653041E+03,-742.66081356,
    647.332535409));
#3909 = DIRECTION('',(0.,1.,0.));
#3910 = DIRECTION('',(-0.479425538604,0.,-0.87758256189));
#3911 = ADVANCED_FACE('',(#3912),#3924,.T.);
#3912 = FACE_BOUND('',#3913,.T.);
#3913 = EDGE_LOOP('',(#3914,#3921,#3922,#3923));
#3914 = ORIENTED_EDGE('',*,*,#3915,.F.);
#3915 = EDGE_CURVE('',#1634,#2731,#3916,.T.);
#3916 = CIRCLE('',#3917,4.61476860238);
#3917 = AXIS2_PLACEMENT_3D('',#3918,#3919,#3920);
#3918 = CARTESIAN_POINT('',(2.56199653041E+03,-743.514290475,
    647.332535409));
#3919 = DIRECTION('',(0.,-1.,0.));
#3920 = DIRECTION('',(0.,-0.,-1.));
#3921 = ORIENTED_EDGE('',*,*,#1633,.F.);
#3922 = ORIENTED_EDGE('',*,*,#3898,.F.);
#3923 = ORIENTED_EDGE('',*,*,#2744,.T.);
#3924 = CONICAL_SURFACE('',#3925,4.13523139819,0.753151280156);
#3925 = AXIS2_PLACEMENT_3D('',#3926,#3927,#3928);
#3926 = CARTESIAN_POINT('',(2.56199653041E+03,-743.002784123,
    647.332535409));
#3927 = DIRECTION('',(0.,-1.,0.));
#3928 = DIRECTION('',(0.479425538604,0.,0.87758256189));
#3929 = ADVANCED_FACE('',(#3930),#3942,.T.);
#3930 = FACE_BOUND('',#3931,.T.);
#3931 = EDGE_LOOP('',(#3932,#3933,#3940,#3941));
#3932 = ORIENTED_EDGE('',*,*,#2730,.F.);
#3933 = ORIENTED_EDGE('',*,*,#3934,.T.);
#3934 = EDGE_CURVE('',#2723,#1645,#3935,.T.);
#3935 = CIRCLE('',#3936,4.75);
#3936 = AXIS2_PLACEMENT_3D('',#3937,#3938,#3939);
#3937 = CARTESIAN_POINT('',(2.56199653041E+03,-743.85626104,
    647.332535409));
#3938 = DIRECTION('',(-0.,1.,0.));
#3939 = DIRECTION('',(0.,0.,1.));
#3940 = ORIENTED_EDGE('',*,*,#1644,.T.);
#3941 = ORIENTED_EDGE('',*,*,#3915,.T.);
#3942 = TOROIDAL_SURFACE('',#3943,4.25,0.5);
#3943 = AXIS2_PLACEMENT_3D('',#3944,#3945,#3946);
#3944 = CARTESIAN_POINT('',(2.56199653041E+03,-743.85626104,
    647.332535409));
#3945 = DIRECTION('',(0.,1.,0.));
#3946 = DIRECTION('',(-0.479425538604,0.,-0.87758256189));
#3947 = ADVANCED_FACE('',(#3948),#3960,.T.);
#3948 = FACE_BOUND('',#3949,.T.);
#3949 = EDGE_LOOP('',(#3950,#3957,#3958,#3959));
#3950 = ORIENTED_EDGE('',*,*,#3951,.T.);
#3951 = EDGE_CURVE('',#2712,#1659,#3952,.T.);
#3952 = CIRCLE('',#3953,4.75);
#3953 = AXIS2_PLACEMENT_3D('',#3954,#3955,#3956);
#3954 = CARTESIAN_POINT('',(2.56199653041E+03,-747.892483791,
    647.332535409));
#3955 = DIRECTION('',(-0.,1.,0.));
#3956 = DIRECTION('',(0.,0.,1.));
#3957 = ORIENTED_EDGE('',*,*,#1658,.T.);
#3958 = ORIENTED_EDGE('',*,*,#3934,.F.);
#3959 = ORIENTED_EDGE('',*,*,#2722,.F.);
#3960 = CYLINDRICAL_SURFACE('',#3961,4.75);
#3961 = AXIS2_PLACEMENT_3D('',#3962,#3963,#3964);
#3962 = CARTESIAN_POINT('',(2.56199653041E+03,-746.5585373,647.332535409
    ));
#3963 = DIRECTION('',(-0.,1.,0.));
#3964 = DIRECTION('',(-0.479425538604,0.,-0.87758256189));
#3965 = ADVANCED_FACE('',(#3966),#4049,.F.);
#3966 = FACE_BOUND('',#3967,.F.);
#3967 = EDGE_LOOP('',(#3968,#3969,#3990,#3991,#4000,#4010,#4017,#4018,
    #4025,#4026,#4047,#4048));
#3968 = ORIENTED_EDGE('',*,*,#1666,.T.);
#3969 = ORIENTED_EDGE('',*,*,#3970,.F.);
#3970 = EDGE_CURVE('',#3090,#1667,#3971,.T.);
#3971 = B_SPLINE_CURVE_WITH_KNOTS('',5,(#3972,#3973,#3974,#3975,#3976,
    #3977,#3978,#3979,#3980,#3981,#3982,#3983,#3984,#3985,#3986,#3987,
    #3988,#3989),.UNSPECIFIED.,.F.,.F.,(6,3,3,3,3,6),(0.,0.719048391767,
    1.34045702837,1.88606147589,3.16575718001,3.76309210576),
  .UNSPECIFIED.);
#3972 = CARTESIAN_POINT('',(2.56399652789E+03,-749.689132371,
    651.165968139));
#3973 = CARTESIAN_POINT('',(2.56399652819E+03,-749.771330964,
    651.119359315));
#3974 = CARTESIAN_POINT('',(2.56398526666E+03,-749.853821069,
    651.074967752));
#3975 = CARTESIAN_POINT('',(2.56396255955E+03,-749.935638642,
    651.033498577));
#3976 = CARTESIAN_POINT('',(2.56389751183E+03,-750.084643061,
    650.963728607));
#3977 = CARTESIAN_POINT('',(2.56378670326E+03,-750.21885762,
    650.915664777));
#3978 = CARTESIAN_POINT('',(2.56372524192E+03,-750.27602143,
    650.899572055));
#3979 = CARTESIAN_POINT('',(2.56358921339E+03,-750.369481836,
    650.885006316));
#3980 = CARTESIAN_POINT('',(2.563426753E+03,-750.423504858,650.905576853
    ));
#3981 = CARTESIAN_POINT('',(2.5633464875E+03,-750.438419788,
    650.923575578));
#3982 = CARTESIAN_POINT('',(2.56308574357E+03,-750.452134621,
    651.004800892));
#3983 = CARTESIAN_POINT('',(2.56285682904E+03,-750.360677182,
    651.141776101));
#3984 = CARTESIAN_POINT('',(2.56273238797E+03,-750.265133687,
    651.241077894));
#3985 = CARTESIAN_POINT('',(2.5625917574E+03,-750.094787274,651.38436368
    ));
#3986 = CARTESIAN_POINT('',(2.56252016666E+03,-749.893469415,
    651.51474114));
#3987 = CARTESIAN_POINT('',(2.562504571E+03,-749.826945111,651.554502871
    ));
#3988 = CARTESIAN_POINT('',(2.56249652984E+03,-749.758593372,651.5921674
    ));
#3989 = CARTESIAN_POINT('',(2.56249652978E+03,-749.689132371,
    651.627322603));
#3990 = ORIENTED_EDGE('',*,*,#3097,.F.);
#3991 = ORIENTED_EDGE('',*,*,#3992,.F.);
#3992 = EDGE_CURVE('',#3993,#3098,#3995,.T.);
#3993 = VERTEX_POINT('',#3994);
#3994 = CARTESIAN_POINT('',(2.56427380172E+03,-747.892483791,
    651.501052577));
#3995 = CIRCLE('',#3996,4.7500000008);
#3996 = AXIS2_PLACEMENT_3D('',#3997,#3998,#3999);
#3997 = CARTESIAN_POINT('',(2.56199653041E+03,-747.892483791,
    647.332535409));
#3998 = DIRECTION('',(0.,-1.,0.));
#3999 = DIRECTION('',(0.,-0.,-1.));
#4000 = ORIENTED_EDGE('',*,*,#4001,.F.);
#4001 = EDGE_CURVE('',#4002,#3993,#4004,.T.);
#4002 = VERTEX_POINT('',#4003);
#4003 = CARTESIAN_POINT('',(2.56346440637E+03,-751.156815557,
    650.019464339));
#4004 = B_SPLINE_CURVE_WITH_KNOTS('',4,(#4005,#4006,#4007,#4008,#4009),
  .UNSPECIFIED.,.F.,.F.,(5,5),(21.3143390857,25.231389558),
  .PIECEWISE_BEZIER_KNOTS.);
#4005 = CARTESIAN_POINT('',(2.56346440637E+03,-751.156815556,
    650.01946434));
#4006 = CARTESIAN_POINT('',(2.56383789479E+03,-750.605118686,
    650.703130303));
#4007 = CARTESIAN_POINT('',(2.56412776411E+03,-749.803681327,
    651.233732543));
#4008 = CARTESIAN_POINT('',(2.56427380172E+03,-748.847084327,
    651.501052578));
#4009 = CARTESIAN_POINT('',(2.56427380172E+03,-747.892483791,
    651.501052578));
#4010 = ORIENTED_EDGE('',*,*,#4011,.T.);
#4011 = EDGE_CURVE('',#4002,#2463,#4012,.T.);
#4012 = CIRCLE('',#4013,3.06173919761);
#4013 = AXIS2_PLACEMENT_3D('',#4014,#4015,#4016);
#4014 = CARTESIAN_POINT('',(2.56199653041E+03,-751.156815556,
    647.332535409));
#4015 = DIRECTION('',(0.,-1.,0.));
#4016 = DIRECTION('',(0.,-0.,-1.));
#4017 = ORIENTED_EDGE('',*,*,#2476,.F.);
#4018 = ORIENTED_EDGE('',*,*,#4019,.F.);
#4019 = EDGE_CURVE('',#2621,#2477,#4020,.T.);
#4020 = CIRCLE('',#4021,4.7500000008);
#4021 = AXIS2_PLACEMENT_3D('',#4022,#4023,#4024);
#4022 = CARTESIAN_POINT('',(2.56199653041E+03,-747.892483791,
    647.332535409));
#4023 = DIRECTION('',(0.,-1.,0.));
#4024 = DIRECTION('',(0.,-0.,-1.));
#4025 = ORIENTED_EDGE('',*,*,#2628,.T.);
#4026 = ORIENTED_EDGE('',*,*,#4027,.T.);
#4027 = EDGE_CURVE('',#2629,#2704,#4028,.T.);
#4028 = B_SPLINE_CURVE_WITH_KNOTS('',5,(#4029,#4030,#4031,#4032,#4033,
    #4034,#4035,#4036,#4037,#4038,#4039,#4040,#4041,#4042,#4043,#4044,
    #4045,#4046),.UNSPECIFIED.,.F.,.F.,(6,3,3,3,3,6),(0.,0.72122824532,
    1.34066607263,1.88803865287,3.1751309476,3.77377612109),
  .UNSPECIFIED.);
#4029 = CARTESIAN_POINT('',(2.55999653288E+03,-749.706552341,
    651.156027612));
#4030 = CARTESIAN_POINT('',(2.5599965327E+03,-749.788744054,
    651.108827923));
#4031 = CARTESIAN_POINT('',(2.56000779249E+03,-749.871224379,
    651.063828268));
#4032 = CARTESIAN_POINT('',(2.56003052596E+03,-749.953126126,
    651.021692675));
#4033 = CARTESIAN_POINT('',(2.56009539356E+03,-750.10172031,
    650.950949827));
#4034 = CARTESIAN_POINT('',(2.560205839E+03,-750.235625806,650.901915133
    ));
#4035 = CARTESIAN_POINT('',(2.56026817711E+03,-750.293954783,
    650.884862292));
#4036 = CARTESIAN_POINT('',(2.56040447816E+03,-750.38694987,
    650.870102848));
#4037 = CARTESIAN_POINT('',(2.56056654274E+03,-750.441037323,
    650.890152174));
#4038 = CARTESIAN_POINT('',(2.5606453257E+03,-750.455934407,
    650.907573405));
#4039 = CARTESIAN_POINT('',(2.56090636025E+03,-750.469285102,
    650.989588634));
#4040 = CARTESIAN_POINT('',(2.56113648434E+03,-750.379702506,
    651.126506602));
#4041 = CARTESIAN_POINT('',(2.56126049463E+03,-750.282808687,
    651.22781024));
#4042 = CARTESIAN_POINT('',(2.56140128811E+03,-750.112360243,
    651.372656134));
#4043 = CARTESIAN_POINT('',(2.56147292346E+03,-749.910756692,
    651.504629442));
#4044 = CARTESIAN_POINT('',(2.56148849729E+03,-749.844286092,
    651.544805006));
#4045 = CARTESIAN_POINT('',(2.56149653099E+03,-749.775981152,
    651.582883695));
#4046 = CARTESIAN_POINT('',(2.56149653103E+03,-749.706552341,
    651.618452273));
#4047 = ORIENTED_EDGE('',*,*,#2711,.F.);
#4048 = ORIENTED_EDGE('',*,*,#3951,.T.);
#4049 = SURFACE_OF_REVOLUTION('',#4050,#4056);
#4050 = B_SPLINE_CURVE_WITH_KNOTS('',4,(#4051,#4052,#4053,#4054,#4055),
  .UNSPECIFIED.,.F.,.F.,(5,5),(21.3143390857,25.231389558),
  .PIECEWISE_BEZIER_KNOTS.);
#4051 = CARTESIAN_POINT('',(2.56346440637E+03,-751.156815556,
    650.01946434));
#4052 = CARTESIAN_POINT('',(2.56383789479E+03,-750.605118686,
    650.703130303));
#4053 = CARTESIAN_POINT('',(2.56412776411E+03,-749.803681327,
    651.233732543));
#4054 = CARTESIAN_POINT('',(2.56427380172E+03,-748.847084327,
    651.501052578));
#4055 = CARTESIAN_POINT('',(2.56427380172E+03,-747.892483791,
    651.501052578));
#4056 = AXIS1_PLACEMENT('',#4057,#4058);
#4057 = CARTESIAN_POINT('',(2.56199653041E+03,-747.892483791,
    647.332535409));
#4058 = DIRECTION('',(0.,-1.,0.));
#4059 = ADVANCED_FACE('',(#4060),#4066,.F.);
#4060 = FACE_BOUND('',#4061,.F.);
#4061 = EDGE_LOOP('',(#4062,#4063,#4064,#4065));
#4062 = ORIENTED_EDGE('',*,*,#3304,.T.);
#4063 = ORIENTED_EDGE('',*,*,#3089,.T.);
#4064 = ORIENTED_EDGE('',*,*,#3970,.T.);
#4065 = ORIENTED_EDGE('',*,*,#1677,.F.);
#4066 = CYLINDRICAL_SURFACE('',#4067,0.75);
#4067 = AXIS2_PLACEMENT_3D('',#4068,#4069,#4070);
#4068 = CARTESIAN_POINT('',(2.56324653041E+03,-749.68913511,
    636.932535409));
#4069 = DIRECTION('',(0.,0.,1.));
#4070 = DIRECTION('',(-1.,5.66549845232E-16,0.));
#4071 = ADVANCED_FACE('',(#4072),#4092,.T.);
#4072 = FACE_BOUND('',#4073,.T.);
#4073 = EDGE_LOOP('',(#4074,#4080,#4081,#4082,#4083,#4090,#4091));
#4074 = ORIENTED_EDGE('',*,*,#4075,.T.);
#4075 = EDGE_CURVE('',#3281,#4002,#4076,.T.);
#4076 = LINE('',#4077,#4078);
#4077 = CARTESIAN_POINT('',(1.98187783517E+05,2.88214496084E+05,
    3.58737933664E+05));
#4078 = VECTOR('',#4079,1.);
#4079 = DIRECTION('',(0.39125100367,0.577934799912,0.716180158325));
#4080 = ORIENTED_EDGE('',*,*,#4011,.T.);
#4081 = ORIENTED_EDGE('',*,*,#2462,.F.);
#4082 = ORIENTED_EDGE('',*,*,#2693,.F.);
#4083 = ORIENTED_EDGE('',*,*,#4084,.T.);
#4084 = EDGE_CURVE('',#2683,#1694,#4085,.T.);
#4085 = CIRCLE('',#4086,1.18955494873);
#4086 = AXIS2_PLACEMENT_3D('',#4087,#4088,#4089);
#4087 = CARTESIAN_POINT('',(2.56199653041E+03,-752.482661712,
    647.332535409));
#4088 = DIRECTION('',(-0.,1.,0.));
#4089 = DIRECTION('',(0.,0.,1.));
#4090 = ORIENTED_EDGE('',*,*,#1693,.T.);
#4091 = ORIENTED_EDGE('',*,*,#3294,.T.);
#4092 = CONICAL_SURFACE('',#4093,1.18955494873,0.954600535766);
#4093 = AXIS2_PLACEMENT_3D('',#4094,#4095,#4096);
#4094 = CARTESIAN_POINT('',(2.56199653041E+03,-752.482661712,
    647.332535409));
#4095 = DIRECTION('',(0.,1.,0.));
#4096 = DIRECTION('',(-0.479425538604,0.,-0.87758256189));
#4097 = ADVANCED_FACE('',(#4098),#4138,.F.);
#4098 = FACE_BOUND('',#4099,.F.);
#4099 = EDGE_LOOP('',(#4100,#4101,#4110,#4119,#4126,#4127,#4128,#4135,
    #4136,#4137));
#4100 = ORIENTED_EDGE('',*,*,#1704,.T.);
#4101 = ORIENTED_EDGE('',*,*,#4102,.F.);
#4102 = EDGE_CURVE('',#4103,#1705,#4105,.T.);
#4103 = VERTEX_POINT('',#4104);
#4104 = CARTESIAN_POINT('',(2.56215121837E+03,-752.7585373,647.615689838
    ));
#4105 = B_SPLINE_CURVE_WITH_KNOTS('',3,(#4106,#4107,#4108,#4109),
  .UNSPECIFIED.,.F.,.F.,(4,4),(7.06858347058,7.8315870049),
  .PIECEWISE_BEZIER_KNOTS.);
#4106 = CARTESIAN_POINT('',(2.56215121837E+03,-752.7585373,647.615689835
    ));
#4107 = CARTESIAN_POINT('',(2.56227127442E+03,-752.7585373,647.835450955
    ));
#4108 = CARTESIAN_POINT('',(2.56239110021E+03,-752.693919204,
    648.054790584));
#4109 = CARTESIAN_POINT('',(2.56249648343E+03,-752.57411681,
    648.247693275));
#4110 = ORIENTED_EDGE('',*,*,#4111,.T.);
#4111 = EDGE_CURVE('',#4103,#4112,#4114,.T.);
#4112 = VERTEX_POINT('',#4113);
#4113 = CARTESIAN_POINT('',(2.56184184244E+03,-752.7585373,647.049380984
    ));
#4114 = CIRCLE('',#4115,0.322652745118);
#4115 = AXIS2_PLACEMENT_3D('',#4116,#4117,#4118);
#4116 = CARTESIAN_POINT('',(2.56199653041E+03,-752.7585373,647.332535409
    ));
#4117 = DIRECTION('',(0.,-1.,0.));
#4118 = DIRECTION('',(0.,-0.,-1.));
#4119 = ORIENTED_EDGE('',*,*,#4120,.T.);
#4120 = EDGE_CURVE('',#4112,#3051,#4121,.T.);
#4121 = B_SPLINE_CURVE_WITH_KNOTS('',3,(#4122,#4123,#4124,#4125),
  .UNSPECIFIED.,.F.,.F.,(4,4),(7.06858347058,7.83158700491),
  .PIECEWISE_BEZIER_KNOTS.);
#4122 = CARTESIAN_POINT('',(2.56184184245E+03,-752.7585373,647.049380983
    ));
#4123 = CARTESIAN_POINT('',(2.5617217864E+03,-752.7585373,646.829619863)
  );
#4124 = CARTESIAN_POINT('',(2.56160196061E+03,-752.693919204,
    646.610280234));
#4125 = CARTESIAN_POINT('',(2.56149657739E+03,-752.57411681,
    646.417377543));
#4126 = ORIENTED_EDGE('',*,*,#3061,.T.);
#4127 = ORIENTED_EDGE('',*,*,#2126,.F.);
#4128 = ORIENTED_EDGE('',*,*,#4129,.F.);
#4129 = EDGE_CURVE('',#2349,#2127,#4130,.T.);
#4130 = CIRCLE('',#4131,1.18955494829);
#4131 = AXIS2_PLACEMENT_3D('',#4132,#4133,#4134);
#4132 = CARTESIAN_POINT('',(2.56199653041E+03,-752.482661712,
    647.332535409));
#4133 = DIRECTION('',(0.,-1.,0.));
#4134 = DIRECTION('',(0.,-0.,-1.));
#4135 = ORIENTED_EDGE('',*,*,#2362,.T.);
#4136 = ORIENTED_EDGE('',*,*,#2682,.F.);
#4137 = ORIENTED_EDGE('',*,*,#4084,.T.);
#4138 = SURFACE_OF_REVOLUTION('',#4139,#4144);
#4139 = B_SPLINE_CURVE_WITH_KNOTS('',3,(#4140,#4141,#4142,#4143),
  .UNSPECIFIED.,.F.,.F.,(4,4),(7.06858347058,8.00733878245),
  .PIECEWISE_BEZIER_KNOTS.);
#4140 = CARTESIAN_POINT('',(2.56215121837E+03,-752.7585373,647.615689835
    ));
#4141 = CARTESIAN_POINT('',(2.56229892837E+03,-752.7585373,647.886071176
    ));
#4142 = CARTESIAN_POINT('',(2.56244628982E+03,-752.660722207,
    648.155814489));
#4143 = CARTESIAN_POINT('',(2.56256683343E+03,-752.482661712,
    648.376468089));
#4144 = AXIS1_PLACEMENT('',#4145,#4146);
#4145 = CARTESIAN_POINT('',(2.56199653041E+03,-751.2585373,647.332535409
    ));
#4146 = DIRECTION('',(0.,-1.,0.));
#4147 = ADVANCED_FACE('',(#4148),#4178,.F.);
#4148 = FACE_BOUND('',#4149,.F.);
#4149 = EDGE_LOOP('',(#4150,#4151,#4152,#4159,#4160,#4161,#4168,#4169,
    #4170,#4171));
#4150 = ORIENTED_EDGE('',*,*,#3574,.T.);
#4151 = ORIENTED_EDGE('',*,*,#2795,.F.);
#4152 = ORIENTED_EDGE('',*,*,#4153,.F.);
#4153 = EDGE_CURVE('',#3040,#2796,#4154,.T.);
#4154 = CIRCLE('',#4155,1.18955494829);
#4155 = AXIS2_PLACEMENT_3D('',#4156,#4157,#4158);
#4156 = CARTESIAN_POINT('',(2.56199653041E+03,-752.482661712,
    647.332535409));
#4157 = DIRECTION('',(0.,-1.,0.));
#4158 = DIRECTION('',(0.,-0.,-1.));
#4159 = ORIENTED_EDGE('',*,*,#3050,.T.);
#4160 = ORIENTED_EDGE('',*,*,#4120,.F.);
#4161 = ORIENTED_EDGE('',*,*,#4162,.T.);
#4162 = EDGE_CURVE('',#4112,#4103,#4163,.T.);
#4163 = CIRCLE('',#4164,0.322652745118);
#4164 = AXIS2_PLACEMENT_3D('',#4165,#4166,#4167);
#4165 = CARTESIAN_POINT('',(2.56199653041E+03,-752.7585373,647.332535409
    ));
#4166 = DIRECTION('',(0.,-1.,0.));
#4167 = DIRECTION('',(0.,-0.,-1.));
#4168 = ORIENTED_EDGE('',*,*,#4102,.T.);
#4169 = ORIENTED_EDGE('',*,*,#1715,.T.);
#4170 = ORIENTED_EDGE('',*,*,#3355,.F.);
#4171 = ORIENTED_EDGE('',*,*,#4172,.F.);
#4172 = EDGE_CURVE('',#3561,#3356,#4173,.T.);
#4173 = CIRCLE('',#4174,1.18955494829);
#4174 = AXIS2_PLACEMENT_3D('',#4175,#4176,#4177);
#4175 = CARTESIAN_POINT('',(2.56199653041E+03,-752.482661712,
    647.332535409));
#4176 = DIRECTION('',(0.,-1.,0.));
#4177 = DIRECTION('',(0.,-0.,-1.));
#4178 = SURFACE_OF_REVOLUTION('',#4179,#4184);
#4179 = B_SPLINE_CURVE_WITH_KNOTS('',3,(#4180,#4181,#4182,#4183),
  .UNSPECIFIED.,.F.,.F.,(4,4),(7.06858347058,8.00733878245),
  .PIECEWISE_BEZIER_KNOTS.);
#4180 = CARTESIAN_POINT('',(2.56215121837E+03,-752.7585373,647.615689835
    ));
#4181 = CARTESIAN_POINT('',(2.56229892837E+03,-752.7585373,647.886071176
    ));
#4182 = CARTESIAN_POINT('',(2.56244628982E+03,-752.660722207,
    648.155814489));
#4183 = CARTESIAN_POINT('',(2.56256683343E+03,-752.482661712,
    648.376468089));
#4184 = AXIS1_PLACEMENT('',#4185,#4186);
#4185 = CARTESIAN_POINT('',(2.56199653041E+03,-751.2585373,647.332535409
    ));
#4186 = DIRECTION('',(0.,-1.,0.));
#4187 = ADVANCED_FACE('',(#4188),#4214,.F.);
#4188 = FACE_BOUND('',#4189,.F.);
#4189 = EDGE_LOOP('',(#4190,#4191,#4192,#4213));
#4190 = ORIENTED_EDGE('',*,*,#2046,.F.);
#4191 = ORIENTED_EDGE('',*,*,#1829,.F.);
#4192 = ORIENTED_EDGE('',*,*,#4193,.T.);
#4193 = EDGE_CURVE('',#1830,#3022,#4194,.T.);
#4194 = B_SPLINE_CURVE_WITH_KNOTS('',5,(#4195,#4196,#4197,#4198,#4199,
    #4200,#4201,#4202,#4203,#4204,#4205,#4206,#4207,#4208,#4209,#4210,
    #4211,#4212),.UNSPECIFIED.,.F.,.F.,(6,3,3,3,3,6),(0.,1.03117793897,
    1.59001735264,2.12279669855,2.89285569414,3.66291468974),
  .UNSPECIFIED.);
#4195 = CARTESIAN_POINT('',(2.55999653041E+03,-749.706555052,
    643.509038485));
#4196 = CARTESIAN_POINT('',(2.55999653041E+03,-749.825284848,
    643.577221284));
#4197 = CARTESIAN_POINT('',(2.56002002502E+03,-749.944922258,
    643.640984088));
#4198 = CARTESIAN_POINT('',(2.56006809784E+03,-750.063646061,
    643.698768587));
#4199 = CARTESIAN_POINT('',(2.56018536688E+03,-750.235288188,
    643.769664999));
#4200 = CARTESIAN_POINT('',(2.56037211109E+03,-750.363824466,
    643.790666491));
#4201 = CARTESIAN_POINT('',(2.56044420734E+03,-750.400742775,
    643.790395993));
#4202 = CARTESIAN_POINT('',(2.56060142786E+03,-750.453709785,
    643.770849862));
#4203 = CARTESIAN_POINT('',(2.56076496749E+03,-750.462630947,
    643.720328841));
#4204 = CARTESIAN_POINT('',(2.56084103881E+03,-750.456233123,643.689638)
  );
#4205 = CARTESIAN_POINT('',(2.56101916812E+03,-750.419261838,
    643.60439956));
#4206 = CARTESIAN_POINT('',(2.5611665912E+03,-750.339069351,
    643.504467221));
#4207 = CARTESIAN_POINT('',(2.56124583341E+03,-750.27885052,
    643.441171991));
#4208 = CARTESIAN_POINT('',(2.56137873058E+03,-750.136674244,
    643.314295655));
#4209 = CARTESIAN_POINT('',(2.56145771356E+03,-749.969585073,
    643.196654949));
#4210 = CARTESIAN_POINT('',(2.56148292062E+03,-749.885346733,
    643.143434631));
#4211 = CARTESIAN_POINT('',(2.56149653041E+03,-749.796920268,
    643.092908122));
#4212 = CARTESIAN_POINT('',(2.56149653041E+03,-749.706555052,
    643.046613253));
#4213 = ORIENTED_EDGE('',*,*,#3032,.T.);
#4214 = CYLINDRICAL_SURFACE('',#4215,0.75);
#4215 = AXIS2_PLACEMENT_3D('',#4216,#4217,#4218);
#4216 = CARTESIAN_POINT('',(2.56074653041E+03,-749.706555052,
    636.932535409));
#4217 = DIRECTION('',(0.,0.,1.));
#4218 = DIRECTION('',(-1.,5.66549845232E-16,0.));
#4219 = ADVANCED_FACE('',(#4220),#4289,.F.);
#4220 = FACE_BOUND('',#4221,.F.);
#4221 = EDGE_LOOP('',(#4222,#4223,#4224,#4225,#4234,#4244,#4251,#4252,
    #4259,#4260,#4281,#4282));
#4222 = ORIENTED_EDGE('',*,*,#3021,.T.);
#4223 = ORIENTED_EDGE('',*,*,#4193,.F.);
#4224 = ORIENTED_EDGE('',*,*,#1837,.F.);
#4225 = ORIENTED_EDGE('',*,*,#4226,.F.);
#4226 = EDGE_CURVE('',#4227,#1838,#4229,.T.);
#4227 = VERTEX_POINT('',#4228);
#4228 = CARTESIAN_POINT('',(2.5597192591E+03,-747.892483791,643.16401824
    ));
#4229 = CIRCLE('',#4230,4.7500000008);
#4230 = AXIS2_PLACEMENT_3D('',#4231,#4232,#4233);
#4231 = CARTESIAN_POINT('',(2.56199653041E+03,-747.892483791,
    647.332535409));
#4232 = DIRECTION('',(0.,-1.,0.));
#4233 = DIRECTION('',(0.,-0.,-1.));
#4234 = ORIENTED_EDGE('',*,*,#4235,.F.);
#4235 = EDGE_CURVE('',#4236,#4227,#4238,.T.);
#4236 = VERTEX_POINT('',#4237);
#4237 = CARTESIAN_POINT('',(2.56052865445E+03,-751.156815556,
    644.645606478));
#4238 = B_SPLINE_CURVE_WITH_KNOTS('',4,(#4239,#4240,#4241,#4242,#4243),
  .UNSPECIFIED.,.F.,.F.,(5,5),(21.3143390857,25.231389558),
  .PIECEWISE_BEZIER_KNOTS.);
#4239 = CARTESIAN_POINT('',(2.56052865445E+03,-751.156815556,
    644.645606478));
#4240 = CARTESIAN_POINT('',(2.56015516603E+03,-750.605118686,
    643.961940515));
#4241 = CARTESIAN_POINT('',(2.55986529671E+03,-749.803681327,
    643.431338275));
#4242 = CARTESIAN_POINT('',(2.5597192591E+03,-748.847084327,643.16401824
    ));
#4243 = CARTESIAN_POINT('',(2.5597192591E+03,-747.892483791,643.16401824
    ));
#4244 = ORIENTED_EDGE('',*,*,#4245,.T.);
#4245 = EDGE_CURVE('',#4236,#3643,#4246,.T.);
#4246 = CIRCLE('',#4247,3.06173919761);
#4247 = AXIS2_PLACEMENT_3D('',#4248,#4249,#4250);
#4248 = CARTESIAN_POINT('',(2.56199653041E+03,-751.156815556,
    647.332535409));
#4249 = DIRECTION('',(0.,-1.,0.));
#4250 = DIRECTION('',(0.,-0.,-1.));
#4251 = ORIENTED_EDGE('',*,*,#3656,.F.);
#4252 = ORIENTED_EDGE('',*,*,#4253,.F.);
#4253 = EDGE_CURVE('',#3824,#3657,#4254,.T.);
#4254 = CIRCLE('',#4255,4.7500000008);
#4255 = AXIS2_PLACEMENT_3D('',#4256,#4257,#4258);
#4256 = CARTESIAN_POINT('',(2.56199653041E+03,-747.892483791,
    647.332535409));
#4257 = DIRECTION('',(0.,-1.,0.));
#4258 = DIRECTION('',(0.,-0.,-1.));
#4259 = ORIENTED_EDGE('',*,*,#3831,.T.);
#4260 = ORIENTED_EDGE('',*,*,#4261,.T.);
#4261 = EDGE_CURVE('',#3832,#2826,#4262,.T.);
#4262 = B_SPLINE_CURVE_WITH_KNOTS('',5,(#4263,#4264,#4265,#4266,#4267,
    #4268,#4269,#4270,#4271,#4272,#4273,#4274,#4275,#4276,#4277,#4278,
    #4279,#4280),.UNSPECIFIED.,.F.,.F.,(6,3,3,3,3,6),(0.,0.719288028301,
    1.33803288733,1.88525683635,3.16962098218,3.76313438223),
  .UNSPECIFIED.);
#4263 = CARTESIAN_POINT('',(2.56399652789E+03,-749.689132371,
    643.49910268));
#4264 = CARTESIAN_POINT('',(2.56399652819E+03,-749.771325983,
    643.545708678));
#4265 = CARTESIAN_POINT('',(2.56398526805E+03,-749.853810649,
    643.590097458));
#4266 = CARTESIAN_POINT('',(2.563962534E+03,-749.935708537,643.631605472
    ));
#4267 = CARTESIAN_POINT('',(2.56389761869E+03,-750.084392739,
    643.701227398));
#4268 = CARTESIAN_POINT('',(2.56378713872E+03,-750.218311495,
    643.749204447));
#4269 = CARTESIAN_POINT('',(2.56372477033E+03,-750.276629886,
    643.765783702));
#4270 = CARTESIAN_POINT('',(2.56358837139E+03,-750.36967241,
    643.779855075));
#4271 = CARTESIAN_POINT('',(2.56342611088E+03,-750.42371776,
    643.759416719));
#4272 = CARTESIAN_POINT('',(2.56334707831E+03,-750.438623882,
    643.741891101));
#4273 = CARTESIAN_POINT('',(2.56308578666E+03,-750.451755803,
    643.659914431));
#4274 = CARTESIAN_POINT('',(2.5628554267E+03,-750.361551943,
    643.523649298));
#4275 = CARTESIAN_POINT('',(2.56273121455E+03,-750.264245407,
    643.423062399));
#4276 = CARTESIAN_POINT('',(2.5625909782E+03,-750.093609341,
    643.279799021));
#4277 = CARTESIAN_POINT('',(2.56251984863E+03,-749.892119197,
    643.149522778));
#4278 = CARTESIAN_POINT('',(2.56250446214E+03,-749.826016498,
    643.110056392));
#4279 = CARTESIAN_POINT('',(2.56249652984E+03,-749.758121602,
    643.072664648));
#4280 = CARTESIAN_POINT('',(2.56249652978E+03,-749.689132371,
    643.037748215));
#4281 = ORIENTED_EDGE('',*,*,#2833,.F.);
#4282 = ORIENTED_EDGE('',*,*,#4283,.F.);
#4283 = EDGE_CURVE('',#3014,#2834,#4284,.T.);
#4284 = CIRCLE('',#4285,4.7500000008);
#4285 = AXIS2_PLACEMENT_3D('',#4286,#4287,#4288);
#4286 = CARTESIAN_POINT('',(2.56199653041E+03,-747.892483791,
    647.332535409));
#4287 = DIRECTION('',(0.,-1.,0.));
#4288 = DIRECTION('',(0.,-0.,-1.));
#4289 = SURFACE_OF_REVOLUTION('',#4290,#4296);
#4290 = B_SPLINE_CURVE_WITH_KNOTS('',4,(#4291,#4292,#4293,#4294,#4295),
  .UNSPECIFIED.,.F.,.F.,(5,5),(21.3143390857,25.231389558),
  .PIECEWISE_BEZIER_KNOTS.);
#4291 = CARTESIAN_POINT('',(2.56346440637E+03,-751.156815556,
    650.01946434));
#4292 = CARTESIAN_POINT('',(2.56383789479E+03,-750.605118686,
    650.703130303));
#4293 = CARTESIAN_POINT('',(2.56412776411E+03,-749.803681327,
    651.233732543));
#4294 = CARTESIAN_POINT('',(2.56427380172E+03,-748.847084327,
    651.501052578));
#4295 = CARTESIAN_POINT('',(2.56427380172E+03,-747.892483791,
    651.501052578));
#4296 = AXIS1_PLACEMENT('',#4297,#4298);
#4297 = CARTESIAN_POINT('',(2.56199653041E+03,-747.892483791,
    647.332535409));
#4298 = DIRECTION('',(0.,-1.,0.));
#4299 = ADVANCED_FACE('',(#4300),#4319,.T.);
#4300 = FACE_BOUND('',#4301,.T.);
#4301 = EDGE_LOOP('',(#4302,#4303,#4311,#4318));
#4302 = ORIENTED_EDGE('',*,*,#4226,.F.);
#4303 = ORIENTED_EDGE('',*,*,#4304,.T.);
#4304 = EDGE_CURVE('',#4227,#4305,#4307,.T.);
#4305 = VERTEX_POINT('',#4306);
#4306 = CARTESIAN_POINT('',(2.5597192591E+03,-743.85626104,643.16401824)
  );
#4307 = LINE('',#4308,#4309);
#4308 = CARTESIAN_POINT('',(2.5597192591E+03,-746.558537301,643.16401824
    ));
#4309 = VECTOR('',#4310,1.);
#4310 = DIRECTION('',(0.,1.,0.));
#4311 = ORIENTED_EDGE('',*,*,#4312,.F.);
#4312 = EDGE_CURVE('',#1849,#4305,#4313,.T.);
#4313 = B_SPLINE_CURVE_WITH_KNOTS('',3,(#4314,#4315,#4316,#4317),
  .UNSPECIFIED.,.F.,.F.,(4,4),(-0.155311876703,0.155311876703),
  .PIECEWISE_BEZIER_KNOTS.);
#4314 = CARTESIAN_POINT('',(2.55999653041E+03,-743.85626104,
    643.024113424));
#4315 = CARTESIAN_POINT('',(2.55990261475E+03,-743.85626104,643.06770974
    ));
#4316 = CARTESIAN_POINT('',(2.5598101251E+03,-743.85626104,643.11437792)
  );
#4317 = CARTESIAN_POINT('',(2.5597192591E+03,-743.85626104,643.16401824)
  );
#4318 = ORIENTED_EDGE('',*,*,#1848,.F.);
#4319 = CYLINDRICAL_SURFACE('',#4320,4.75);
#4320 = AXIS2_PLACEMENT_3D('',#4321,#4322,#4323);
#4321 = CARTESIAN_POINT('',(2.56199653041E+03,-746.5585373,647.332535409
    ));
#4322 = DIRECTION('',(-0.,1.,0.));
#4323 = DIRECTION('',(0.479425538604,0.,0.87758256189));
#4324 = ADVANCED_FACE('',(#4325),#4345,.T.);
#4325 = FACE_BOUND('',#4326,.T.);
#4326 = EDGE_LOOP('',(#4327,#4336,#4337,#4338));
#4327 = ORIENTED_EDGE('',*,*,#4328,.F.);
#4328 = EDGE_CURVE('',#1857,#4329,#4331,.T.);
#4329 = VERTEX_POINT('',#4330);
#4330 = CARTESIAN_POINT('',(2.55978409248E+03,-743.514290475,
    643.28269496));
#4331 = CIRCLE('',#4332,4.61476860192);
#4332 = AXIS2_PLACEMENT_3D('',#4333,#4334,#4335);
#4333 = CARTESIAN_POINT('',(2.56199653041E+03,-743.514290475,
    647.332535409));
#4334 = DIRECTION('',(-0.,1.,0.));
#4335 = DIRECTION('',(0.,0.,1.));
#4336 = ORIENTED_EDGE('',*,*,#1856,.F.);
#4337 = ORIENTED_EDGE('',*,*,#4312,.T.);
#4338 = ORIENTED_EDGE('',*,*,#4339,.T.);
#4339 = EDGE_CURVE('',#4305,#4329,#4340,.T.);
#4340 = CIRCLE('',#4341,0.5);
#4341 = AXIS2_PLACEMENT_3D('',#4342,#4343,#4344);
#4342 = CARTESIAN_POINT('',(2.55995897187E+03,-743.85626104,
    643.602809521));
#4343 = DIRECTION('',(0.87758256189,0.,-0.479425538604));
#4344 = DIRECTION('',(0.479425538604,0.,0.87758256189));
#4345 = TOROIDAL_SURFACE('',#4346,4.25,0.5);
#4346 = AXIS2_PLACEMENT_3D('',#4347,#4348,#4349);
#4347 = CARTESIAN_POINT('',(2.56199653041E+03,-743.85626104,
    647.332535409));
#4348 = DIRECTION('',(0.,1.,0.));
#4349 = DIRECTION('',(0.479425538604,-0.,0.87758256189));
#4350 = ADVANCED_FACE('',(#4351),#4361,.T.);
#4351 = FACE_BOUND('',#4352,.T.);
#4352 = EDGE_LOOP('',(#4353,#4354,#4360));
#4353 = ORIENTED_EDGE('',*,*,#4328,.T.);
#4354 = ORIENTED_EDGE('',*,*,#4355,.F.);
#4355 = EDGE_CURVE('',#1871,#4329,#4356,.T.);
#4356 = LINE('',#4357,#4358);
#4357 = CARTESIAN_POINT('',(-1.6138841664E+05,-3.65509399673E+05,
    -2.99461885743E+05));
#4358 = VECTOR('',#4359,1.);
#4359 = DIRECTION('',(-0.327898843806,-0.729537204691,-0.60021480755));
#4360 = ORIENTED_EDGE('',*,*,#1870,.T.);
#4361 = CONICAL_SURFACE('',#4362,4.13523139819,0.753151280156);
#4362 = AXIS2_PLACEMENT_3D('',#4363,#4364,#4365);
#4363 = CARTESIAN_POINT('',(2.56199653041E+03,-743.002784123,
    647.332535409));
#4364 = DIRECTION('',(0.,-1.,0.));
#4365 = DIRECTION('',(-0.479425538604,-0.,-0.87758256189));
#4366 = ADVANCED_FACE('',(#4367),#4386,.T.);
#4367 = FACE_BOUND('',#4368,.T.);
#4368 = EDGE_LOOP('',(#4369,#4370,#4377,#4378,#4385));
#4369 = ORIENTED_EDGE('',*,*,#4355,.T.);
#4370 = ORIENTED_EDGE('',*,*,#4371,.F.);
#4371 = EDGE_CURVE('',#1964,#4329,#4372,.T.);
#4372 = CIRCLE('',#4373,4.61476860238);
#4373 = AXIS2_PLACEMENT_3D('',#4374,#4375,#4376);
#4374 = CARTESIAN_POINT('',(2.56199653041E+03,-743.514290475,
    647.332535409));
#4375 = DIRECTION('',(0.,-1.,0.));
#4376 = DIRECTION('',(0.,-0.,-1.));
#4377 = ORIENTED_EDGE('',*,*,#1963,.F.);
#4378 = ORIENTED_EDGE('',*,*,#4379,.T.);
#4379 = EDGE_CURVE('',#1950,#1882,#4380,.T.);
#4380 = CIRCLE('',#4381,4.13523139869);
#4381 = AXIS2_PLACEMENT_3D('',#4382,#4383,#4384);
#4382 = CARTESIAN_POINT('',(2.56199653041E+03,-743.002784124,
    647.332535409));
#4383 = DIRECTION('',(0.,-1.,0.));
#4384 = DIRECTION('',(0.,-0.,-1.));
#4385 = ORIENTED_EDGE('',*,*,#1881,.T.);
#4386 = CONICAL_SURFACE('',#4387,4.13523139819,0.753151280156);
#4387 = AXIS2_PLACEMENT_3D('',#4388,#4389,#4390);
#4388 = CARTESIAN_POINT('',(2.56199653041E+03,-743.002784123,
    647.332535409));
#4389 = DIRECTION('',(0.,-1.,0.));
#4390 = DIRECTION('',(0.479425538604,0.,0.87758256189));
#4391 = ADVANCED_FACE('',(#4392),#4398,.F.);
#4392 = FACE_BOUND('',#4393,.F.);
#4393 = EDGE_LOOP('',(#4394,#4395,#4396,#4397));
#4394 = ORIENTED_EDGE('',*,*,#1949,.T.);
#4395 = ORIENTED_EDGE('',*,*,#4379,.T.);
#4396 = ORIENTED_EDGE('',*,*,#1892,.T.);
#4397 = ORIENTED_EDGE('',*,*,#1922,.T.);
#4398 = TOROIDAL_SURFACE('',#4399,4.5,0.5);
#4399 = AXIS2_PLACEMENT_3D('',#4400,#4401,#4402);
#4400 = CARTESIAN_POINT('',(2.56199653041E+03,-742.66081356,
    647.332535409));
#4401 = DIRECTION('',(0.,1.,0.));
#4402 = DIRECTION('',(-0.479425538604,0.,-0.87758256189));
#4403 = ADVANCED_FACE('',(#4404),#4416,.T.);
#4404 = FACE_BOUND('',#4405,.T.);
#4405 = EDGE_LOOP('',(#4406,#4407,#4414,#4415));
#4406 = ORIENTED_EDGE('',*,*,#4339,.F.);
#4407 = ORIENTED_EDGE('',*,*,#4408,.T.);
#4408 = EDGE_CURVE('',#4305,#1975,#4409,.T.);
#4409 = CIRCLE('',#4410,4.75);
#4410 = AXIS2_PLACEMENT_3D('',#4411,#4412,#4413);
#4411 = CARTESIAN_POINT('',(2.56199653041E+03,-743.85626104,
    647.332535409));
#4412 = DIRECTION('',(-0.,1.,0.));
#4413 = DIRECTION('',(0.,0.,1.));
#4414 = ORIENTED_EDGE('',*,*,#1974,.T.);
#4415 = ORIENTED_EDGE('',*,*,#4371,.T.);
#4416 = TOROIDAL_SURFACE('',#4417,4.25,0.5);
#4417 = AXIS2_PLACEMENT_3D('',#4418,#4419,#4420);
#4418 = CARTESIAN_POINT('',(2.56199653041E+03,-743.85626104,
    647.332535409));
#4419 = DIRECTION('',(0.,1.,0.));
#4420 = DIRECTION('',(-0.479425538604,0.,-0.87758256189));
#4421 = ADVANCED_FACE('',(#4422),#4434,.T.);
#4422 = FACE_BOUND('',#4423,.T.);
#4423 = EDGE_LOOP('',(#4424,#4425,#4426,#4433));
#4424 = ORIENTED_EDGE('',*,*,#4408,.F.);
#4425 = ORIENTED_EDGE('',*,*,#4304,.F.);
#4426 = ORIENTED_EDGE('',*,*,#4427,.T.);
#4427 = EDGE_CURVE('',#4227,#1989,#4428,.T.);
#4428 = CIRCLE('',#4429,4.75);
#4429 = AXIS2_PLACEMENT_3D('',#4430,#4431,#4432);
#4430 = CARTESIAN_POINT('',(2.56199653041E+03,-747.892483791,
    647.332535409));
#4431 = DIRECTION('',(-0.,1.,0.));
#4432 = DIRECTION('',(0.,0.,1.));
#4433 = ORIENTED_EDGE('',*,*,#1988,.T.);
#4434 = CYLINDRICAL_SURFACE('',#4435,4.75);
#4435 = AXIS2_PLACEMENT_3D('',#4436,#4437,#4438);
#4436 = CARTESIAN_POINT('',(2.56199653041E+03,-746.5585373,647.332535409
    ));
#4437 = DIRECTION('',(-0.,1.,0.));
#4438 = DIRECTION('',(-0.479425538604,0.,-0.87758256189));
#4439 = ADVANCED_FACE('',(#4440),#4452,.F.);
#4440 = FACE_BOUND('',#4441,.F.);
#4441 = EDGE_LOOP('',(#4442,#4443,#4450,#4451));
#4442 = ORIENTED_EDGE('',*,*,#1996,.T.);
#4443 = ORIENTED_EDGE('',*,*,#4444,.T.);
#4444 = EDGE_CURVE('',#1997,#4236,#4445,.T.);
#4445 = CIRCLE('',#4446,3.06173919761);
#4446 = AXIS2_PLACEMENT_3D('',#4447,#4448,#4449);
#4447 = CARTESIAN_POINT('',(2.56199653041E+03,-751.156815556,
    647.332535409));
#4448 = DIRECTION('',(0.,-1.,0.));
#4449 = DIRECTION('',(0.,-0.,-1.));
#4450 = ORIENTED_EDGE('',*,*,#4235,.T.);
#4451 = ORIENTED_EDGE('',*,*,#4427,.T.);
#4452 = SURFACE_OF_REVOLUTION('',#4453,#4459);
#4453 = B_SPLINE_CURVE_WITH_KNOTS('',4,(#4454,#4455,#4456,#4457,#4458),
  .UNSPECIFIED.,.F.,.F.,(5,5),(21.3143390857,25.231389558),
  .PIECEWISE_BEZIER_KNOTS.);
#4454 = CARTESIAN_POINT('',(2.56346440637E+03,-751.156815556,
    650.01946434));
#4455 = CARTESIAN_POINT('',(2.56383789479E+03,-750.605118686,
    650.703130303));
#4456 = CARTESIAN_POINT('',(2.56412776411E+03,-749.803681327,
    651.233732543));
#4457 = CARTESIAN_POINT('',(2.56427380172E+03,-748.847084327,
    651.501052578));
#4458 = CARTESIAN_POINT('',(2.56427380172E+03,-747.892483791,
    651.501052578));
#4459 = AXIS1_PLACEMENT('',#4460,#4461);
#4460 = CARTESIAN_POINT('',(2.56199653041E+03,-747.892483791,
    647.332535409));
#4461 = DIRECTION('',(0.,-1.,0.));
#4462 = ADVANCED_FACE('',(#4463),#4473,.T.);
#4463 = FACE_BOUND('',#4464,.T.);
#4464 = EDGE_LOOP('',(#4465,#4466,#4472));
#4465 = ORIENTED_EDGE('',*,*,#4444,.T.);
#4466 = ORIENTED_EDGE('',*,*,#4467,.F.);
#4467 = EDGE_CURVE('',#2014,#4236,#4468,.T.);
#4468 = LINE('',#4469,#4470);
#4469 = CARTESIAN_POINT('',(-1.93063790456E+05,2.88214496084E+05,
    -3.57443268593E+05));
#4470 = VECTOR('',#4471,1.);
#4471 = DIRECTION('',(-0.39125100367,0.577934799912,-0.716180158325));
#4472 = ORIENTED_EDGE('',*,*,#2013,.T.);
#4473 = CONICAL_SURFACE('',#4474,1.18955494873,0.954600535766);
#4474 = AXIS2_PLACEMENT_3D('',#4475,#4476,#4477);
#4475 = CARTESIAN_POINT('',(2.56199653041E+03,-752.482661712,
    647.332535409));
#4476 = DIRECTION('',(0.,1.,0.));
#4477 = DIRECTION('',(-0.479425538604,0.,-0.87758256189));
#4478 = ADVANCED_FACE('',(#4479),#4488,.T.);
#4479 = FACE_BOUND('',#4480,.T.);
#4480 = EDGE_LOOP('',(#4481,#4482,#4483,#4484,#4485,#4486,#4487));
#4481 = ORIENTED_EDGE('',*,*,#4153,.F.);
#4482 = ORIENTED_EDGE('',*,*,#3039,.T.);
#4483 = ORIENTED_EDGE('',*,*,#2027,.T.);
#4484 = ORIENTED_EDGE('',*,*,#4467,.T.);
#4485 = ORIENTED_EDGE('',*,*,#4245,.T.);
#4486 = ORIENTED_EDGE('',*,*,#3642,.F.);
#4487 = ORIENTED_EDGE('',*,*,#2806,.F.);
#4488 = CONICAL_SURFACE('',#4489,1.18955494873,0.954600535766);
#4489 = AXIS2_PLACEMENT_3D('',#4490,#4491,#4492);
#4490 = CARTESIAN_POINT('',(2.56199653041E+03,-752.482661712,
    647.332535409));
#4491 = DIRECTION('',(0.,1.,0.));
#4492 = DIRECTION('',(0.479425538604,-0.,0.87758256189));
#4493 = ADVANCED_FACE('',(#4494),#4506,.T.);
#4494 = FACE_BOUND('',#4495,.T.);
#4495 = EDGE_LOOP('',(#4496,#4503,#4504,#4505));
#4496 = ORIENTED_EDGE('',*,*,#4497,.F.);
#4497 = EDGE_CURVE('',#2138,#2335,#4498,.T.);
#4498 = CIRCLE('',#4499,3.06173919978);
#4499 = AXIS2_PLACEMENT_3D('',#4500,#4501,#4502);
#4500 = CARTESIAN_POINT('',(2.56199653041E+03,-751.156815556,
    647.332535409));
#4501 = DIRECTION('',(-0.,1.,0.));
#4502 = DIRECTION('',(0.,0.,1.));
#4503 = ORIENTED_EDGE('',*,*,#2137,.F.);
#4504 = ORIENTED_EDGE('',*,*,#4129,.F.);
#4505 = ORIENTED_EDGE('',*,*,#2348,.T.);
#4506 = CONICAL_SURFACE('',#4507,1.18955494873,0.954600535766);
#4507 = AXIS2_PLACEMENT_3D('',#4508,#4509,#4510);
#4508 = CARTESIAN_POINT('',(2.56199653041E+03,-752.482661712,
    647.332535409));
#4509 = DIRECTION('',(0.,1.,0.));
#4510 = DIRECTION('',(-0.479425538604,0.,-0.87758256189));
#4511 = ADVANCED_FACE('',(#4512),#4524,.F.);
#4512 = FACE_BOUND('',#4513,.F.);
#4513 = EDGE_LOOP('',(#4514,#4515,#4516,#4517));
#4514 = ORIENTED_EDGE('',*,*,#2334,.T.);
#4515 = ORIENTED_EDGE('',*,*,#4497,.F.);
#4516 = ORIENTED_EDGE('',*,*,#2151,.F.);
#4517 = ORIENTED_EDGE('',*,*,#4518,.F.);
#4518 = EDGE_CURVE('',#2327,#2152,#4519,.T.);
#4519 = CIRCLE('',#4520,4.7500000008);
#4520 = AXIS2_PLACEMENT_3D('',#4521,#4522,#4523);
#4521 = CARTESIAN_POINT('',(2.56199653041E+03,-747.892483791,
    647.332535409));
#4522 = DIRECTION('',(0.,-1.,0.));
#4523 = DIRECTION('',(0.,-0.,-1.));
#4524 = SURFACE_OF_REVOLUTION('',#4525,#4531);
#4525 = B_SPLINE_CURVE_WITH_KNOTS('',4,(#4526,#4527,#4528,#4529,#4530),
  .UNSPECIFIED.,.F.,.F.,(5,5),(21.3143390857,25.231389558),
  .PIECEWISE_BEZIER_KNOTS.);
#4526 = CARTESIAN_POINT('',(2.56346440637E+03,-751.156815556,
    650.01946434));
#4527 = CARTESIAN_POINT('',(2.56383789479E+03,-750.605118686,
    650.703130303));
#4528 = CARTESIAN_POINT('',(2.56412776411E+03,-749.803681327,
    651.233732543));
#4529 = CARTESIAN_POINT('',(2.56427380172E+03,-748.847084327,
    651.501052578));
#4530 = CARTESIAN_POINT('',(2.56427380172E+03,-747.892483791,
    651.501052578));
#4531 = AXIS1_PLACEMENT('',#4532,#4533);
#4532 = CARTESIAN_POINT('',(2.56199653041E+03,-747.892483791,
    647.332535409));
#4533 = DIRECTION('',(0.,-1.,0.));
#4534 = ADVANCED_FACE('',(#4535),#4547,.T.);
#4535 = FACE_BOUND('',#4536,.T.);
#4536 = EDGE_LOOP('',(#4537,#4544,#4545,#4546));
#4537 = ORIENTED_EDGE('',*,*,#4538,.F.);
#4538 = EDGE_CURVE('',#2166,#2313,#4539,.T.);
#4539 = CIRCLE('',#4540,4.75);
#4540 = AXIS2_PLACEMENT_3D('',#4541,#4542,#4543);
#4541 = CARTESIAN_POINT('',(2.56199653041E+03,-743.85626104,
    647.332535409));
#4542 = DIRECTION('',(-0.,1.,0.));
#4543 = DIRECTION('',(0.,0.,1.));
#4544 = ORIENTED_EDGE('',*,*,#2165,.F.);
#4545 = ORIENTED_EDGE('',*,*,#4518,.F.);
#4546 = ORIENTED_EDGE('',*,*,#2326,.T.);
#4547 = CYLINDRICAL_SURFACE('',#4548,4.75);
#4548 = AXIS2_PLACEMENT_3D('',#4549,#4550,#4551);
#4549 = CARTESIAN_POINT('',(2.56199653041E+03,-746.5585373,647.332535409
    ));
#4550 = DIRECTION('',(-0.,1.,0.));
#4551 = DIRECTION('',(-0.479425538604,0.,-0.87758256189));
#4552 = ADVANCED_FACE('',(#4553),#4565,.T.);
#4553 = FACE_BOUND('',#4554,.T.);
#4554 = EDGE_LOOP('',(#4555,#4562,#4563,#4564));
#4555 = ORIENTED_EDGE('',*,*,#4556,.F.);
#4556 = EDGE_CURVE('',#2174,#2302,#4557,.T.);
#4557 = CIRCLE('',#4558,4.61476860192);
#4558 = AXIS2_PLACEMENT_3D('',#4559,#4560,#4561);
#4559 = CARTESIAN_POINT('',(2.56199653041E+03,-743.514290475,
    647.332535409));
#4560 = DIRECTION('',(-0.,1.,0.));
#4561 = DIRECTION('',(0.,0.,1.));
#4562 = ORIENTED_EDGE('',*,*,#2173,.F.);
#4563 = ORIENTED_EDGE('',*,*,#4538,.T.);
#4564 = ORIENTED_EDGE('',*,*,#2312,.T.);
#4565 = TOROIDAL_SURFACE('',#4566,4.25,0.5);
#4566 = AXIS2_PLACEMENT_3D('',#4567,#4568,#4569);
#4567 = CARTESIAN_POINT('',(2.56199653041E+03,-743.85626104,
    647.332535409));
#4568 = DIRECTION('',(0.,1.,0.));
#4569 = DIRECTION('',(-0.479425538604,0.,-0.87758256189));
#4570 = ADVANCED_FACE('',(#4571),#4583,.T.);
#4571 = FACE_BOUND('',#4572,.T.);
#4572 = EDGE_LOOP('',(#4573,#4580,#4581,#4582));
#4573 = ORIENTED_EDGE('',*,*,#4574,.T.);
#4574 = EDGE_CURVE('',#2291,#2188,#4575,.T.);
#4575 = CIRCLE('',#4576,4.13523139869);
#4576 = AXIS2_PLACEMENT_3D('',#4577,#4578,#4579);
#4577 = CARTESIAN_POINT('',(2.56199653041E+03,-743.002784124,
    647.332535409));
#4578 = DIRECTION('',(0.,-1.,0.));
#4579 = DIRECTION('',(0.,-0.,-1.));
#4580 = ORIENTED_EDGE('',*,*,#2187,.T.);
#4581 = ORIENTED_EDGE('',*,*,#4556,.T.);
#4582 = ORIENTED_EDGE('',*,*,#2301,.F.);
#4583 = CONICAL_SURFACE('',#4584,4.13523139819,0.753151280156);
#4584 = AXIS2_PLACEMENT_3D('',#4585,#4586,#4587);
#4585 = CARTESIAN_POINT('',(2.56199653041E+03,-743.002784123,
    647.332535409));
#4586 = DIRECTION('',(0.,-1.,0.));
#4587 = DIRECTION('',(0.479425538604,0.,0.87758256189));
#4588 = ADVANCED_FACE('',(#4589),#4601,.F.);
#4589 = FACE_BOUND('',#4590,.F.);
#4590 = EDGE_LOOP('',(#4591,#4592,#4599,#4600));
#4591 = ORIENTED_EDGE('',*,*,#2198,.T.);
#4592 = ORIENTED_EDGE('',*,*,#4593,.T.);
#4593 = EDGE_CURVE('',#2199,#2280,#4594,.T.);
#4594 = CIRCLE('',#4595,4.03503532279);
#4595 = AXIS2_PLACEMENT_3D('',#4596,#4597,#4598);
#4596 = CARTESIAN_POINT('',(2.56199653041E+03,-742.844682668,
    647.332535409));
#4597 = DIRECTION('',(-0.,1.,0.));
#4598 = DIRECTION('',(0.,0.,1.));
#4599 = ORIENTED_EDGE('',*,*,#2290,.F.);
#4600 = ORIENTED_EDGE('',*,*,#4574,.T.);
#4601 = TOROIDAL_SURFACE('',#4602,4.5,0.5);
#4602 = AXIS2_PLACEMENT_3D('',#4603,#4604,#4605);
#4603 = CARTESIAN_POINT('',(2.56199653041E+03,-742.66081356,
    647.332535409));
#4604 = DIRECTION('',(0.,1.,0.));
#4605 = DIRECTION('',(-0.479425538604,0.,-0.87758256189));
#4606 = ADVANCED_FACE('',(#4607),#4613,.F.);
#4607 = FACE_BOUND('',#4608,.F.);
#4608 = EDGE_LOOP('',(#4609,#4610,#4611,#4612));
#4609 = ORIENTED_EDGE('',*,*,#2279,.F.);
#4610 = ORIENTED_EDGE('',*,*,#4593,.F.);
#4611 = ORIENTED_EDGE('',*,*,#2209,.T.);
#4612 = ORIENTED_EDGE('',*,*,#2246,.T.);
#4613 = TOROIDAL_SURFACE('',#4614,4.5,0.5);
#4614 = AXIS2_PLACEMENT_3D('',#4615,#4616,#4617);
#4615 = CARTESIAN_POINT('',(2.56199653041E+03,-742.66081356,
    647.332535409));
#4616 = DIRECTION('',(0.,1.,0.));
#4617 = DIRECTION('',(-0.479425538604,0.,-0.87758256189));
#4618 = ADVANCED_FACE('',(#4619),#4625,.F.);
#4619 = FACE_BOUND('',#4620,.F.);
#4620 = EDGE_LOOP('',(#4621,#4622,#4623,#4624));
#4621 = ORIENTED_EDGE('',*,*,#2428,.T.);
#4622 = ORIENTED_EDGE('',*,*,#2703,.T.);
#4623 = ORIENTED_EDGE('',*,*,#4027,.F.);
#4624 = ORIENTED_EDGE('',*,*,#2639,.F.);
#4625 = CYLINDRICAL_SURFACE('',#4626,0.75);
#4626 = AXIS2_PLACEMENT_3D('',#4627,#4628,#4629);
#4627 = CARTESIAN_POINT('',(2.56074653041E+03,-749.706555052,
    636.932535409));
#4628 = DIRECTION('',(0.,0.,1.));
#4629 = DIRECTION('',(-1.,5.66549845232E-16,0.));
#4630 = ADVANCED_FACE('',(#4631),#4643,.T.);
#4631 = FACE_BOUND('',#4632,.T.);
#4632 = EDGE_LOOP('',(#4633,#4640,#4641,#4642));
#4633 = ORIENTED_EDGE('',*,*,#4634,.F.);
#4634 = EDGE_CURVE('',#2494,#2607,#4635,.T.);
#4635 = CIRCLE('',#4636,4.75);
#4636 = AXIS2_PLACEMENT_3D('',#4637,#4638,#4639);
#4637 = CARTESIAN_POINT('',(2.56199653041E+03,-743.85626104,
    647.332535409));
#4638 = DIRECTION('',(-0.,1.,0.));
#4639 = DIRECTION('',(0.,0.,1.));
#4640 = ORIENTED_EDGE('',*,*,#2493,.F.);
#4641 = ORIENTED_EDGE('',*,*,#4019,.F.);
#4642 = ORIENTED_EDGE('',*,*,#2620,.T.);
#4643 = CYLINDRICAL_SURFACE('',#4644,4.75);
#4644 = AXIS2_PLACEMENT_3D('',#4645,#4646,#4647);
#4645 = CARTESIAN_POINT('',(2.56199653041E+03,-746.5585373,647.332535409
    ));
#4646 = DIRECTION('',(-0.,1.,0.));
#4647 = DIRECTION('',(-0.479425538604,0.,-0.87758256189));
#4648 = ADVANCED_FACE('',(#4649),#4661,.T.);
#4649 = FACE_BOUND('',#4650,.T.);
#4650 = EDGE_LOOP('',(#4651,#4658,#4659,#4660));
#4651 = ORIENTED_EDGE('',*,*,#4652,.F.);
#4652 = EDGE_CURVE('',#2502,#2596,#4653,.T.);
#4653 = CIRCLE('',#4654,4.61476860192);
#4654 = AXIS2_PLACEMENT_3D('',#4655,#4656,#4657);
#4655 = CARTESIAN_POINT('',(2.56199653041E+03,-743.514290475,
    647.332535409));
#4656 = DIRECTION('',(-0.,1.,0.));
#4657 = DIRECTION('',(0.,0.,1.));
#4658 = ORIENTED_EDGE('',*,*,#2501,.F.);
#4659 = ORIENTED_EDGE('',*,*,#4634,.T.);
#4660 = ORIENTED_EDGE('',*,*,#2606,.T.);
#4661 = TOROIDAL_SURFACE('',#4662,4.25,0.5);
#4662 = AXIS2_PLACEMENT_3D('',#4663,#4664,#4665);
#4663 = CARTESIAN_POINT('',(2.56199653041E+03,-743.85626104,
    647.332535409));
#4664 = DIRECTION('',(0.,1.,0.));
#4665 = DIRECTION('',(-0.479425538604,0.,-0.87758256189));
#4666 = ADVANCED_FACE('',(#4667),#4679,.T.);
#4667 = FACE_BOUND('',#4668,.T.);
#4668 = EDGE_LOOP('',(#4669,#4676,#4677,#4678));
#4669 = ORIENTED_EDGE('',*,*,#4670,.T.);
#4670 = EDGE_CURVE('',#2582,#2516,#4671,.T.);
#4671 = CIRCLE('',#4672,4.13523139869);
#4672 = AXIS2_PLACEMENT_3D('',#4673,#4674,#4675);
#4673 = CARTESIAN_POINT('',(2.56199653041E+03,-743.002784124,
    647.332535409));
#4674 = DIRECTION('',(0.,-1.,0.));
#4675 = DIRECTION('',(0.,-0.,-1.));
#4676 = ORIENTED_EDGE('',*,*,#2515,.T.);
#4677 = ORIENTED_EDGE('',*,*,#4652,.T.);
#4678 = ORIENTED_EDGE('',*,*,#2595,.F.);
#4679 = CONICAL_SURFACE('',#4680,4.13523139819,0.753151280156);
#4680 = AXIS2_PLACEMENT_3D('',#4681,#4682,#4683);
#4681 = CARTESIAN_POINT('',(2.56199653041E+03,-743.002784123,
    647.332535409));
#4682 = DIRECTION('',(0.,-1.,0.));
#4683 = DIRECTION('',(0.479425538604,0.,0.87758256189));
#4684 = ADVANCED_FACE('',(#4685),#4691,.F.);
#4685 = FACE_BOUND('',#4686,.F.);
#4686 = EDGE_LOOP('',(#4687,#4688,#4689,#4690));
#4687 = ORIENTED_EDGE('',*,*,#2581,.T.);
#4688 = ORIENTED_EDGE('',*,*,#4670,.T.);
#4689 = ORIENTED_EDGE('',*,*,#2526,.F.);
#4690 = ORIENTED_EDGE('',*,*,#2565,.T.);
#4691 = TOROIDAL_SURFACE('',#4692,4.5,0.5);
#4692 = AXIS2_PLACEMENT_3D('',#4693,#4694,#4695);
#4693 = CARTESIAN_POINT('',(2.56199653041E+03,-742.66081356,
    647.332535409));
#4694 = DIRECTION('',(0.,1.,0.));
#4695 = DIRECTION('',(-0.479425538604,0.,-0.87758256189));
#4696 = ADVANCED_FACE('',(#4697),#4703,.F.);
#4697 = FACE_BOUND('',#4698,.F.);
#4698 = EDGE_LOOP('',(#4699,#4700,#4701,#4702));
#4699 = ORIENTED_EDGE('',*,*,#3615,.F.);
#4700 = ORIENTED_EDGE('',*,*,#2825,.F.);
#4701 = ORIENTED_EDGE('',*,*,#4261,.F.);
#4702 = ORIENTED_EDGE('',*,*,#3842,.T.);
#4703 = CYLINDRICAL_SURFACE('',#4704,0.75);
#4704 = AXIS2_PLACEMENT_3D('',#4705,#4706,#4707);
#4705 = CARTESIAN_POINT('',(2.56324653041E+03,-749.68913511,
    636.932535409));
#4706 = DIRECTION('',(0.,0.,1.));
#4707 = DIRECTION('',(-1.,5.66549845232E-16,0.));
#4708 = ADVANCED_FACE('',(#4709),#4721,.T.);
#4709 = FACE_BOUND('',#4710,.T.);
#4710 = EDGE_LOOP('',(#4711,#4712,#4713,#4720));
#4711 = ORIENTED_EDGE('',*,*,#4283,.F.);
#4712 = ORIENTED_EDGE('',*,*,#3013,.T.);
#4713 = ORIENTED_EDGE('',*,*,#4714,.F.);
#4714 = EDGE_CURVE('',#2845,#3000,#4715,.T.);
#4715 = CIRCLE('',#4716,4.75);
#4716 = AXIS2_PLACEMENT_3D('',#4717,#4718,#4719);
#4717 = CARTESIAN_POINT('',(2.56199653041E+03,-743.85626104,
    647.332535409));
#4718 = DIRECTION('',(-0.,1.,0.));
#4719 = DIRECTION('',(0.,0.,1.));
#4720 = ORIENTED_EDGE('',*,*,#2844,.F.);
#4721 = CYLINDRICAL_SURFACE('',#4722,4.75);
#4722 = AXIS2_PLACEMENT_3D('',#4723,#4724,#4725);
#4723 = CARTESIAN_POINT('',(2.56199653041E+03,-746.5585373,647.332535409
    ));
#4724 = DIRECTION('',(-0.,1.,0.));
#4725 = DIRECTION('',(0.479425538604,0.,0.87758256189));
#4726 = ADVANCED_FACE('',(#4727),#4739,.T.);
#4727 = FACE_BOUND('',#4728,.T.);
#4728 = EDGE_LOOP('',(#4729,#4730,#4731,#4732));
#4729 = ORIENTED_EDGE('',*,*,#2852,.F.);
#4730 = ORIENTED_EDGE('',*,*,#4714,.T.);
#4731 = ORIENTED_EDGE('',*,*,#2999,.T.);
#4732 = ORIENTED_EDGE('',*,*,#4733,.F.);
#4733 = EDGE_CURVE('',#2853,#2989,#4734,.T.);
#4734 = CIRCLE('',#4735,4.61476860198);
#4735 = AXIS2_PLACEMENT_3D('',#4736,#4737,#4738);
#4736 = CARTESIAN_POINT('',(2.56199653041E+03,-743.514290475,
    647.332535409));
#4737 = DIRECTION('',(-0.,1.,0.));
#4738 = DIRECTION('',(0.,0.,1.));
#4739 = TOROIDAL_SURFACE('',#4740,4.25,0.5);
#4740 = AXIS2_PLACEMENT_3D('',#4741,#4742,#4743);
#4741 = CARTESIAN_POINT('',(2.56199653041E+03,-743.85626104,
    647.332535409));
#4742 = DIRECTION('',(0.,1.,0.));
#4743 = DIRECTION('',(0.479425538604,-0.,0.87758256189));
#4744 = ADVANCED_FACE('',(#4745),#4757,.T.);
#4745 = FACE_BOUND('',#4746,.T.);
#4746 = EDGE_LOOP('',(#4747,#4748,#4749,#4756));
#4747 = ORIENTED_EDGE('',*,*,#4733,.T.);
#4748 = ORIENTED_EDGE('',*,*,#2988,.F.);
#4749 = ORIENTED_EDGE('',*,*,#4750,.T.);
#4750 = EDGE_CURVE('',#2978,#2867,#4751,.T.);
#4751 = CIRCLE('',#4752,4.13523139844);
#4752 = AXIS2_PLACEMENT_3D('',#4753,#4754,#4755);
#4753 = CARTESIAN_POINT('',(2.56199653041E+03,-743.002784123,
    647.332535409));
#4754 = DIRECTION('',(0.,-1.,0.));
#4755 = DIRECTION('',(0.,-0.,-1.));
#4756 = ORIENTED_EDGE('',*,*,#2866,.T.);
#4757 = CONICAL_SURFACE('',#4758,4.13523139819,0.753151280156);
#4758 = AXIS2_PLACEMENT_3D('',#4759,#4760,#4761);
#4759 = CARTESIAN_POINT('',(2.56199653041E+03,-743.002784123,
    647.332535409));
#4760 = DIRECTION('',(0.,-1.,0.));
#4761 = DIRECTION('',(-0.479425538604,-0.,-0.87758256189));
#4762 = ADVANCED_FACE('',(#4763),#4775,.F.);
#4763 = FACE_BOUND('',#4764,.F.);
#4764 = EDGE_LOOP('',(#4765,#4772,#4773,#4774));
#4765 = ORIENTED_EDGE('',*,*,#4766,.T.);
#4766 = EDGE_CURVE('',#2878,#2967,#4767,.T.);
#4767 = CIRCLE('',#4768,4.03503532313);
#4768 = AXIS2_PLACEMENT_3D('',#4769,#4770,#4771);
#4769 = CARTESIAN_POINT('',(2.56199653041E+03,-742.844682669,
    647.332535409));
#4770 = DIRECTION('',(-0.,1.,0.));
#4771 = DIRECTION('',(0.,0.,1.));
#4772 = ORIENTED_EDGE('',*,*,#2977,.F.);
#4773 = ORIENTED_EDGE('',*,*,#4750,.T.);
#4774 = ORIENTED_EDGE('',*,*,#2877,.T.);
#4775 = TOROIDAL_SURFACE('',#4776,4.5,0.5);
#4776 = AXIS2_PLACEMENT_3D('',#4777,#4778,#4779);
#4777 = CARTESIAN_POINT('',(2.56199653041E+03,-742.66081356,
    647.332535409));
#4778 = DIRECTION('',(0.,1.,0.));
#4779 = DIRECTION('',(0.479425538604,-0.,0.87758256189));
#4780 = ADVANCED_FACE('',(#4781),#4787,.F.);
#4781 = FACE_BOUND('',#4782,.F.);
#4782 = EDGE_LOOP('',(#4783,#4784,#4785,#4786));
#4783 = ORIENTED_EDGE('',*,*,#2966,.F.);
#4784 = ORIENTED_EDGE('',*,*,#4766,.F.);
#4785 = ORIENTED_EDGE('',*,*,#2888,.T.);
#4786 = ORIENTED_EDGE('',*,*,#2938,.T.);
#4787 = TOROIDAL_SURFACE('',#4788,4.5,0.5);
#4788 = AXIS2_PLACEMENT_3D('',#4789,#4790,#4791);
#4789 = CARTESIAN_POINT('',(2.56199653041E+03,-742.66081356,
    647.332535409));
#4790 = DIRECTION('',(0.,1.,0.));
#4791 = DIRECTION('',(0.479425538604,-0.,0.87758256189));
#4792 = ADVANCED_FACE('',(#4793),#4812,.T.);
#4793 = FACE_BOUND('',#4794,.T.);
#4794 = EDGE_LOOP('',(#4795,#4796,#4804,#4811));
#4795 = ORIENTED_EDGE('',*,*,#3992,.F.);
#4796 = ORIENTED_EDGE('',*,*,#4797,.T.);
#4797 = EDGE_CURVE('',#3993,#4798,#4800,.T.);
#4798 = VERTEX_POINT('',#4799);
#4799 = CARTESIAN_POINT('',(2.56427380172E+03,-743.85626104,
    651.501052577));
#4800 = LINE('',#4801,#4802);
#4801 = CARTESIAN_POINT('',(2.56427380172E+03,-746.558537301,
    651.501052578));
#4802 = VECTOR('',#4803,1.);
#4803 = DIRECTION('',(0.,1.,0.));
#4804 = ORIENTED_EDGE('',*,*,#4805,.F.);
#4805 = EDGE_CURVE('',#3109,#4798,#4806,.T.);
#4806 = CIRCLE('',#4807,4.75);
#4807 = AXIS2_PLACEMENT_3D('',#4808,#4809,#4810);
#4808 = CARTESIAN_POINT('',(2.56199653041E+03,-743.85626104,
    647.332535409));
#4809 = DIRECTION('',(-0.,1.,0.));
#4810 = DIRECTION('',(0.,0.,1.));
#4811 = ORIENTED_EDGE('',*,*,#3108,.F.);
#4812 = CYLINDRICAL_SURFACE('',#4813,4.75);
#4813 = AXIS2_PLACEMENT_3D('',#4814,#4815,#4816);
#4814 = CARTESIAN_POINT('',(2.56199653041E+03,-746.5585373,647.332535409
    ));
#4815 = DIRECTION('',(-0.,1.,0.));
#4816 = DIRECTION('',(-0.479425538604,0.,-0.87758256189));
#4817 = ADVANCED_FACE('',(#4818),#4838,.T.);
#4818 = FACE_BOUND('',#4819,.T.);
#4819 = EDGE_LOOP('',(#4820,#4821,#4830,#4837));
#4820 = ORIENTED_EDGE('',*,*,#4805,.T.);
#4821 = ORIENTED_EDGE('',*,*,#4822,.T.);
#4822 = EDGE_CURVE('',#4798,#4823,#4825,.T.);
#4823 = VERTEX_POINT('',#4824);
#4824 = CARTESIAN_POINT('',(2.56420896833E+03,-743.514290475,
    651.382375863));
#4825 = CIRCLE('',#4826,0.5);
#4826 = AXIS2_PLACEMENT_3D('',#4827,#4828,#4829);
#4827 = CARTESIAN_POINT('',(2.56403408895E+03,-743.85626104,
    651.062261297));
#4828 = DIRECTION('',(-0.87758256189,0.,0.479425538604));
#4829 = DIRECTION('',(-0.479425538604,0.,-0.87758256189));
#4830 = ORIENTED_EDGE('',*,*,#4831,.F.);
#4831 = EDGE_CURVE('',#3117,#4823,#4832,.T.);
#4832 = CIRCLE('',#4833,4.61476860198);
#4833 = AXIS2_PLACEMENT_3D('',#4834,#4835,#4836);
#4834 = CARTESIAN_POINT('',(2.56199653041E+03,-743.514290475,
    647.332535409));
#4835 = DIRECTION('',(-0.,1.,0.));
#4836 = DIRECTION('',(0.,0.,1.));
#4837 = ORIENTED_EDGE('',*,*,#3116,.F.);
#4838 = TOROIDAL_SURFACE('',#4839,4.25,0.5);
#4839 = AXIS2_PLACEMENT_3D('',#4840,#4841,#4842);
#4840 = CARTESIAN_POINT('',(2.56199653041E+03,-743.85626104,
    647.332535409));
#4841 = DIRECTION('',(0.,1.,0.));
#4842 = DIRECTION('',(-0.479425538604,0.,-0.87758256189));
#4843 = ADVANCED_FACE('',(#4844),#4854,.T.);
#4844 = FACE_BOUND('',#4845,.T.);
#4845 = EDGE_LOOP('',(#4846,#4847,#4853));
#4846 = ORIENTED_EDGE('',*,*,#4831,.T.);
#4847 = ORIENTED_EDGE('',*,*,#4848,.F.);
#4848 = EDGE_CURVE('',#3131,#4823,#4849,.T.);
#4849 = LINE('',#4850,#4851);
#4850 = CARTESIAN_POINT('',(1.66512409701E+05,-3.65509399673E+05,
    3.00756550814E+05));
#4851 = VECTOR('',#4852,1.);
#4852 = DIRECTION('',(0.327898843806,-0.729537204691,0.60021480755));
#4853 = ORIENTED_EDGE('',*,*,#3130,.T.);
#4854 = CONICAL_SURFACE('',#4855,4.13523139819,0.753151280156);
#4855 = AXIS2_PLACEMENT_3D('',#4856,#4857,#4858);
#4856 = CARTESIAN_POINT('',(2.56199653041E+03,-743.002784123,
    647.332535409));
#4857 = DIRECTION('',(0.,-1.,0.));
#4858 = DIRECTION('',(0.479425538604,0.,0.87758256189));
#4859 = ADVANCED_FACE('',(#4860),#4879,.T.);
#4860 = FACE_BOUND('',#4861,.T.);
#4861 = EDGE_LOOP('',(#4862,#4863,#4870,#4871,#4878));
#4862 = ORIENTED_EDGE('',*,*,#4848,.T.);
#4863 = ORIENTED_EDGE('',*,*,#4864,.F.);
#4864 = EDGE_CURVE('',#3231,#4823,#4865,.T.);
#4865 = CIRCLE('',#4866,4.61476860238);
#4866 = AXIS2_PLACEMENT_3D('',#4867,#4868,#4869);
#4867 = CARTESIAN_POINT('',(2.56199653041E+03,-743.514290475,
    647.332535409));
#4868 = DIRECTION('',(0.,-1.,0.));
#4869 = DIRECTION('',(0.,-0.,-1.));
#4870 = ORIENTED_EDGE('',*,*,#3230,.F.);
#4871 = ORIENTED_EDGE('',*,*,#4872,.T.);
#4872 = EDGE_CURVE('',#3217,#3142,#4873,.T.);
#4873 = CIRCLE('',#4874,4.13523139869);
#4874 = AXIS2_PLACEMENT_3D('',#4875,#4876,#4877);
#4875 = CARTESIAN_POINT('',(2.56199653041E+03,-743.002784124,
    647.332535409));
#4876 = DIRECTION('',(0.,-1.,0.));
#4877 = DIRECTION('',(0.,-0.,-1.));
#4878 = ORIENTED_EDGE('',*,*,#3141,.T.);
#4879 = CONICAL_SURFACE('',#4880,4.13523139819,0.753151280156);
#4880 = AXIS2_PLACEMENT_3D('',#4881,#4882,#4883);
#4881 = CARTESIAN_POINT('',(2.56199653041E+03,-743.002784123,
    647.332535409));
#4882 = DIRECTION('',(0.,-1.,0.));
#4883 = DIRECTION('',(-0.479425538604,-0.,-0.87758256189));
#4884 = ADVANCED_FACE('',(#4885),#4891,.F.);
#4885 = FACE_BOUND('',#4886,.F.);
#4886 = EDGE_LOOP('',(#4887,#4888,#4889,#4890));
#4887 = ORIENTED_EDGE('',*,*,#4872,.T.);
#4888 = ORIENTED_EDGE('',*,*,#3152,.F.);
#4889 = ORIENTED_EDGE('',*,*,#3180,.T.);
#4890 = ORIENTED_EDGE('',*,*,#3216,.F.);
#4891 = TOROIDAL_SURFACE('',#4892,4.5,0.5);
#4892 = AXIS2_PLACEMENT_3D('',#4893,#4894,#4895);
#4893 = CARTESIAN_POINT('',(2.56199653041E+03,-742.66081356,
    647.332535409));
#4894 = DIRECTION('',(0.,1.,0.));
#4895 = DIRECTION('',(0.479425538604,-0.,0.87758256189));
#4896 = ADVANCED_FACE('',(#4897),#4909,.T.);
#4897 = FACE_BOUND('',#4898,.T.);
#4898 = EDGE_LOOP('',(#4899,#4900,#4901,#4908));
#4899 = ORIENTED_EDGE('',*,*,#4864,.T.);
#4900 = ORIENTED_EDGE('',*,*,#4822,.F.);
#4901 = ORIENTED_EDGE('',*,*,#4902,.T.);
#4902 = EDGE_CURVE('',#4798,#3242,#4903,.T.);
#4903 = CIRCLE('',#4904,4.75);
#4904 = AXIS2_PLACEMENT_3D('',#4905,#4906,#4907);
#4905 = CARTESIAN_POINT('',(2.56199653041E+03,-743.85626104,
    647.332535409));
#4906 = DIRECTION('',(-0.,1.,0.));
#4907 = DIRECTION('',(0.,0.,1.));
#4908 = ORIENTED_EDGE('',*,*,#3241,.T.);
#4909 = TOROIDAL_SURFACE('',#4910,4.25,0.5);
#4910 = AXIS2_PLACEMENT_3D('',#4911,#4912,#4913);
#4911 = CARTESIAN_POINT('',(2.56199653041E+03,-743.85626104,
    647.332535409));
#4912 = DIRECTION('',(0.,1.,0.));
#4913 = DIRECTION('',(0.479425538604,-0.,0.87758256189));
#4914 = ADVANCED_FACE('',(#4915),#4927,.T.);
#4915 = FACE_BOUND('',#4916,.T.);
#4916 = EDGE_LOOP('',(#4917,#4918,#4919,#4926));
#4917 = ORIENTED_EDGE('',*,*,#4902,.F.);
#4918 = ORIENTED_EDGE('',*,*,#4797,.F.);
#4919 = ORIENTED_EDGE('',*,*,#4920,.T.);
#4920 = EDGE_CURVE('',#3993,#3256,#4921,.T.);
#4921 = CIRCLE('',#4922,4.75);
#4922 = AXIS2_PLACEMENT_3D('',#4923,#4924,#4925);
#4923 = CARTESIAN_POINT('',(2.56199653041E+03,-747.892483791,
    647.332535409));
#4924 = DIRECTION('',(-0.,1.,0.));
#4925 = DIRECTION('',(0.,0.,1.));
#4926 = ORIENTED_EDGE('',*,*,#3255,.T.);
#4927 = CYLINDRICAL_SURFACE('',#4928,4.75);
#4928 = AXIS2_PLACEMENT_3D('',#4929,#4930,#4931);
#4929 = CARTESIAN_POINT('',(2.56199653041E+03,-746.5585373,647.332535409
    ));
#4930 = DIRECTION('',(-0.,1.,0.));
#4931 = DIRECTION('',(0.479425538604,0.,0.87758256189));
#4932 = ADVANCED_FACE('',(#4933),#4945,.F.);
#4933 = FACE_BOUND('',#4934,.F.);
#4934 = EDGE_LOOP('',(#4935,#4936,#4943,#4944));
#4935 = ORIENTED_EDGE('',*,*,#3263,.T.);
#4936 = ORIENTED_EDGE('',*,*,#4937,.T.);
#4937 = EDGE_CURVE('',#3264,#4002,#4938,.T.);
#4938 = CIRCLE('',#4939,3.06173919761);
#4939 = AXIS2_PLACEMENT_3D('',#4940,#4941,#4942);
#4940 = CARTESIAN_POINT('',(2.56199653041E+03,-751.156815556,
    647.332535409));
#4941 = DIRECTION('',(0.,-1.,0.));
#4942 = DIRECTION('',(0.,-0.,-1.));
#4943 = ORIENTED_EDGE('',*,*,#4001,.T.);
#4944 = ORIENTED_EDGE('',*,*,#4920,.T.);
#4945 = SURFACE_OF_REVOLUTION('',#4946,#4952);
#4946 = B_SPLINE_CURVE_WITH_KNOTS('',4,(#4947,#4948,#4949,#4950,#4951),
  .UNSPECIFIED.,.F.,.F.,(5,5),(21.3143390857,25.231389558),
  .PIECEWISE_BEZIER_KNOTS.);
#4947 = CARTESIAN_POINT('',(2.56346440637E+03,-751.156815556,
    650.01946434));
#4948 = CARTESIAN_POINT('',(2.56383789479E+03,-750.605118686,
    650.703130303));
#4949 = CARTESIAN_POINT('',(2.56412776411E+03,-749.803681327,
    651.233732543));
#4950 = CARTESIAN_POINT('',(2.56427380172E+03,-748.847084327,
    651.501052578));
#4951 = CARTESIAN_POINT('',(2.56427380172E+03,-747.892483791,
    651.501052578));
#4952 = AXIS1_PLACEMENT('',#4953,#4954);
#4953 = CARTESIAN_POINT('',(2.56199653041E+03,-747.892483791,
    647.332535409));
#4954 = DIRECTION('',(0.,-1.,0.));
#4955 = ADVANCED_FACE('',(#4956),#4961,.T.);
#4956 = FACE_BOUND('',#4957,.T.);
#4957 = EDGE_LOOP('',(#4958,#4959,#4960));
#4958 = ORIENTED_EDGE('',*,*,#4937,.T.);
#4959 = ORIENTED_EDGE('',*,*,#4075,.F.);
#4960 = ORIENTED_EDGE('',*,*,#3280,.T.);
#4961 = CONICAL_SURFACE('',#4962,1.18955494873,0.954600535766);
#4962 = AXIS2_PLACEMENT_3D('',#4963,#4964,#4965);
#4963 = CARTESIAN_POINT('',(2.56199653041E+03,-752.482661712,
    647.332535409));
#4964 = DIRECTION('',(0.,1.,0.));
#4965 = DIRECTION('',(0.479425538604,-0.,0.87758256189));
#4966 = ADVANCED_FACE('',(#4967),#4979,.T.);
#4967 = FACE_BOUND('',#4968,.T.);
#4968 = EDGE_LOOP('',(#4969,#4976,#4977,#4978));
#4969 = ORIENTED_EDGE('',*,*,#4970,.F.);
#4970 = EDGE_CURVE('',#3367,#3547,#4971,.T.);
#4971 = CIRCLE('',#4972,3.06173919978);
#4972 = AXIS2_PLACEMENT_3D('',#4973,#4974,#4975);
#4973 = CARTESIAN_POINT('',(2.56199653041E+03,-751.156815556,
    647.332535409));
#4974 = DIRECTION('',(-0.,1.,0.));
#4975 = DIRECTION('',(0.,0.,1.));
#4976 = ORIENTED_EDGE('',*,*,#3366,.F.);
#4977 = ORIENTED_EDGE('',*,*,#4172,.F.);
#4978 = ORIENTED_EDGE('',*,*,#3560,.T.);
#4979 = CONICAL_SURFACE('',#4980,1.18955494873,0.954600535766);
#4980 = AXIS2_PLACEMENT_3D('',#4981,#4982,#4983);
#4981 = CARTESIAN_POINT('',(2.56199653041E+03,-752.482661712,
    647.332535409));
#4982 = DIRECTION('',(0.,1.,0.));
#4983 = DIRECTION('',(0.479425538604,-0.,0.87758256189));
#4984 = ADVANCED_FACE('',(#4985),#4997,.F.);
#4985 = FACE_BOUND('',#4986,.F.);
#4986 = EDGE_LOOP('',(#4987,#4988,#4989,#4990));
#4987 = ORIENTED_EDGE('',*,*,#3546,.T.);
#4988 = ORIENTED_EDGE('',*,*,#4970,.F.);
#4989 = ORIENTED_EDGE('',*,*,#3380,.F.);
#4990 = ORIENTED_EDGE('',*,*,#4991,.F.);
#4991 = EDGE_CURVE('',#3539,#3381,#4992,.T.);
#4992 = CIRCLE('',#4993,4.7500000008);
#4993 = AXIS2_PLACEMENT_3D('',#4994,#4995,#4996);
#4994 = CARTESIAN_POINT('',(2.56199653041E+03,-747.892483791,
    647.332535409));
#4995 = DIRECTION('',(0.,-1.,0.));
#4996 = DIRECTION('',(0.,-0.,-1.));
#4997 = SURFACE_OF_REVOLUTION('',#4998,#5004);
#4998 = B_SPLINE_CURVE_WITH_KNOTS('',4,(#4999,#5000,#5001,#5002,#5003),
  .UNSPECIFIED.,.F.,.F.,(5,5),(21.3143390857,25.231389558),
  .PIECEWISE_BEZIER_KNOTS.);
#4999 = CARTESIAN_POINT('',(2.56346440637E+03,-751.156815556,
    650.01946434));
#5000 = CARTESIAN_POINT('',(2.56383789479E+03,-750.605118686,
    650.703130303));
#5001 = CARTESIAN_POINT('',(2.56412776411E+03,-749.803681327,
    651.233732543));
#5002 = CARTESIAN_POINT('',(2.56427380172E+03,-748.847084327,
    651.501052578));
#5003 = CARTESIAN_POINT('',(2.56427380172E+03,-747.892483791,
    651.501052578));
#5004 = AXIS1_PLACEMENT('',#5005,#5006);
#5005 = CARTESIAN_POINT('',(2.56199653041E+03,-747.892483791,
    647.332535409));
#5006 = DIRECTION('',(0.,-1.,0.));
#5007 = ADVANCED_FACE('',(#5008),#5020,.T.);
#5008 = FACE_BOUND('',#5009,.T.);
#5009 = EDGE_LOOP('',(#5010,#5017,#5018,#5019));
#5010 = ORIENTED_EDGE('',*,*,#5011,.F.);
#5011 = EDGE_CURVE('',#3395,#3525,#5012,.T.);
#5012 = CIRCLE('',#5013,4.75);
#5013 = AXIS2_PLACEMENT_3D('',#5014,#5015,#5016);
#5014 = CARTESIAN_POINT('',(2.56199653041E+03,-743.85626104,
    647.332535409));
#5015 = DIRECTION('',(-0.,1.,0.));
#5016 = DIRECTION('',(0.,0.,1.));
#5017 = ORIENTED_EDGE('',*,*,#3394,.F.);
#5018 = ORIENTED_EDGE('',*,*,#4991,.F.);
#5019 = ORIENTED_EDGE('',*,*,#3538,.T.);
#5020 = CYLINDRICAL_SURFACE('',#5021,4.75);
#5021 = AXIS2_PLACEMENT_3D('',#5022,#5023,#5024);
#5022 = CARTESIAN_POINT('',(2.56199653041E+03,-746.5585373,647.332535409
    ));
#5023 = DIRECTION('',(-0.,1.,0.));
#5024 = DIRECTION('',(0.479425538604,0.,0.87758256189));
#5025 = ADVANCED_FACE('',(#5026),#5038,.T.);
#5026 = FACE_BOUND('',#5027,.T.);
#5027 = EDGE_LOOP('',(#5028,#5035,#5036,#5037));
#5028 = ORIENTED_EDGE('',*,*,#5029,.F.);
#5029 = EDGE_CURVE('',#3403,#3514,#5030,.T.);
#5030 = CIRCLE('',#5031,4.61476860198);
#5031 = AXIS2_PLACEMENT_3D('',#5032,#5033,#5034);
#5032 = CARTESIAN_POINT('',(2.56199653041E+03,-743.514290475,
    647.332535409));
#5033 = DIRECTION('',(-0.,1.,0.));
#5034 = DIRECTION('',(0.,0.,1.));
#5035 = ORIENTED_EDGE('',*,*,#3402,.F.);
#5036 = ORIENTED_EDGE('',*,*,#5011,.T.);
#5037 = ORIENTED_EDGE('',*,*,#3524,.T.);
#5038 = TOROIDAL_SURFACE('',#5039,4.25,0.5);
#5039 = AXIS2_PLACEMENT_3D('',#5040,#5041,#5042);
#5040 = CARTESIAN_POINT('',(2.56199653041E+03,-743.85626104,
    647.332535409));
#5041 = DIRECTION('',(0.,1.,0.));
#5042 = DIRECTION('',(0.479425538604,-0.,0.87758256189));
#5043 = ADVANCED_FACE('',(#5044),#5056,.T.);
#5044 = FACE_BOUND('',#5045,.T.);
#5045 = EDGE_LOOP('',(#5046,#5053,#5054,#5055));
#5046 = ORIENTED_EDGE('',*,*,#5047,.T.);
#5047 = EDGE_CURVE('',#3503,#3417,#5048,.T.);
#5048 = CIRCLE('',#5049,4.13523139844);
#5049 = AXIS2_PLACEMENT_3D('',#5050,#5051,#5052);
#5050 = CARTESIAN_POINT('',(2.56199653041E+03,-743.002784123,
    647.332535409));
#5051 = DIRECTION('',(0.,-1.,0.));
#5052 = DIRECTION('',(0.,-0.,-1.));
#5053 = ORIENTED_EDGE('',*,*,#3416,.T.);
#5054 = ORIENTED_EDGE('',*,*,#5029,.T.);
#5055 = ORIENTED_EDGE('',*,*,#3513,.F.);
#5056 = CONICAL_SURFACE('',#5057,4.13523139819,0.753151280156);
#5057 = AXIS2_PLACEMENT_3D('',#5058,#5059,#5060);
#5058 = CARTESIAN_POINT('',(2.56199653041E+03,-743.002784123,
    647.332535409));
#5059 = DIRECTION('',(0.,-1.,0.));
#5060 = DIRECTION('',(-0.479425538604,-0.,-0.87758256189));
#5061 = ADVANCED_FACE('',(#5062),#5074,.F.);
#5062 = FACE_BOUND('',#5063,.F.);
#5063 = EDGE_LOOP('',(#5064,#5071,#5072,#5073));
#5064 = ORIENTED_EDGE('',*,*,#5065,.T.);
#5065 = EDGE_CURVE('',#3428,#3492,#5066,.T.);
#5066 = CIRCLE('',#5067,4.03503532313);
#5067 = AXIS2_PLACEMENT_3D('',#5068,#5069,#5070);
#5068 = CARTESIAN_POINT('',(2.56199653041E+03,-742.844682669,
    647.332535409));
#5069 = DIRECTION('',(-0.,1.,0.));
#5070 = DIRECTION('',(0.,0.,1.));
#5071 = ORIENTED_EDGE('',*,*,#3502,.T.);
#5072 = ORIENTED_EDGE('',*,*,#5047,.T.);
#5073 = ORIENTED_EDGE('',*,*,#3427,.F.);
#5074 = TOROIDAL_SURFACE('',#5075,4.5,0.5);
#5075 = AXIS2_PLACEMENT_3D('',#5076,#5077,#5078);
#5076 = CARTESIAN_POINT('',(2.56199653041E+03,-742.66081356,
    647.332535409));
#5077 = DIRECTION('',(0.,1.,0.));
#5078 = DIRECTION('',(0.479425538604,-0.,0.87758256189));
#5079 = ADVANCED_FACE('',(#5080),#5086,.F.);
#5080 = FACE_BOUND('',#5081,.F.);
#5081 = EDGE_LOOP('',(#5082,#5083,#5084,#5085));
#5082 = ORIENTED_EDGE('',*,*,#5065,.F.);
#5083 = ORIENTED_EDGE('',*,*,#3438,.F.);
#5084 = ORIENTED_EDGE('',*,*,#3466,.T.);
#5085 = ORIENTED_EDGE('',*,*,#3491,.T.);
#5086 = TOROIDAL_SURFACE('',#5087,4.5,0.5);
#5087 = AXIS2_PLACEMENT_3D('',#5088,#5089,#5090);
#5088 = CARTESIAN_POINT('',(2.56199653041E+03,-742.66081356,
    647.332535409));
#5089 = DIRECTION('',(0.,1.,0.));
#5090 = DIRECTION('',(0.479425538604,-0.,0.87758256189));
#5091 = ADVANCED_FACE('',(#5092),#5104,.T.);
#5092 = FACE_BOUND('',#5093,.T.);
#5093 = EDGE_LOOP('',(#5094,#5101,#5102,#5103));
#5094 = ORIENTED_EDGE('',*,*,#5095,.F.);
#5095 = EDGE_CURVE('',#3674,#3810,#5096,.T.);
#5096 = CIRCLE('',#5097,4.75);
#5097 = AXIS2_PLACEMENT_3D('',#5098,#5099,#5100);
#5098 = CARTESIAN_POINT('',(2.56199653041E+03,-743.85626104,
    647.332535409));
#5099 = DIRECTION('',(-0.,1.,0.));
#5100 = DIRECTION('',(0.,0.,1.));
#5101 = ORIENTED_EDGE('',*,*,#3673,.F.);
#5102 = ORIENTED_EDGE('',*,*,#4253,.F.);
#5103 = ORIENTED_EDGE('',*,*,#3823,.T.);
#5104 = CYLINDRICAL_SURFACE('',#5105,4.75);
#5105 = AXIS2_PLACEMENT_3D('',#5106,#5107,#5108);
#5106 = CARTESIAN_POINT('',(2.56199653041E+03,-746.5585373,647.332535409
    ));
#5107 = DIRECTION('',(-0.,1.,0.));
#5108 = DIRECTION('',(0.479425538604,0.,0.87758256189));
#5109 = ADVANCED_FACE('',(#5110),#5122,.T.);
#5110 = FACE_BOUND('',#5111,.T.);
#5111 = EDGE_LOOP('',(#5112,#5119,#5120,#5121));
#5112 = ORIENTED_EDGE('',*,*,#5113,.F.);
#5113 = EDGE_CURVE('',#3682,#3799,#5114,.T.);
#5114 = CIRCLE('',#5115,4.61476860192);
#5115 = AXIS2_PLACEMENT_3D('',#5116,#5117,#5118);
#5116 = CARTESIAN_POINT('',(2.56199653041E+03,-743.514290475,
    647.332535409));
#5117 = DIRECTION('',(-0.,1.,0.));
#5118 = DIRECTION('',(0.,0.,1.));
#5119 = ORIENTED_EDGE('',*,*,#3681,.F.);
#5120 = ORIENTED_EDGE('',*,*,#5095,.T.);
#5121 = ORIENTED_EDGE('',*,*,#3809,.T.);
#5122 = TOROIDAL_SURFACE('',#5123,4.25,0.5);
#5123 = AXIS2_PLACEMENT_3D('',#5124,#5125,#5126);
#5124 = CARTESIAN_POINT('',(2.56199653041E+03,-743.85626104,
    647.332535409));
#5125 = DIRECTION('',(0.,1.,0.));
#5126 = DIRECTION('',(0.479425538604,-0.,0.87758256189));
#5127 = ADVANCED_FACE('',(#5128),#5140,.T.);
#5128 = FACE_BOUND('',#5129,.T.);
#5129 = EDGE_LOOP('',(#5130,#5137,#5138,#5139));
#5130 = ORIENTED_EDGE('',*,*,#5131,.T.);
#5131 = EDGE_CURVE('',#3785,#3696,#5132,.T.);
#5132 = CIRCLE('',#5133,4.13523139869);
#5133 = AXIS2_PLACEMENT_3D('',#5134,#5135,#5136);
#5134 = CARTESIAN_POINT('',(2.56199653041E+03,-743.002784124,
    647.332535409));
#5135 = DIRECTION('',(0.,-1.,0.));
#5136 = DIRECTION('',(0.,-0.,-1.));
#5137 = ORIENTED_EDGE('',*,*,#3695,.T.);
#5138 = ORIENTED_EDGE('',*,*,#5113,.T.);
#5139 = ORIENTED_EDGE('',*,*,#3798,.F.);
#5140 = CONICAL_SURFACE('',#5141,4.13523139819,0.753151280156);
#5141 = AXIS2_PLACEMENT_3D('',#5142,#5143,#5144);
#5142 = CARTESIAN_POINT('',(2.56199653041E+03,-743.002784123,
    647.332535409));
#5143 = DIRECTION('',(0.,-1.,0.));
#5144 = DIRECTION('',(-0.479425538604,-0.,-0.87758256189));
#5145 = ADVANCED_FACE('',(#5146),#5152,.F.);
#5146 = FACE_BOUND('',#5147,.F.);
#5147 = EDGE_LOOP('',(#5148,#5149,#5150,#5151));
#5148 = ORIENTED_EDGE('',*,*,#5131,.T.);
#5149 = ORIENTED_EDGE('',*,*,#3706,.T.);
#5150 = ORIENTED_EDGE('',*,*,#3761,.T.);
#5151 = ORIENTED_EDGE('',*,*,#3784,.F.);
#5152 = TOROIDAL_SURFACE('',#5153,4.5,0.5);
#5153 = AXIS2_PLACEMENT_3D('',#5154,#5155,#5156);
#5154 = CARTESIAN_POINT('',(2.56199653041E+03,-742.66081356,
    647.332535409));
#5155 = DIRECTION('',(0.,1.,0.));
#5156 = DIRECTION('',(0.479425538604,-0.,0.87758256189));
#5157 = ADVANCED_FACE('',(#5158),#5162,.F.);
#5158 = FACE_BOUND('',#5159,.T.);
#5159 = EDGE_LOOP('',(#5160,#5161));
#5160 = ORIENTED_EDGE('',*,*,#4162,.T.);
#5161 = ORIENTED_EDGE('',*,*,#4111,.T.);
#5162 = PLANE('',#5163);
#5163 = AXIS2_PLACEMENT_3D('',#5164,#5165,#5166);
#5164 = CARTESIAN_POINT('',(2.56199653041E+03,-752.7585373,647.655188158
    ));
#5165 = DIRECTION('',(-0.,1.,0.));
#5166 = DIRECTION('',(1.,0.,0.));
#5167 = ( GEOMETRIC_REPRESENTATION_CONTEXT(3) 
GLOBAL_UNCERTAINTY_ASSIGNED_CONTEXT((#5171)) 
GLOBAL_UNIT_ASSIGNED_CONTEXT((#5168,#5169,#5170)) REPRESENTATION_CONTEXT
('Context #1','3D Context with UNIT and UNCERTAINTY') );
#5168 = ( LENGTH_UNIT() NAMED_UNIT(*) SI_UNIT(.MILLI.,.METRE.) );
#5169 = ( NAMED_UNIT(*) PLANE_ANGLE_UNIT() SI_UNIT($,.RADIAN.) );
#5170 = ( NAMED_UNIT(*) SI_UNIT($,.STERADIAN.) SOLID_ANGLE_UNIT() );
#5171 = UNCERTAINTY_MEASURE_WITH_UNIT(LENGTH_MEASURE(5.E-04),#5168,
  'distance_accuracy_value','confusion accuracy');
#5172 = PRODUCT_RELATED_PRODUCT_CATEGORY('part',$,(#7));
#5173 = MECHANICAL_DESIGN_GEOMETRIC_PRESENTATION_REPRESENTATION('',(
    #5174),#5167);
#5174 = STYLED_ITEM('color',(#5175),#15);
#5175 = PRESENTATION_STYLE_ASSIGNMENT((#5176,#5182));
#5176 = SURFACE_STYLE_USAGE(.BOTH.,#5177);
#5177 = SURFACE_SIDE_STYLE('',(#5178));
#5178 = SURFACE_STYLE_FILL_AREA(#5179);
#5179 = FILL_AREA_STYLE('',(#5180));
#5180 = FILL_AREA_STYLE_COLOUR('',#5181);
#5181 = COLOUR_RGB('',0.800000010877,0.800000010877,0.901960800373);
#5182 = CURVE_STYLE('',#5183,POSITIVE_LENGTH_MEASURE(0.1),#5184);
#5183 = DRAUGHTING_PRE_DEFINED_CURVE_FONT('continuous');
#5184 = COLOUR_RGB('',9.803921802644E-02,9.803921802644E-02,
  9.803921802644E-02);
ENDSEC;
END-ISO-10303-21;
