ISO-10303-21;
HEADER;
FILE_DESCRIPTION(('CATIA V5 STEP Exchange','CAx-IF Rec.Pracs.--- Model Styling and Organization---1.4--- 2014-01-23','CAx-IF Rec.Pracs.---3D Tessellated Data Validation Properties---0.5---2014-09-14'),'2;1');

FILE_NAME('E:\\shenshujun\\CLIP\\5406019.stp','2026-06-26T09:58:13+00:00',('none'),('none'),'CATIA Version 5-6 Release 2018','CATIA V5 STEP AP242','none');

FILE_SCHEMA(('AP242_MANAGED_MODEL_BASED_3D_ENGINEERING_MIM_LF  {1 0 10303 442 1 1 4}'));

ENDSEC;
DATA;
#5=PRODUCT('5406019','','',(#2)) ;
#2=PRODUCT_CONTEXT(' ',#1,'mechanical') ;
#1=APPLICATION_CONTEXT('managed model based 3d engineering') ;
#10=PRODUCT_DEFINITION('D\X2\578B53616263\X0\1',' ',#6,#3) ;
#3=PRODUCT_DEFINITION_CONTEXT('part definition',#1,' ') ;
#11=PRODUCT_DEFINITION_SHAPE(' ',' ',#10) ;
#2125=MECHANICAL_DESIGN_GEOMETRIC_PRESENTATION_REPRESENTATION(' ',(#29),#16) ;
#19=SHAPE_REPRESENTATION(' ',(#18),#16) ;
#7=PRODUCT_CATEGORY('part','specification') ;
#17=CARTESIAN_POINT(' ',(0.,0.,0.)) ;
#31=CARTESIAN_POINT('Axis2P3D Location',(0.,2.25,-1.07683199991)) ;
#36=CARTESIAN_POINT('Axis2P3D Location',(0.,0.,-1.07683199991)) ;
#40=CARTESIAN_POINT('Vertex',(3.11626600093,-5.70428665229,-1.07683199991)) ;
#42=CARTESIAN_POINT('Vertex',(-3.11626600093,5.70428665229,-1.07683199991)) ;
#45=CARTESIAN_POINT('Axis2P3D Location',(0.,0.,-1.07683199991)) ;
#54=CARTESIAN_POINT('Axis2P3D Location',(0.,0.,-1.07683199991)) ;
#58=CARTESIAN_POINT('Vertex',(-1.07870746186,1.97456076425,-1.07683199991)) ;
#60=CARTESIAN_POINT('Vertex',(1.07870746186,-1.97456076425,-1.07683199991)) ;
#63=CARTESIAN_POINT('Axis2P3D Location',(0.,0.,-1.07683199991)) ;
#73=CARTESIAN_POINT('Axis2P3D Location',(0.,0.,7.92316799983)) ;
#78=CARTESIAN_POINT('Line Origine',(1.07870746186,-1.97456076425,0.423168000092)) ;
#82=CARTESIAN_POINT('Vertex',(1.07870746186,-1.97456076425,1.92316800009)) ;
#85=CARTESIAN_POINT('Axis2P3D Location',(0.,0.,1.92316800009)) ;
#89=CARTESIAN_POINT('Vertex',(-1.07870746186,1.97456076425,1.92316800009)) ;
#92=CARTESIAN_POINT('Line Origine',(-1.07870746186,1.97456076425,0.423168000092)) ;
#104=CARTESIAN_POINT('Axis2P3D Location',(0.,0.,1.92316800009)) ;
#116=CARTESIAN_POINT('Axis2P3D Location',(0.,4.,2.92316800009)) ;
#121=CARTESIAN_POINT('Axis2P3D Location',(0.,0.,2.92316800009)) ;
#125=CARTESIAN_POINT('Vertex',(3.83540430883,-7.02066049512,2.92316800009)) ;
#127=CARTESIAN_POINT('Vertex',(-3.83540430883,7.02066049512,2.92316800009)) ;
#130=CARTESIAN_POINT('Axis2P3D Location',(0.,0.,2.92316800009)) ;
#139=CARTESIAN_POINT('Axis2P3D Location',(0.,0.,2.92316800009)) ;
#143=CARTESIAN_POINT('Vertex',(-1.91770215442,3.51033024756,2.92316800009)) ;
#145=CARTESIAN_POINT('Vertex',(1.91770215442,-3.51033024756,2.92316800009)) ;
#148=CARTESIAN_POINT('Axis2P3D Location',(0.,0.,2.92316800009)) ;
#158=CARTESIAN_POINT('Axis2P3D Location',(0.,0.,7.92316799983)) ;
#163=CARTESIAN_POINT('Line Origine',(1.91770215442,-3.51033024756,4.42316800009)) ;
#167=CARTESIAN_POINT('Vertex',(1.91770215442,-3.51033024756,3.41326604873)) ;
#170=CARTESIAN_POINT('Axis2P3D Location',(0.,0.,3.41326604873)) ;
#174=CARTESIAN_POINT('Vertex',(-1.91770215442,3.51033024756,3.41326604873)) ;
#177=CARTESIAN_POINT('Line Origine',(-1.91770215442,3.51033024756,4.42316800009)) ;
#189=CARTESIAN_POINT('Axis2P3D Location',(0.,0.,3.41326604873)) ;
#201=CARTESIAN_POINT('Axis2P3D Location',(0.,0.,3.92316800009)) ;
#206=CARTESIAN_POINT('Line Origine',(3.11626600093,-5.70428665229,4.42316800009)) ;
#210=CARTESIAN_POINT('Vertex',(4.31482984744,-7.89824305701,4.92316800009)) ;
#212=CARTESIAN_POINT('Vertex',(1.91770215442,-3.51033024756,3.92316800009)) ;
#215=CARTESIAN_POINT('Axis2P3D Location',(0.,0.,3.92316800009)) ;
#219=CARTESIAN_POINT('Vertex',(1.45429880307,-3.72626018837,3.92316800009)) ;
#222=CARTESIAN_POINT('Axis2P3D Location',(0.,0.,3.92316800009)) ;
#226=CARTESIAN_POINT('Vertex',(-1.45429880307,-3.72626018837,3.92316800009)) ;
#229=CARTESIAN_POINT('Axis2P3D Location',(0.,0.,3.92316800009)) ;
#233=CARTESIAN_POINT('Vertex',(-3.95418538577,0.603670386033,3.92316800009)) ;
#236=CARTESIAN_POINT('Axis2P3D Location',(0.,0.,3.92316800009)) ;
#240=CARTESIAN_POINT('Vertex',(-2.4998865827,3.12258980233,3.92316800009)) ;
#243=CARTESIAN_POINT('Axis2P3D Location',(0.,0.,3.92316800009)) ;
#247=CARTESIAN_POINT('Vertex',(-1.91770215442,3.51033024756,3.92316800009)) ;
#250=CARTESIAN_POINT('Line Origine',(-3.11626600093,5.70428665229,4.42316800009)) ;
#254=CARTESIAN_POINT('Vertex',(-4.31482984744,7.89824305701,4.92316800009)) ;
#257=CARTESIAN_POINT('Axis2P3D Location',(0.,0.,4.92316800009)) ;
#273=CARTESIAN_POINT('Axis2P3D Location',(0.,0.,3.92316800009)) ;
#277=CARTESIAN_POINT('Vertex',(2.4998865827,3.12258980233,3.92316800009)) ;
#280=CARTESIAN_POINT('Axis2P3D Location',(0.,0.,3.92316800009)) ;
#284=CARTESIAN_POINT('Vertex',(3.95418538577,0.603670386033,3.92316800009)) ;
#287=CARTESIAN_POINT('Axis2P3D Location',(0.,0.,3.92316800009)) ;
#292=CARTESIAN_POINT('Axis2P3D Location',(0.,0.,4.92316800009)) ;
#306=CARTESIAN_POINT('Line Origine',(-3.95418538577,0.603670386033,4.42316800009)) ;
#310=CARTESIAN_POINT('Vertex',(-3.95418538577,0.603670386033,5.92316800009)) ;
#313=CARTESIAN_POINT('Axis2P3D Location',(0.,0.,5.92316800009)) ;
#317=CARTESIAN_POINT('Vertex',(-2.4998865827,3.12258980233,5.92316800009)) ;
#320=CARTESIAN_POINT('Line Origine',(-2.4998865827,3.12258980233,4.42316800009)) ;
#332=CARTESIAN_POINT('Line Origine',(-1.45429880307,-3.72626018837,4.42316800009)) ;
#336=CARTESIAN_POINT('Vertex',(-1.45429880307,-3.72626018837,5.92316800009)) ;
#339=CARTESIAN_POINT('Line Origine',(1.45429880307,-3.72626018837,4.42316800009)) ;
#343=CARTESIAN_POINT('Vertex',(1.45429880307,-3.72626018837,5.92316800009)) ;
#346=CARTESIAN_POINT('Axis2P3D Location',(0.,0.,5.92316800009)) ;
#358=CARTESIAN_POINT('Line Origine',(3.95418538577,0.603670386033,4.42316800009)) ;
#362=CARTESIAN_POINT('Vertex',(3.95418538577,0.603670386033,5.92316800009)) ;
#365=CARTESIAN_POINT('Line Origine',(2.4998865827,3.12258980233,4.42316800009)) ;
#369=CARTESIAN_POINT('Vertex',(2.4998865827,3.12258980233,5.92316800009)) ;
#372=CARTESIAN_POINT('Axis2P3D Location',(0.,0.,5.92316800009)) ;
#384=CARTESIAN_POINT('Axis2P3D Location',(0.,0.,7.92316799983)) ;
#389=CARTESIAN_POINT('Axis2P3D Location',(0.,0.,6.40365400253)) ;
#393=CARTESIAN_POINT('Vertex',(-2.69079472696,1.32650809926,6.40365400253)) ;
#395=CARTESIAN_POINT('Vertex',(-2.93863678646,0.603666992019,6.40365400253)) ;
#399=CARTESIAN_POINT('Control Point',(-2.93863678646,0.603666992019,6.40365400253)) ;
#400=CARTESIAN_POINT('Control Point',(-2.93863670595,0.603667383947,3.92316800009)) ;
#401=CARTESIAN_POINT('Vertex',(-2.93863670595,0.603667383947,3.92316800009)) ;
#404=CARTESIAN_POINT('Axis2P3D Location',(0.,0.,3.92316800009)) ;
#408=CARTESIAN_POINT('Vertex',(-2.69079472696,1.32650809926,3.92316800009)) ;
#411=CARTESIAN_POINT('Axis2P3D Location',(0.,0.,3.92316800009)) ;
#415=CARTESIAN_POINT('Vertex',(-2.49418707576,1.66704254028,3.92316800009)) ;
#418=CARTESIAN_POINT('Axis2P3D Location',(0.,0.,3.92316800009)) ;
#422=CARTESIAN_POINT('Vertex',(-1.99210954788,2.24310043227,3.92316800009)) ;
#426=CARTESIAN_POINT('Control Point',(-1.99210934375,2.24310061356,6.40365400253)) ;
#427=CARTESIAN_POINT('Control Point',(-1.99210954788,2.24310043227,3.92316800009)) ;
#428=CARTESIAN_POINT('Vertex',(-1.99210934375,2.24310061356,6.40365400253)) ;
#431=CARTESIAN_POINT('Axis2P3D Location',(0.,0.,6.40365400253)) ;
#435=CARTESIAN_POINT('Vertex',(-2.49418707576,1.66704254028,6.40365400253)) ;
#438=CARTESIAN_POINT('Axis2P3D Location',(0.,0.,6.40365400253)) ;
#454=CARTESIAN_POINT('Axis2P3D Location',(-2.4998865827,3.12258980233,3.92316800009)) ;
#460=CARTESIAN_POINT('Control Point',(-2.49988658267,3.12258980229,7.7223713801)) ;
#461=CARTESIAN_POINT('Control Point',(-2.51145514342,3.14262713726,7.63701147772)) ;
#462=CARTESIAN_POINT('Control Point',(-2.52302197735,3.16266148132,7.55165009694)) ;
#463=CARTESIAN_POINT('Control Point',(-2.534587129,3.18269291157,7.46628732433)) ;
#464=CARTESIAN_POINT('Control Point',(-2.54615064096,3.2027215018,7.3809232362)) ;
#465=CARTESIAN_POINT('Control Point',(-2.55771256279,3.22274733785,7.29555783671)) ;
#466=CARTESIAN_POINT('Vertex',(-2.49988658267,3.12258980229,7.7223713801)) ;
#468=CARTESIAN_POINT('Vertex',(-2.55771256279,3.22274733784,7.29555783672)) ;
#472=CARTESIAN_POINT('Control Point',(-2.49988658202,3.12258980115,7.20402404409)) ;
#473=CARTESIAN_POINT('Control Point',(-2.51145033392,3.14261880696,7.22232259004)) ;
#474=CARTESIAN_POINT('Control Point',(-2.5230150359,3.16264945837,7.240625687)) ;
#475=CARTESIAN_POINT('Control Point',(-2.53458050212,3.18268143348,7.25893295485)) ;
#476=CARTESIAN_POINT('Control Point',(-2.54614646718,3.20271427261,7.27724389188)) ;
#477=CARTESIAN_POINT('Control Point',(-2.55771256279,3.22274733785,7.29555783672)) ;
#478=CARTESIAN_POINT('Vertex',(-2.4998865827,3.12258980233,7.20402404198)) ;
#482=CARTESIAN_POINT('Control Point',(-2.4998865827,3.12258980233,7.20402404199)) ;
#483=CARTESIAN_POINT('Control Point',(-2.39789960565,2.94594317638,7.04263926241)) ;
#484=CARTESIAN_POINT('Control Point',(-2.29593024695,2.76932706628,6.88151937564)) ;
#485=CARTESIAN_POINT('Control Point',(-2.19452995626,2.59369661091,6.72159947521)) ;
#486=CARTESIAN_POINT('Control Point',(-2.09325920861,2.41829053067,6.56225413053)) ;
#487=CARTESIAN_POINT('Control Point',(-1.99211140325,2.24309739271,6.40365400254)) ;
#489=CARTESIAN_POINT('Line Origine',(-2.24599941914,2.68284433566,3.92316800009)) ;
#495=CARTESIAN_POINT('Control Point',(-2.4998865827,3.12258980233,5.92316800009)) ;
#496=CARTESIAN_POINT('Control Point',(-2.57452368267,3.25186505161,6.04127417674)) ;
#497=CARTESIAN_POINT('Control Point',(-2.6491702158,3.3811566396,6.15952221716)) ;
#498=CARTESIAN_POINT('Control Point',(-2.72382875075,3.51046901535,6.27789296062)) ;
#499=CARTESIAN_POINT('Control Point',(-2.79847190139,3.63975474469,6.39632764385)) ;
#500=CARTESIAN_POINT('Control Point',(-2.87310958759,3.76903100936,6.51482997403)) ;
#501=CARTESIAN_POINT('Vertex',(-2.87310958759,3.76903100936,6.51482997403)) ;
#505=CARTESIAN_POINT('Control Point',(-3.04494229357,4.06665398651,7.55437688183)) ;
#506=CARTESIAN_POINT('Control Point',(-3.05703887888,4.08760588687,7.46472643674)) ;
#507=CARTESIAN_POINT('Control Point',(-3.06390106606,4.09949154371,7.37225804732)) ;
#508=CARTESIAN_POINT('Control Point',(-3.06530305179,4.10191985424,7.27859096264)) ;
#509=CARTESIAN_POINT('Control Point',(-3.057127528,4.08775943165,7.09223354064)) ;
#510=CARTESIAN_POINT('Control Point',(-3.02768209828,4.03675845132,6.91464801616)) ;
#511=CARTESIAN_POINT('Control Point',(-3.00780092638,4.00232325148,6.82964993553)) ;
#512=CARTESIAN_POINT('Control Point',(-2.97095282837,3.93850047356,6.71069604979)) ;
#513=CARTESIAN_POINT('Control Point',(-2.92463619404,3.85827770966,6.60672893875)) ;
#514=CARTESIAN_POINT('Control Point',(-2.90833322411,3.83004013743,6.57411594913)) ;
#515=CARTESIAN_POINT('Control Point',(-2.89113092949,3.80024488915,6.54344247687)) ;
#516=CARTESIAN_POINT('Control Point',(-2.87310958759,3.76903100935,6.51482997403)) ;
#517=CARTESIAN_POINT('Vertex',(-3.04494229357,4.06665398651,7.55437688182)) ;
#521=CARTESIAN_POINT('Control Point',(-2.49988655078,3.12258974704,11.5860747239)) ;
#522=CARTESIAN_POINT('Control Point',(-2.6090055785,3.31158944713,10.7809275285)) ;
#523=CARTESIAN_POINT('Control Point',(-2.71779386882,3.50001629322,9.97695539302)) ;
#524=CARTESIAN_POINT('Control Point',(-2.82652996465,3.68835273582,9.17246044848)) ;
#525=CARTESIAN_POINT('Control Point',(-2.93577460476,3.87757000294,8.36344255088)) ;
#526=CARTESIAN_POINT('Control Point',(-3.04494229357,4.06665398651,7.55437688182)) ;
#527=CARTESIAN_POINT('Vertex',(-2.49988655078,3.12258974704,11.5860747239)) ;
#531=CARTESIAN_POINT('Control Point',(-2.4998865827,3.12258980233,11.5860746853)) ;
#532=CARTESIAN_POINT('Control Point',(-2.43609944139,3.01210723272,12.0567351483)) ;
#533=CARTESIAN_POINT('Control Point',(-2.37225982571,2.90153377481,12.52735048)) ;
#534=CARTESIAN_POINT('Control Point',(-2.30876606645,2.79155935782,12.9949066903)) ;
#535=CARTESIAN_POINT('Control Point',(-2.24555873502,2.68208104836,13.4597803749)) ;
#536=CARTESIAN_POINT('Control Point',(-2.18245803742,2.57278743413,13.9231680001)) ;
#537=CARTESIAN_POINT('Vertex',(-2.18246756584,2.5727828358,13.9231680001)) ;
#540=CARTESIAN_POINT('Line Origine',(-1.91743650225,2.11375667012,13.9231680001)) ;
#544=CARTESIAN_POINT('Vertex',(-1.65241457611,1.65472522892,13.9231680001)) ;
#548=CARTESIAN_POINT('Control Point',(-1.65241457611,1.65472522892,13.9231680001)) ;
#549=CARTESIAN_POINT('Control Point',(-1.65383708926,1.65718909397,13.912910092)) ;
#550=CARTESIAN_POINT('Control Point',(-1.65525948961,1.65965276365,13.9026519213)) ;
#551=CARTESIAN_POINT('Control Point',(-1.65668177392,1.66211623234,13.8923935181)) ;
#552=CARTESIAN_POINT('Control Point',(-1.65810393905,1.66457949459,13.8821349117)) ;
#553=CARTESIAN_POINT('Control Point',(-1.65952598194,1.66704254514,13.8718761306)) ;
#554=CARTESIAN_POINT('Vertex',(-1.65952597914,1.66704254028,13.8718761301)) ;
#558=CARTESIAN_POINT('Control Point',(-1.65952597914,1.66704254028,13.8718761301)) ;
#559=CARTESIAN_POINT('Control Point',(-1.83101547786,1.96407106504,12.6347311267)) ;
#560=CARTESIAN_POINT('Control Point',(-2.00088956446,2.25830161392,11.3938745322)) ;
#561=CARTESIAN_POINT('Control Point',(-2.16287627315,2.53887082352,10.206028775)) ;
#562=CARTESIAN_POINT('Control Point',(-2.33156412582,2.83104675497,8.96435720781)) ;
#563=CARTESIAN_POINT('Control Point',(-2.4998865827,3.12258980233,7.72237138013)) ;
#581=CARTESIAN_POINT('Axis2P3D Location',(2.4998865827,3.12258980233,3.92316800009)) ;
#587=CARTESIAN_POINT('Control Point',(1.65241457611,1.65472522892,13.9231680001)) ;
#588=CARTESIAN_POINT('Control Point',(1.65383710748,1.65718912554,13.9129099606)) ;
#589=CARTESIAN_POINT('Control Point',(1.65525952606,1.65965282678,13.9026516585)) ;
#590=CARTESIAN_POINT('Control Point',(1.65668182859,1.66211632702,13.8923931238)) ;
#591=CARTESIAN_POINT('Control Point',(1.65810401193,1.66457962083,13.882134386)) ;
#592=CARTESIAN_POINT('Control Point',(1.65952607304,1.66704270292,13.8718754734)) ;
#593=CARTESIAN_POINT('Vertex',(1.65241457611,1.65472522892,13.9231680001)) ;
#595=CARTESIAN_POINT('Vertex',(1.65952607304,1.66704270292,13.8718754734)) ;
#598=CARTESIAN_POINT('Line Origine',(1.91743698197,2.11375750102,13.9231680001)) ;
#602=CARTESIAN_POINT('Vertex',(2.18245938783,2.57278977311,13.9231680001)) ;
#606=CARTESIAN_POINT('Control Point',(2.18245938783,2.57278977311,13.9231680001)) ;
#607=CARTESIAN_POINT('Control Point',(2.24608817647,2.68299806786,13.4559008048)) ;
#608=CARTESIAN_POINT('Control Point',(2.30963237398,2.79305984647,12.9885378914)) ;
#609=CARTESIAN_POINT('Control Point',(2.3731086898,2.90300405055,12.521092772)) ;
#610=CARTESIAN_POINT('Control Point',(2.43652352573,3.01284176833,12.0536059953)) ;
#611=CARTESIAN_POINT('Control Point',(2.4998865827,3.12258980233,11.5860746853)) ;
#612=CARTESIAN_POINT('Vertex',(2.4998865827,3.12258980233,11.5860746853)) ;
#616=CARTESIAN_POINT('Control Point',(2.49988655078,3.12258974704,11.5860747239)) ;
#617=CARTESIAN_POINT('Control Point',(2.60900557849,3.31158944711,10.7809275285)) ;
#618=CARTESIAN_POINT('Control Point',(2.71779386879,3.50001629318,9.97695539321)) ;
#619=CARTESIAN_POINT('Control Point',(2.8265299646,3.68835273575,9.17246044878)) ;
#620=CARTESIAN_POINT('Control Point',(2.93577460474,3.87757000291,8.36344255103)) ;
#621=CARTESIAN_POINT('Control Point',(3.04494229357,4.06665398651,7.55437688182)) ;
#622=CARTESIAN_POINT('Vertex',(3.04494229357,4.06665398651,7.55437688182)) ;
#626=CARTESIAN_POINT('Control Point',(3.04494229357,4.06665398651,7.55437688183)) ;
#627=CARTESIAN_POINT('Control Point',(3.05703887888,4.08760588687,7.46472643674)) ;
#628=CARTESIAN_POINT('Control Point',(3.06390106606,4.09949154371,7.37225804732)) ;
#629=CARTESIAN_POINT('Control Point',(3.06530305179,4.10191985424,7.27859096264)) ;
#630=CARTESIAN_POINT('Control Point',(3.057127528,4.08775943165,7.09223354064)) ;
#631=CARTESIAN_POINT('Control Point',(3.02768209828,4.03675845132,6.91464801616)) ;
#632=CARTESIAN_POINT('Control Point',(3.00780092638,4.00232325148,6.82964993553)) ;
#633=CARTESIAN_POINT('Control Point',(2.97095282837,3.93850047356,6.71069604979)) ;
#634=CARTESIAN_POINT('Control Point',(2.92463619404,3.85827770966,6.60672893875)) ;
#635=CARTESIAN_POINT('Control Point',(2.9083332241,3.83004013742,6.57411594913)) ;
#636=CARTESIAN_POINT('Control Point',(2.89113092949,3.80024488915,6.54344247686)) ;
#637=CARTESIAN_POINT('Control Point',(2.87310958759,3.76903100935,6.51482997402)) ;
#638=CARTESIAN_POINT('Vertex',(2.87310958759,3.76903100936,6.51482997403)) ;
#642=CARTESIAN_POINT('Control Point',(2.4998865827,3.12258980233,5.92316800009)) ;
#643=CARTESIAN_POINT('Control Point',(2.57452368267,3.25186505161,6.04127417674)) ;
#644=CARTESIAN_POINT('Control Point',(2.6491702158,3.3811566396,6.15952221716)) ;
#645=CARTESIAN_POINT('Control Point',(2.72382875075,3.51046901535,6.27789296062)) ;
#646=CARTESIAN_POINT('Control Point',(2.79847190139,3.63975474469,6.39632764385)) ;
#647=CARTESIAN_POINT('Control Point',(2.87310958759,3.76903100936,6.51482997403)) ;
#649=CARTESIAN_POINT('Line Origine',(2.2459993791,2.6828442663,3.92316800009)) ;
#653=CARTESIAN_POINT('Vertex',(1.99211014303,2.24309990372,3.92316800009)) ;
#656=CARTESIAN_POINT('Line Origine',(1.99211172509,2.24309795014,5.16341100131)) ;
#660=CARTESIAN_POINT('Vertex',(1.99210992085,2.24310010103,6.40365400253)) ;
#664=CARTESIAN_POINT('Control Point',(2.4998865827,3.12258980233,7.20402404198)) ;
#665=CARTESIAN_POINT('Control Point',(2.39794869536,2.94602820225,7.04271694225)) ;
#666=CARTESIAN_POINT('Control Point',(2.29602840941,2.76949708865,6.88167448038)) ;
#667=CARTESIAN_POINT('Control Point',(2.19463580414,2.59387994481,6.72176534359)) ;
#668=CARTESIAN_POINT('Control Point',(2.093319009,2.41839410798,6.56234716998)) ;
#669=CARTESIAN_POINT('Control Point',(1.99211171286,2.24309792897,6.40365400253)) ;
#670=CARTESIAN_POINT('Vertex',(2.4998865827,3.12258980233,7.20402404198)) ;
#674=CARTESIAN_POINT('Control Point',(2.49988658202,3.12258980115,7.20402404409)) ;
#675=CARTESIAN_POINT('Control Point',(2.51145033392,3.14261880696,7.22232259004)) ;
#676=CARTESIAN_POINT('Control Point',(2.5230150359,3.16264945837,7.240625687)) ;
#677=CARTESIAN_POINT('Control Point',(2.53458050212,3.18268143348,7.25893295485)) ;
#678=CARTESIAN_POINT('Control Point',(2.54614646718,3.20271427261,7.27724389188)) ;
#679=CARTESIAN_POINT('Control Point',(2.55771256279,3.22274733785,7.29555783672)) ;
#680=CARTESIAN_POINT('Vertex',(2.55771256279,3.22274733784,7.29555783672)) ;
#684=CARTESIAN_POINT('Control Point',(2.49988658267,3.12258980229,7.7223713801)) ;
#685=CARTESIAN_POINT('Control Point',(2.51145514342,3.14262713726,7.63701147772)) ;
#686=CARTESIAN_POINT('Control Point',(2.52302197735,3.16266148132,7.55165009694)) ;
#687=CARTESIAN_POINT('Control Point',(2.534587129,3.18269291157,7.46628732433)) ;
#688=CARTESIAN_POINT('Control Point',(2.54615064096,3.2027215018,7.3809232362)) ;
#689=CARTESIAN_POINT('Control Point',(2.55771256279,3.22274733785,7.29555783671)) ;
#690=CARTESIAN_POINT('Vertex',(2.4998865827,3.12258980233,7.72237138013)) ;
#694=CARTESIAN_POINT('Control Point',(2.4998865827,3.12258980233,7.72237138013)) ;
#695=CARTESIAN_POINT('Control Point',(2.34115229635,2.84765395346,8.89360983326)) ;
#696=CARTESIAN_POINT('Control Point',(2.18209305553,2.57215526695,10.0645688048)) ;
#697=CARTESIAN_POINT('Control Point',(2.02753304308,2.30444947257,11.1985264696)) ;
#698=CARTESIAN_POINT('Control Point',(1.85821045787,2.01117415213,12.4360121166)) ;
#699=CARTESIAN_POINT('Control Point',(1.68743264398,1.71537830165,13.6704203278)) ;
#700=CARTESIAN_POINT('Control Point',(1.6781326932,1.69927031439,13.7375998824)) ;
#701=CARTESIAN_POINT('Control Point',(1.6688303568,1.68315819512,13.8047531093)) ;
#702=CARTESIAN_POINT('Control Point',(1.65952602065,1.66704261218,13.8718754578)) ;
#720=CARTESIAN_POINT('Axis2P3D Location',(0.,0.,6.40365400253)) ;
#724=CARTESIAN_POINT('Vertex',(2.49418707576,1.66704254028,6.40365400253)) ;
#727=CARTESIAN_POINT('Axis2P3D Location',(0.,0.,3.92316800009)) ;
#731=CARTESIAN_POINT('Vertex',(2.49418707576,1.66704254028,3.92316800009)) ;
#734=CARTESIAN_POINT('Axis2P3D Location',(0.,0.,3.92316800009)) ;
#738=CARTESIAN_POINT('Vertex',(2.69079472696,1.32650809926,3.92316800009)) ;
#741=CARTESIAN_POINT('Axis2P3D Location',(0.,0.,3.92316800009)) ;
#745=CARTESIAN_POINT('Vertex',(2.93863670595,0.603670386033,3.92316800009)) ;
#749=CARTESIAN_POINT('Control Point',(2.93863678646,0.603666992019,6.40365400253)) ;
#750=CARTESIAN_POINT('Control Point',(2.93863670595,0.603667383947,3.92316800009)) ;
#751=CARTESIAN_POINT('Vertex',(2.93863678646,0.603666992019,6.40365400253)) ;
#754=CARTESIAN_POINT('Axis2P3D Location',(0.,0.,6.40365400253)) ;
#758=CARTESIAN_POINT('Vertex',(2.69079472696,1.32650809926,6.40365400253)) ;
#761=CARTESIAN_POINT('Axis2P3D Location',(0.,0.,6.40365400253)) ;
#777=CARTESIAN_POINT('Axis2P3D Location',(3.95418538577,0.603670386033,3.92316800009)) ;
#783=CARTESIAN_POINT('Control Point',(3.95418538577,0.603670386033,7.20402404199)) ;
#784=CARTESIAN_POINT('Control Point',(3.75021143167,0.603670386033,7.0426392624)) ;
#785=CARTESIAN_POINT('Control Point',(3.54627271425,0.603670386033,6.88151937563)) ;
#786=CARTESIAN_POINT('Control Point',(3.34347213288,0.603670386033,6.7215994752)) ;
#787=CARTESIAN_POINT('Control Point',(3.14093063759,0.603670386033,6.56225413053)) ;
#788=CARTESIAN_POINT('Control Point',(2.93863502687,0.603670386033,6.40365400254)) ;
#789=CARTESIAN_POINT('Vertex',(3.95418538577,0.603670386033,7.20402404198)) ;
#792=CARTESIAN_POINT('Line Origine',(3.44641104586,0.603670386033,3.92316800009)) ;
#798=CARTESIAN_POINT('Control Point',(3.95418538577,0.603670386033,5.92316800009)) ;
#799=CARTESIAN_POINT('Control Point',(4.10345958571,0.603670386033,6.04127417674)) ;
#800=CARTESIAN_POINT('Control Point',(4.25275265197,0.603670386033,6.15952221716)) ;
#801=CARTESIAN_POINT('Control Point',(4.40206972186,0.603670386033,6.27789296062)) ;
#802=CARTESIAN_POINT('Control Point',(4.55135602314,0.603670386033,6.39632764385)) ;
#803=CARTESIAN_POINT('Control Point',(4.70063139555,0.603670386033,6.51482997403)) ;
#804=CARTESIAN_POINT('Vertex',(4.70063139555,0.603670386033,6.51482997403)) ;
#808=CARTESIAN_POINT('Control Point',(5.0442968075,0.603670386033,7.55437688182)) ;
#809=CARTESIAN_POINT('Control Point',(5.06848997813,0.603670386033,7.46472643673)) ;
#810=CARTESIAN_POINT('Control Point',(5.08221435248,0.603670386033,7.37225804732)) ;
#811=CARTESIAN_POINT('Control Point',(5.08501832395,0.603670386033,7.27859096264)) ;
#812=CARTESIAN_POINT('Control Point',(5.06866727637,0.603670386033,7.09223354064)) ;
#813=CARTESIAN_POINT('Control Point',(5.00977641693,0.603670386033,6.91464801616)) ;
#814=CARTESIAN_POINT('Control Point',(4.97001407314,0.603670386033,6.82964993553)) ;
#815=CARTESIAN_POINT('Control Point',(4.89631787711,0.603670386033,6.71069604979)) ;
#816=CARTESIAN_POINT('Control Point',(4.80368460845,0.603670386033,6.60672893875)) ;
#817=CARTESIAN_POINT('Control Point',(4.77107866858,0.603670386033,6.57411594913)) ;
#818=CARTESIAN_POINT('Control Point',(4.73667407936,0.603670386033,6.54344247687)) ;
#819=CARTESIAN_POINT('Control Point',(4.70063139555,0.603670386033,6.51482997403)) ;
#820=CARTESIAN_POINT('Vertex',(5.0442968075,0.603670386033,7.55437688182)) ;
#824=CARTESIAN_POINT('Control Point',(3.95418532193,0.603670386033,11.5860747239)) ;
#825=CARTESIAN_POINT('Control Point',(4.17242337733,0.603670386033,10.7809275286)) ;
#826=CARTESIAN_POINT('Control Point',(4.38999995787,0.603670386033,9.97695539349)) ;
#827=CARTESIAN_POINT('Control Point',(4.60747214946,0.603670386033,9.17246044921)) ;
#828=CARTESIAN_POINT('Control Point',(4.82596142978,0.603670386033,8.36344255125)) ;
#829=CARTESIAN_POINT('Control Point',(5.0442968075,0.603670386033,7.55437688182)) ;
#830=CARTESIAN_POINT('Vertex',(3.95418538577,0.603670386033,11.5860746853)) ;
#834=CARTESIAN_POINT('Control Point',(3.95418538577,0.603670386033,11.5860746853)) ;
#835=CARTESIAN_POINT('Control Point',(3.82682657109,0.603670386033,12.0559402213)) ;
#836=CARTESIAN_POINT('Control Point',(3.69936316187,0.603670386033,12.5257607784)) ;
#837=CARTESIAN_POINT('Control Point',(3.57241808711,0.603670386033,12.9931654792)) ;
#838=CARTESIAN_POINT('Control Point',(3.44584407026,0.603670386033,13.4586295476)) ;
#839=CARTESIAN_POINT('Control Point',(3.31932953599,0.603670386033,13.9231680001)) ;
#840=CARTESIAN_POINT('Vertex',(3.31932953599,0.603670386033,13.9231680001)) ;
#843=CARTESIAN_POINT('Line Origine',(2.78928511215,0.603670386033,13.9231680001)) ;
#847=CARTESIAN_POINT('Vertex',(2.25924009669,0.603675161048,13.9231680001)) ;
#851=CARTESIAN_POINT('Control Point',(2.25924137258,0.603670386033,13.9231680001)) ;
#852=CARTESIAN_POINT('Control Point',(2.26208687175,0.603670386033,13.9129083871)) ;
#853=CARTESIAN_POINT('Control Point',(2.26493214524,0.603670386033,13.9026485114)) ;
#854=CARTESIAN_POINT('Control Point',(2.26777718658,0.603670386033,13.892388403)) ;
#855=CARTESIAN_POINT('Control Point',(2.27062198946,0.603670386033,13.8821280914)) ;
#856=CARTESIAN_POINT('Control Point',(2.2734665478,0.603670386033,13.8718676051)) ;
#857=CARTESIAN_POINT('Vertex',(2.27346583485,0.603673254665,13.8718674085)) ;
#861=CARTESIAN_POINT('Control Point',(2.27346547943,0.603670386033,13.8718674085)) ;
#862=CARTESIAN_POINT('Control Point',(2.61646226283,0.603670386033,12.6346585781)) ;
#863=CARTESIAN_POINT('Control Point',(2.95622786347,0.603670386033,11.3937377527)) ;
#864=CARTESIAN_POINT('Control Point',(3.28012993134,0.603670386033,10.2061569681)) ;
#865=CARTESIAN_POINT('Control Point',(3.61752309342,0.603670386033,8.96442132276)) ;
#866=CARTESIAN_POINT('Control Point',(3.95418538577,0.603670386033,7.72237138013)) ;
#867=CARTESIAN_POINT('Vertex',(3.95418538577,0.603670386033,7.72237138013)) ;
#871=CARTESIAN_POINT('Control Point',(3.95418538571,0.603670386033,7.7223713801)) ;
#872=CARTESIAN_POINT('Control Point',(3.9773225072,0.603670386033,7.63701147772)) ;
#873=CARTESIAN_POINT('Control Point',(4.00045617507,0.603670386033,7.55165009695)) ;
#874=CARTESIAN_POINT('Control Point',(4.02358647836,0.603670386033,7.46628732433)) ;
#875=CARTESIAN_POINT('Control Point',(4.04671350229,0.603670386033,7.38092323621)) ;
#876=CARTESIAN_POINT('Control Point',(4.06983734595,0.603670386033,7.29555783672)) ;
#877=CARTESIAN_POINT('Vertex',(4.06983734595,0.603670386033,7.29555783672)) ;
#881=CARTESIAN_POINT('Control Point',(3.95418538441,0.603670386033,7.20402404409)) ;
#882=CARTESIAN_POINT('Control Point',(3.9773128882,0.603670386033,7.22232259004)) ;
#883=CARTESIAN_POINT('Control Point',(4.00044229216,0.603670386033,7.240625687)) ;
#884=CARTESIAN_POINT('Control Point',(4.0235732246,0.603670386033,7.25893295485)) ;
#885=CARTESIAN_POINT('Control Point',(4.04670515474,0.603670386033,7.27724389188)) ;
#886=CARTESIAN_POINT('Control Point',(4.06983734595,0.603670386033,7.29555783672)) ;
#904=CARTESIAN_POINT('Axis2P3D Location',(-2.4998865827,3.12258980233,3.92316800009)) ;
#910=CARTESIAN_POINT('Control Point',(0.606826796473,-2.25839561495,13.9231680001)) ;
#911=CARTESIAN_POINT('Control Point',(0.608249308973,-2.26085947888,13.9129100967)) ;
#912=CARTESIAN_POINT('Control Point',(0.609671708676,-2.26332314743,13.9026519307)) ;
#913=CARTESIAN_POINT('Control Point',(0.611093992337,-2.26578661499,13.8923935322)) ;
#914=CARTESIAN_POINT('Control Point',(0.612516156814,-2.26824987612,13.8821349305)) ;
#915=CARTESIAN_POINT('Control Point',(0.613938199057,-2.27071292554,13.871876154)) ;
#916=CARTESIAN_POINT('Vertex',(0.606827376101,-2.25839545921,13.9231680001)) ;
#918=CARTESIAN_POINT('Vertex',(0.613938204061,-2.27071291843,13.8718761541)) ;
#921=CARTESIAN_POINT('Line Origine',(0.871849492148,-2.71742838902,13.9231680001)) ;
#925=CARTESIAN_POINT('Vertex',(1.1368716082,-3.17646015914,13.9231680001)) ;
#929=CARTESIAN_POINT('Control Point',(1.1368716082,-3.17646015914,13.9231680001)) ;
#930=CARTESIAN_POINT('Control Point',(1.20050039684,-3.2866684539,13.4559008048)) ;
#931=CARTESIAN_POINT('Control Point',(1.26404459435,-3.39673023251,12.9885378914)) ;
#932=CARTESIAN_POINT('Control Point',(1.32752091036,-3.50667443691,12.5210927727)) ;
#933=CARTESIAN_POINT('Control Point',(1.39093574609,-3.61651215436,12.0536059953)) ;
#934=CARTESIAN_POINT('Control Point',(1.45429880307,-3.72626018837,11.5860746853)) ;
#935=CARTESIAN_POINT('Vertex',(1.45429880307,-3.72626018837,11.5860746853)) ;
#939=CARTESIAN_POINT('Control Point',(1.45429877115,-3.72626013308,11.5860747239)) ;
#940=CARTESIAN_POINT('Control Point',(1.56341779885,-3.91525983314,10.7809275285)) ;
#941=CARTESIAN_POINT('Control Point',(1.67220608915,-4.1036866792,9.97695539327)) ;
#942=CARTESIAN_POINT('Control Point',(1.78094218496,-4.29202312176,9.17246044885)) ;
#943=CARTESIAN_POINT('Control Point',(1.8901868251,-4.48124038893,8.36344255107)) ;
#944=CARTESIAN_POINT('Control Point',(1.99935451393,-4.67032437254,7.55437688182)) ;
#945=CARTESIAN_POINT('Vertex',(1.99935451393,-4.67032437254,7.55437688182)) ;
#949=CARTESIAN_POINT('Control Point',(1.99935451393,-4.67032437254,7.55437688182)) ;
#950=CARTESIAN_POINT('Control Point',(2.01145109925,-4.6912762729,7.46472643673)) ;
#951=CARTESIAN_POINT('Control Point',(2.01831328642,-4.70316192974,7.37225804731)) ;
#952=CARTESIAN_POINT('Control Point',(2.01971527216,-4.70559024027,7.27859096264)) ;
#953=CARTESIAN_POINT('Control Point',(2.01153974837,-4.69142981768,7.09223354064)) ;
#954=CARTESIAN_POINT('Control Point',(1.98209431865,-4.64042883736,6.91464801616)) ;
#955=CARTESIAN_POINT('Control Point',(1.96221314675,-4.60599363752,6.82964993553)) ;
#956=CARTESIAN_POINT('Control Point',(1.92536504874,-4.5421708596,6.71069604979)) ;
#957=CARTESIAN_POINT('Control Point',(1.87904841441,-4.4619480957,6.60672893875)) ;
#958=CARTESIAN_POINT('Control Point',(1.86274544447,-4.43371052346,6.57411594913)) ;
#959=CARTESIAN_POINT('Control Point',(1.84554314986,-4.40391527519,6.54344247687)) ;
#960=CARTESIAN_POINT('Control Point',(1.82752180796,-4.37270139539,6.51482997403)) ;
#961=CARTESIAN_POINT('Vertex',(1.82752180796,-4.37270139539,6.51482997403)) ;
#965=CARTESIAN_POINT('Control Point',(1.45429880307,-3.72626018837,5.92316800009)) ;
#966=CARTESIAN_POINT('Control Point',(1.52893590304,-3.85553543764,6.04127417674)) ;
#967=CARTESIAN_POINT('Control Point',(1.60358243617,-3.98482702563,6.15952221716)) ;
#968=CARTESIAN_POINT('Control Point',(1.67824097111,-4.11413940138,6.27789296062)) ;
#969=CARTESIAN_POINT('Control Point',(1.75288412175,-4.24342513072,6.39632764385)) ;
#970=CARTESIAN_POINT('Control Point',(1.82752180796,-4.37270139539,6.51482997403)) ;
#972=CARTESIAN_POINT('Line Origine',(1.20041163951,-3.28651472169,3.92316800009)) ;
#976=CARTESIAN_POINT('Vertex',(0.946523665475,-2.84676785123,3.92316800009)) ;
#979=CARTESIAN_POINT('Line Origine',(0.946523644548,-2.84676781499,5.16341100131)) ;
#983=CARTESIAN_POINT('Vertex',(0.946523623621,-2.84676777874,6.40365400254)) ;
#987=CARTESIAN_POINT('Control Point',(1.45429880307,-3.72626018837,7.20402404199)) ;
#988=CARTESIAN_POINT('Control Point',(1.35231182601,-3.54961356239,7.04263926239)) ;
#989=CARTESIAN_POINT('Control Point',(1.25034246729,-3.37299745228,6.88151937561)) ;
#990=CARTESIAN_POINT('Control Point',(1.14894217661,-3.19736699692,6.72159947519)) ;
#991=CARTESIAN_POINT('Control Point',(1.04767142898,-3.02196091669,6.56225413053)) ;
#992=CARTESIAN_POINT('Control Point',(0.946523623621,-2.84676777874,6.40365400254)) ;
#993=CARTESIAN_POINT('Vertex',(1.45429880307,-3.72626018837,7.20402404198)) ;
#997=CARTESIAN_POINT('Control Point',(1.45429880239,-3.72626018718,7.20402404409)) ;
#998=CARTESIAN_POINT('Control Point',(1.46586255428,-3.746289193,7.22232259004)) ;
#999=CARTESIAN_POINT('Control Point',(1.47742725627,-3.7663198444,7.240625687)) ;
#1000=CARTESIAN_POINT('Control Point',(1.48899272248,-3.78635181951,7.25893295485)) ;
#1001=CARTESIAN_POINT('Control Point',(1.50055868755,-3.80638465864,7.27724389188)) ;
#1002=CARTESIAN_POINT('Control Point',(1.51212478316,-3.82641772388,7.29555783672)) ;
#1003=CARTESIAN_POINT('Vertex',(1.51212478316,-3.82641772388,7.29555783672)) ;
#1007=CARTESIAN_POINT('Control Point',(1.45429880304,-3.72626018832,7.7223713801)) ;
#1008=CARTESIAN_POINT('Control Point',(1.46586736378,-3.74629752329,7.63701147772)) ;
#1009=CARTESIAN_POINT('Control Point',(1.47743419772,-3.76633186735,7.55165009695)) ;
#1010=CARTESIAN_POINT('Control Point',(1.48899934937,-3.7863632976,7.46628732433)) ;
#1011=CARTESIAN_POINT('Control Point',(1.50056286133,-3.80639188783,7.38092323621)) ;
#1012=CARTESIAN_POINT('Control Point',(1.51212478316,-3.82641772388,7.29555783672)) ;
#1013=CARTESIAN_POINT('Vertex',(1.45429880307,-3.72626018837,7.72237138013)) ;
#1017=CARTESIAN_POINT('Control Point',(1.45429880307,-3.72626018837,7.72237138012)) ;
#1018=CARTESIAN_POINT('Control Point',(1.2858825126,-3.43455461645,8.96504956935)) ;
#1019=CARTESIAN_POINT('Control Point',(1.11710041748,-3.1422154523,10.2074131432)) ;
#1020=CARTESIAN_POINT('Control Point',(0.955284084428,-2.86194134196,11.3939874323)) ;
#1021=CARTESIAN_POINT('Control Point',(0.785519632778,-2.56790068638,12.6340679516)) ;
#1022=CARTESIAN_POINT('Control Point',(0.613938199072,-2.27071292557,13.8718761541)) ;
#1040=CARTESIAN_POINT('Axis2P3D Location',(0.,0.,3.92316800009)) ;
#1044=CARTESIAN_POINT('Vertex',(-0.946526428331,-2.84676794286,3.92316800009)) ;
#1046=CARTESIAN_POINT('Vertex',(-0.196607651196,-2.99355063954,3.92316800009)) ;
#1050=CARTESIAN_POINT('Control Point',(-0.946526710303,-2.8467678491,6.40365400253)) ;
#1051=CARTESIAN_POINT('Control Point',(-0.946526428331,-2.84676794286,3.92316800009)) ;
#1052=CARTESIAN_POINT('Vertex',(-0.946526710303,-2.8467678491,6.40365400253)) ;
#1055=CARTESIAN_POINT('Axis2P3D Location',(0.,0.,6.40365400253)) ;
#1059=CARTESIAN_POINT('Vertex',(-0.196607651196,-2.99355063954,6.40365400253)) ;
#1062=CARTESIAN_POINT('Axis2P3D Location',(0.,0.,6.40365400253)) ;
#1066=CARTESIAN_POINT('Vertex',(0.196607651196,-2.99355063954,6.40365400253)) ;
#1069=CARTESIAN_POINT('Axis2P3D Location',(0.,0.,6.40365400253)) ;
#1074=CARTESIAN_POINT('Axis2P3D Location',(0.,0.,3.92316800009)) ;
#1078=CARTESIAN_POINT('Vertex',(0.196607651196,-2.99355063954,3.92316800009)) ;
#1081=CARTESIAN_POINT('Axis2P3D Location',(0.,0.,3.92316800009)) ;
#1097=CARTESIAN_POINT('Axis2P3D Location',(0.,0.,5.92316800009)) ;
#1102=CARTESIAN_POINT('Axis2P3D Location',(0.,0.,6.51482997403)) ;
#1106=CARTESIAN_POINT('Vertex',(-4.70063139555,0.603670386033,6.51482997403)) ;
#1110=CARTESIAN_POINT('Control Point',(-3.95418538577,0.603670386033,5.92316800009)) ;
#1111=CARTESIAN_POINT('Control Point',(-4.202975719,0.603670386033,6.12001162784)) ;
#1112=CARTESIAN_POINT('Control Point',(-4.4518391082,0.603670386033,6.31732609039)) ;
#1113=CARTESIAN_POINT('Control Point',(-4.70063139555,0.603670386033,6.51482997403)) ;
#1122=CARTESIAN_POINT('Axis2P3D Location',(0.,0.,6.51482997403)) ;
#1126=CARTESIAN_POINT('Vertex',(-1.82752180796,-4.37270139539,6.51482997403)) ;
#1130=CARTESIAN_POINT('Control Point',(-1.45429880307,-3.72626018837,5.92316800009)) ;
#1131=CARTESIAN_POINT('Control Point',(-1.57869396968,-3.94171893716,6.12001162784)) ;
#1132=CARTESIAN_POINT('Control Point',(-1.70312566429,-4.15724095428,6.31732609039)) ;
#1133=CARTESIAN_POINT('Control Point',(-1.82752180796,-4.37270139539,6.51482997403)) ;
#1142=CARTESIAN_POINT('Axis2P3D Location',(0.,0.,6.51482997403)) ;
#1154=CARTESIAN_POINT('Axis2P3D Location',(0.,0.,6.40065158393)) ;
#1160=CARTESIAN_POINT('Control Point',(-3.9541853841,0.603670414446,7.20402404409)) ;
#1161=CARTESIAN_POINT('Control Point',(-3.99273122372,0.603670392587,7.23452162067)) ;
#1162=CARTESIAN_POINT('Control Point',(-4.03128369393,0.603670386033,7.26503459533)) ;
#1163=CARTESIAN_POINT('Control Point',(-4.06983734595,0.603670386033,7.29555783672)) ;
#1164=CARTESIAN_POINT('Vertex',(-3.95418538441,0.603670386033,7.20402404409)) ;
#1166=CARTESIAN_POINT('Vertex',(-4.06983734595,0.603670386032,7.29555783672)) ;
#1170=CARTESIAN_POINT('Control Point',(-3.95418538577,0.603670386032,7.20402404198)) ;
#1171=CARTESIAN_POINT('Control Point',(-3.61422879561,0.603670386032,6.93504940935)) ;
#1172=CARTESIAN_POINT('Control Point',(-3.27579596409,0.60367386223,6.6679875492)) ;
#1173=CARTESIAN_POINT('Control Point',(-2.93863678646,0.603666992019,6.40365400253)) ;
#1175=CARTESIAN_POINT('Axis2P3D Location',(0.,0.,7.29555783672)) ;
#1191=CARTESIAN_POINT('Axis2P3D Location',(0.,0.,15.4408060903)) ;
#1197=CARTESIAN_POINT('Control Point',(-1.45429880235,-3.72626018866,7.7223713801)) ;
#1198=CARTESIAN_POINT('Control Point',(-1.47357973682,-3.75965574698,7.58010487613)) ;
#1199=CARTESIAN_POINT('Control Point',(-1.49285491344,-3.79304133047,7.43783350252)) ;
#1200=CARTESIAN_POINT('Control Point',(-1.51212478316,-3.82641772388,7.2955578367)) ;
#1201=CARTESIAN_POINT('Vertex',(-1.45429880304,-3.72626018832,7.7223713801)) ;
#1203=CARTESIAN_POINT('Vertex',(-1.51212478316,-3.82641772388,7.29555783672)) ;
#1207=CARTESIAN_POINT('Control Point',(-0.613938196363,-2.27071293283,13.8718761301)) ;
#1208=CARTESIAN_POINT('Control Point',(-0.785427835519,-2.56774170081,12.6347301136)) ;
#1209=CARTESIAN_POINT('Control Point',(-0.955338595758,-2.86196004869,11.3938725)) ;
#1210=CARTESIAN_POINT('Control Point',(-1.11724690229,-3.14256218734,10.2060308042)) ;
#1211=CARTESIAN_POINT('Control Point',(-1.28597620835,-3.43471690226,8.96435822487)) ;
#1212=CARTESIAN_POINT('Control Point',(-1.45429880307,-3.72626018837,7.72237138013)) ;
#1213=CARTESIAN_POINT('Vertex',(-0.613938199506,-2.27071292632,13.8718761301)) ;
#1217=CARTESIAN_POINT('Control Point',(-0.606826796473,-2.25839561495,13.9231680001)) ;
#1218=CARTESIAN_POINT('Control Point',(-0.609197651724,-2.2625020567,13.9060714866)) ;
#1219=CARTESIAN_POINT('Control Point',(-0.611568130895,-2.26660784691,13.8889740991)) ;
#1220=CARTESIAN_POINT('Control Point',(-0.613938203706,-2.2707129307,13.8718761306)) ;
#1221=CARTESIAN_POINT('Vertex',(-0.606826796474,-2.25839561495,13.9231680001)) ;
#1224=CARTESIAN_POINT('Axis2P3D Location',(0.,0.,13.9231680001)) ;
#1228=CARTESIAN_POINT('Vertex',(-0.623707487356,-2.25379202341,13.9231680001)) ;
#1231=CARTESIAN_POINT('Axis2P3D Location',(0.,0.,13.9231680001)) ;
#1235=CARTESIAN_POINT('Vertex',(-2.2636948908,0.586749483123,13.9231680001)) ;
#1238=CARTESIAN_POINT('Axis2P3D Location',(0.,0.,13.9231680001)) ;
#1242=CARTESIAN_POINT('Vertex',(-2.25924137258,0.603670386033,13.9231680001)) ;
#1246=CARTESIAN_POINT('Control Point',(-2.25924137258,0.603670386033,13.9231680001)) ;
#1247=CARTESIAN_POINT('Control Point',(-2.26398308144,0.603670386033,13.9060714926)) ;
#1248=CARTESIAN_POINT('Control Point',(-2.268724038,0.603670385953,13.888974111)) ;
#1249=CARTESIAN_POINT('Control Point',(-2.27346417961,0.603670384587,13.8718761484)) ;
#1250=CARTESIAN_POINT('Vertex',(-2.27346417931,0.603670386033,13.8718761484)) ;
#1254=CARTESIAN_POINT('Control Point',(-3.95418538577,0.603670386032,7.72237138013)) ;
#1255=CARTESIAN_POINT('Control Point',(-3.61891019975,0.603670386032,8.95930386416)) ;
#1256=CARTESIAN_POINT('Control Point',(-3.28325027775,0.603686180096,10.1946982314)) ;
#1257=CARTESIAN_POINT('Control Point',(-2.95529241346,0.603655049227,11.3972721397)) ;
#1258=CARTESIAN_POINT('Control Point',(-2.61504798468,0.603670388443,12.6397636799)) ;
#1259=CARTESIAN_POINT('Control Point',(-2.27346417925,0.603670386021,13.8718761483)) ;
#1260=CARTESIAN_POINT('Vertex',(-3.95418538577,0.603670386033,7.72237138013)) ;
#1264=CARTESIAN_POINT('Control Point',(-3.95418538566,0.603670386802,7.7223713801)) ;
#1265=CARTESIAN_POINT('Control Point',(-3.99274725478,0.6036703869,7.58010487613)) ;
#1266=CARTESIAN_POINT('Control Point',(-4.03129760651,0.603670386033,7.43783350252)) ;
#1267=CARTESIAN_POINT('Control Point',(-4.06983734595,0.603670386033,7.2955578367)) ;
#1269=CARTESIAN_POINT('Axis2P3D Location',(0.,0.,13.9231680001)) ;
#1273=CARTESIAN_POINT('Vertex',(-1.63998740344,1.66704254028,13.9231680001)) ;
#1276=CARTESIAN_POINT('Axis2P3D Location',(0.,0.,13.9231680001)) ;
#1280=CARTESIAN_POINT('Vertex',(-1.12113736669,2.05222818409,13.9231680001)) ;
#1283=CARTESIAN_POINT('Line Origine',(-1.4493551804,2.65302686213,11.3681819635)) ;
#1287=CARTESIAN_POINT('Vertex',(-0.926179019041,1.69535932246,15.4408060903)) ;
#1290=CARTESIAN_POINT('Axis2P3D Location',(0.,0.,15.4408060903)) ;
#1294=CARTESIAN_POINT('Vertex',(0.926179019041,-1.69535932246,15.4408060903)) ;
#1297=CARTESIAN_POINT('Line Origine',(1.4493551804,-2.65302686213,11.3681819635)) ;
#1301=CARTESIAN_POINT('Vertex',(1.12113736669,-2.05222818409,13.9231680001)) ;
#1304=CARTESIAN_POINT('Axis2P3D Location',(0.,0.,13.9231680001)) ;
#1308=CARTESIAN_POINT('Vertex',(0.623707487356,-2.25379202341,13.9231680001)) ;
#1311=CARTESIAN_POINT('Axis2P3D Location',(0.,0.,13.9231680001)) ;
#1316=CARTESIAN_POINT('Axis2P3D Location',(0.,0.,7.29555783672)) ;
#1348=CARTESIAN_POINT('Axis2P3D Location',(0.,0.,13.9231680001)) ;
#1353=CARTESIAN_POINT('Axis2P3D Location',(0.,4.4408920985E-016,13.9231680001)) ;
#1357=CARTESIAN_POINT('Vertex',(1.63998740344,1.66704254028,13.9231680001)) ;
#1360=CARTESIAN_POINT('Axis2P3D Location',(-2.22044604925E-016,-8.881784197E-016,13.9231680001)) ;
#1365=CARTESIAN_POINT('Axis2P3D Location',(1.06581410364E-014,-1.06581410364E-014,13.9231680001)) ;
#1369=CARTESIAN_POINT('Vertex',(-1.61747520709,2.96076850676,13.9231680001)) ;
#1372=CARTESIAN_POINT('Axis2P3D Location',(-1.11022302463E-016,-4.4408920985E-016,13.9231680001)) ;
#1376=CARTESIAN_POINT('Vertex',(-6.19752915384E-016,3.37377773366,13.9231680001)) ;
#1379=CARTESIAN_POINT('Axis2P3D Location',(-1.11022302463E-016,-4.4408920985E-016,13.9231680001)) ;
#1396=CARTESIAN_POINT('Axis2P3D Location',(0.,0.,15.6996251354)) ;
#1401=CARTESIAN_POINT('Axis2P3D Location',(0.,0.,7.55437688182)) ;
#1405=CARTESIAN_POINT('Vertex',(-1.99935451393,-4.67032437254,7.55437688182)) ;
#1408=CARTESIAN_POINT('Axis2P3D Location',(0.,0.,13.9231680001)) ;
#1412=CARTESIAN_POINT('Vertex',(1.61747520709,-2.96076850676,13.9231680001)) ;
#1415=CARTESIAN_POINT('Line Origine',(1.95298776848,-3.57492013085,11.3113965677)) ;
#1419=CARTESIAN_POINT('Vertex',(1.38926852856,-2.54303898369,15.6996251354)) ;
#1422=CARTESIAN_POINT('Axis2P3D Location',(0.,0.,15.6996251354)) ;
#1426=CARTESIAN_POINT('Vertex',(-1.38926852856,2.54303898369,15.6996251354)) ;
#1429=CARTESIAN_POINT('Line Origine',(-1.95298776848,3.57492013085,11.3113965677)) ;
#1434=CARTESIAN_POINT('Axis2P3D Location',(0.,0.,7.55437688182)) ;
#1438=CARTESIAN_POINT('Vertex',(-5.0442968075,0.603670386033,7.55437688182)) ;
#1442=CARTESIAN_POINT('Control Point',(-3.95418552828,0.603669383951,11.5860747239)) ;
#1443=CARTESIAN_POINT('Control Point',(-4.2269830839,0.603670302754,10.5796407296)) ;
#1444=CARTESIAN_POINT('Control Point',(-4.49843979962,0.603673755785,9.57606330221)) ;
#1445=CARTESIAN_POINT('Control Point',(-4.77137758544,0.603670386033,8.56570896826)) ;
#1446=CARTESIAN_POINT('Control Point',(-5.0442968075,0.603670386033,7.55437688181)) ;
#1447=CARTESIAN_POINT('Vertex',(-3.95418538577,0.603670386033,11.5860746853)) ;
#1451=CARTESIAN_POINT('Control Point',(-3.31933099603,0.603670386033,13.9231680001)) ;
#1452=CARTESIAN_POINT('Control Point',(-3.53142695817,0.603670386033,13.1443893413)) ;
#1453=CARTESIAN_POINT('Control Point',(-3.74297519585,0.603670386033,12.3652935352)) ;
#1454=CARTESIAN_POINT('Control Point',(-3.95418538577,0.603670386033,11.5860746853)) ;
#1455=CARTESIAN_POINT('Vertex',(-3.31933099603,0.603670386033,13.9231680001)) ;
#1458=CARTESIAN_POINT('Axis2P3D Location',(0.,0.,13.9231680001)) ;
#1462=CARTESIAN_POINT('Vertex',(-1.1368716082,-3.17646015914,13.9231680001)) ;
#1466=CARTESIAN_POINT('Control Point',(-1.45429880307,-3.72626018837,11.5860746853)) ;
#1467=CARTESIAN_POINT('Control Point',(-1.34869370811,-3.54334679836,12.3652935353)) ;
#1468=CARTESIAN_POINT('Control Point',(-1.24291958927,-3.3601406504,13.1443893413)) ;
#1469=CARTESIAN_POINT('Control Point',(-1.1368716082,-3.17646015914,13.9231680001)) ;
#1470=CARTESIAN_POINT('Vertex',(-1.45429877115,-3.72626013308,11.5860747239)) ;
#1474=CARTESIAN_POINT('Control Point',(-1.45429974215,-3.72625981074,11.5860747239)) ;
#1475=CARTESIAN_POINT('Control Point',(-1.59069772425,-3.9625098834,10.5796407296)) ;
#1476=CARTESIAN_POINT('Control Point',(-1.7264230917,-4.19760002175,9.57606330221)) ;
#1477=CARTESIAN_POINT('Control Point',(-1.8628949029,-4.43396939306,8.56570896827)) ;
#1478=CARTESIAN_POINT('Control Point',(-1.99935451394,-4.67032437254,7.55437688181)) ;
#1499=CARTESIAN_POINT('Axis2P3D Location',(4.4408920985E-016,1.11022302463E-015,7.29555783672)) ;
#1505=CARTESIAN_POINT('Control Point',(-5.0442968075,0.603670386033,7.55437688184)) ;
#1506=CARTESIAN_POINT('Control Point',(-5.1197951435,0.603670386033,7.27460952395)) ;
#1507=CARTESIAN_POINT('Control Point',(-5.08613814864,0.603670341525,6.96402865254)) ;
#1508=CARTESIAN_POINT('Control Point',(-4.92770766468,0.603670386033,6.69509458557)) ;
#1509=CARTESIAN_POINT('Control Point',(-4.70063139554,0.603670386033,6.51482997402)) ;
#1518=CARTESIAN_POINT('Axis2P3D Location',(0.,0.,7.29555783672)) ;
#1523=CARTESIAN_POINT('Axis2P3D Location',(0.,0.,13.9231680001)) ;
#1527=CARTESIAN_POINT('Vertex',(2.2636948908,0.586749483123,13.9231680001)) ;
#1530=CARTESIAN_POINT('Axis2P3D Location',(0.,0.,13.9231680001)) ;
#1535=CARTESIAN_POINT('Axis2P3D Location',(0.,0.,15.4408060903)) ;
#1568=CARTESIAN_POINT('Axis2P3D Location',(7.49400541622E-016,1.7763568394E-015,7.29555783672)) ;
#1573=CARTESIAN_POINT('Axis2P3D Location',(7.49400541622E-016,1.7763568394E-015,7.55437688182)) ;
#1585=CARTESIAN_POINT('Axis2P3D Location',(0.,0.,15.6996251354)) ;
#1590=CARTESIAN_POINT('Axis2P3D Location',(0.,0.,13.9231680001)) ;
#1594=CARTESIAN_POINT('Vertex',(3.37377773366,8.26337220513E-016,13.9231680001)) ;
#1597=CARTESIAN_POINT('Axis2P3D Location',(0.,0.,13.9231680001)) ;
#1617=CARTESIAN_POINT('Axis2P3D Location',(0.,0.,13.9231680001)) ;
#1635=CARTESIAN_POINT('Control Point',(-1.45429877763,-3.72626020113,7.20402404409)) ;
#1636=CARTESIAN_POINT('Control Point',(-1.47357171637,-3.75964186652,7.23452162067)) ;
#1637=CARTESIAN_POINT('Control Point',(-1.49284795715,-3.79302928182,7.26503459533)) ;
#1638=CARTESIAN_POINT('Control Point',(-1.51212478316,-3.82641772388,7.29555783672)) ;
#1639=CARTESIAN_POINT('Vertex',(-1.45429880307,-3.72626018837,7.20402404198)) ;
#1643=CARTESIAN_POINT('Control Point',(-1.45429880307,-3.72626018837,7.20402404198)) ;
#1644=CARTESIAN_POINT('Control Point',(-1.28440232416,-3.43199085488,6.93517887574)) ;
#1645=CARTESIAN_POINT('Control Point',(-1.11520331073,-3.13892965282,6.66814261493)) ;
#1646=CARTESIAN_POINT('Control Point',(-0.946526710303,-2.8467678491,6.40365400253)) ;
#1660=CARTESIAN_POINT('Control Point',(-1.99935451393,-4.67032437254,7.55437688184)) ;
#1661=CARTESIAN_POINT('Control Point',(-2.03710368193,-4.73570784946,7.27460952395)) ;
#1662=CARTESIAN_POINT('Control Point',(-2.02027522305,-4.70656001464,6.96402865255)) ;
#1663=CARTESIAN_POINT('Control Point',(-1.94105994252,-4.56935521305,6.69509458557)) ;
#1664=CARTESIAN_POINT('Control Point',(-1.82752180795,-4.37270139538,6.51482997402)) ;
#1673=CARTESIAN_POINT('Axis2P3D Location',(0.,1.9819215713E-016,14.9231680001)) ;
#1678=CARTESIAN_POINT('Axis2P3D Location',(0.,1.9819215713E-016,14.9231680001)) ;
#1682=CARTESIAN_POINT('Vertex',(5.87126951281E-017,9.07192895897E-017,16.9231680001)) ;
#1685=CARTESIAN_POINT('Axis2P3D Location',(0.,1.9819215713E-016,14.9231680001)) ;
#1696=CARTESIAN_POINT('Axis2P3D Location',(0.,1.9819215713E-016,14.9231680001)) ;
#1701=CARTESIAN_POINT('Axis2P3D Location',(0.,1.9819215713E-016,14.9231680001)) ;
#1705=CARTESIAN_POINT('Vertex',(-8.80690426922E-017,3.59401458441E-016,17.9231680001)) ;
#1708=CARTESIAN_POINT('Axis2P3D Location',(0.,1.9819215713E-016,14.9231680001)) ;
#1731=CARTESIAN_POINT('Axis2P3D Location',(-7.95418538577,0.603670386033,3.92316800009)) ;
#1736=CARTESIAN_POINT('Line Origine',(-2.7892861843,0.603670386033,13.9231680001)) ;
#1741=CARTESIAN_POINT('Line Origine',(-3.44641026766,0.603670386033,3.92316800009)) ;
#1762=CARTESIAN_POINT('Axis2P3D Location',(2.4998865827,3.12258980233,3.92316800009)) ;
#1767=CARTESIAN_POINT('Line Origine',(-1.20041138037,-3.28651427286,3.92316800009)) ;
#1772=CARTESIAN_POINT('Line Origine',(-0.871849202335,-2.71742788705,13.9231680001)) ;
#1793=CARTESIAN_POINT('Axis2P3D Location',(0.,0.,13.9231680001)) ;
#1807=CARTESIAN_POINT('Axis2P3D Location',(1.26010313295E-015,-1.25455201783E-015,3.92316800009)) ;
#1835=CARTESIAN_POINT('Axis2P3D Location',(0.,0.,7.92316799983)) ;
#1840=CARTESIAN_POINT('Line Origine',(4.31482984744,-7.89824305701,4.66821702441)) ;
#1844=CARTESIAN_POINT('Vertex',(4.31482984744,-7.89824305701,4.91326604873)) ;
#1847=CARTESIAN_POINT('Line Origine',(-4.31482984744,7.89824305701,4.66821702441)) ;
#1851=CARTESIAN_POINT('Vertex',(-4.31482984744,7.89824305701,4.91326604873)) ;
#1854=CARTESIAN_POINT('Axis2P3D Location',(0.,0.,4.91326604873)) ;
#1866=CARTESIAN_POINT('Axis2P3D Location',(0.,0.,4.91326604873)) ;
#1878=CARTESIAN_POINT('Axis2P3D Location',(0.,0.,3.41326604873)) ;
#1883=CARTESIAN_POINT('Line Origine',(-3.11626600093,5.70428665229,3.91326604873)) ;
#1887=CARTESIAN_POINT('Vertex',(-3.54415022256,6.48752346629,4.09176476738)) ;
#1890=CARTESIAN_POINT('Line Origine',(3.11626600093,-5.70428665229,3.91326604873)) ;
#1894=CARTESIAN_POINT('Vertex',(3.54415022256,-6.48752346629,4.09176476738)) ;
#1897=CARTESIAN_POINT('Axis2P3D Location',(0.,0.,4.09176476738)) ;
#1909=CARTESIAN_POINT('Axis2P3D Location',(0.,0.,4.09176476738)) ;
#1921=CARTESIAN_POINT('Axis2P3D Location',(2.99431062148E-014,-1.67479099468E-014,-1.4758515135)) ;
#1926=CARTESIAN_POINT('Line Origine',(4.07977213814,-7.46797280626,4.56520798116)) ;
#1930=CARTESIAN_POINT('Vertex',(4.0946543762,-7.49521456028,4.58724462499)) ;
#1933=CARTESIAN_POINT('Line Origine',(-4.07977213814,7.46797280626,4.56520798116)) ;
#1937=CARTESIAN_POINT('Vertex',(-4.0946543762,7.49521456028,4.58724462499)) ;
#1940=CARTESIAN_POINT('Axis2P3D Location',(-1.00064512173E-015,-1.27603427854E-015,4.58724462499)) ;
#1952=CARTESIAN_POINT('Axis2P3D Location',(4.98787929262E-014,-8.881784197E-016,-1.4758515135)) ;
#1957=CARTESIAN_POINT('Axis2P3D Location',(-4.04802995716E-016,-8.881784197E-016,4.58724462499)) ;
#1969=CARTESIAN_POINT('Axis2P3D Location',(8.32667268469E-017,4.4408920985E-016,7.03350679445)) ;
#1974=CARTESIAN_POINT('Axis2P3D Location',(-3.2620809714,5.97119916538,7.03350679445)) ;
#1979=CARTESIAN_POINT('Axis2P3D Location',(3.2620809714,-5.97119916538,7.03350679445)) ;
#1991=CARTESIAN_POINT('Axis2P3D Location',(2.22044604925E-016,0.,7.03350679445)) ;
#2003=CARTESIAN_POINT('Axis2P3D Location',(0.,2.25,1.92316800009)) ;
#2008=CARTESIAN_POINT('Axis2P3D Location',(3.1918911958E-016,4.4408920985E-016,1.92316800009)) ;
#2012=CARTESIAN_POINT('Vertex',(-3.35597877023,6.14307793323,1.92316800009)) ;
#2014=CARTESIAN_POINT('Vertex',(3.35597876512,-6.14307793603,1.92316800009)) ;
#2017=CARTESIAN_POINT('Axis2P3D Location',(3.88578058619E-016,-1.33226762955E-015,1.92316800009)) ;
#2031=CARTESIAN_POINT('Axis2P3D Location',(4.4408920985E-016,0.,2.92316800009)) ;
#2036=CARTESIAN_POINT('Axis2P3D Location',(3.3559786533,-6.14307799711,2.92316800009)) ;
#2041=CARTESIAN_POINT('Axis2P3D Location',(-3.35597877023,6.14307793323,2.92316800009)) ;
#2053=CARTESIAN_POINT('Axis2P3D Location',(-4.4408920985E-015,-2.22044604925E-015,2.92316800009)) ;
#2065=CARTESIAN_POINT('Axis2P3D Location',(0.,3.74669661965E-014,-2.07683199991)) ;
#2070=CARTESIAN_POINT('Axis2P3D Location',(1.16573417586E-015,-3.02841862671E-015,-2.07683199991)) ;
#2074=CARTESIAN_POINT('Vertex',(-2.63684046232,4.8267040904,-2.07683199991)) ;
#2076=CARTESIAN_POINT('Vertex',(2.63684015742,-4.82670425697,-2.07683199991)) ;
#2079=CARTESIAN_POINT('Axis2P3D Location',(5.55111512313E-015,1.44022904741E-015,-2.07683199991)) ;
#2089=CARTESIAN_POINT('Axis2P3D Location',(1.28785870857E-014,4.66293670343E-015,-1.07683199991)) ;
#2094=CARTESIAN_POINT('Axis2P3D Location',(2.63684009762,-4.82670428963,-1.07683199991)) ;
#2099=CARTESIAN_POINT('Axis2P3D Location',(-2.63684046232,4.8267040904,-1.07683199991)) ;
#2111=CARTESIAN_POINT('Axis2P3D Location',(8.881784197E-016,-1.55431223448E-015,-1.07683199991)) ;
#8=PRODUCT_RELATED_PRODUCT_CATEGORY('part',$,(#5)) ;
#29=STYLED_ITEM(' ',(#28),#21) ;
#28=PRESENTATION_STYLE_ASSIGNMENT((#27)) ;
#27=SURFACE_STYLE_USAGE(.BOTH.,#26) ;
#26=SURFACE_SIDE_STYLE(' ',(#25)) ;
#25=SURFACE_STYLE_FILL_AREA(#24) ;
#24=FILL_AREA_STYLE(' ',(#23)) ;
#23=FILL_AREA_STYLE_COLOUR(' ',#22) ;
#80=VECTOR('Line Direction',#79,1.) ;
#94=VECTOR('Line Direction',#93,1.) ;
#165=VECTOR('Line Direction',#164,1.) ;
#179=VECTOR('Line Direction',#178,1.) ;
#208=VECTOR('Line Direction',#207,1.) ;
#252=VECTOR('Line Direction',#251,1.) ;
#308=VECTOR('Line Direction',#307,1.) ;
#322=VECTOR('Line Direction',#321,1.) ;
#334=VECTOR('Line Direction',#333,1.) ;
#341=VECTOR('Line Direction',#340,1.) ;
#360=VECTOR('Line Direction',#359,1.) ;
#367=VECTOR('Line Direction',#366,1.) ;
#491=VECTOR('Line Direction',#490,1.) ;
#542=VECTOR('Line Direction',#541,1.) ;
#600=VECTOR('Line Direction',#599,1.) ;
#651=VECTOR('Line Direction',#650,1.) ;
#658=VECTOR('Line Direction',#657,1.) ;
#794=VECTOR('Line Direction',#793,1.) ;
#845=VECTOR('Line Direction',#844,1.) ;
#923=VECTOR('Line Direction',#922,1.) ;
#974=VECTOR('Line Direction',#973,1.) ;
#981=VECTOR('Line Direction',#980,1.) ;
#1285=VECTOR('Line Direction',#1284,1.) ;
#1299=VECTOR('Line Direction',#1298,1.) ;
#1417=VECTOR('Line Direction',#1416,1.) ;
#1431=VECTOR('Line Direction',#1430,1.) ;
#1738=VECTOR('Line Direction',#1737,1.) ;
#1743=VECTOR('Line Direction',#1742,1.) ;
#1769=VECTOR('Line Direction',#1768,1.) ;
#1774=VECTOR('Line Direction',#1773,1.) ;
#1842=VECTOR('Line Direction',#1841,1.) ;
#1849=VECTOR('Line Direction',#1848,1.) ;
#1885=VECTOR('Line Direction',#1884,1.) ;
#1892=VECTOR('Line Direction',#1891,1.) ;
#1928=VECTOR('Line Direction',#1927,1.) ;
#1935=VECTOR('Line Direction',#1934,1.) ;
#32=DIRECTION('Axis2P3D Direction',(0.,0.,1.)) ;
#33=DIRECTION('Axis2P3D XDirection',(1.,0.,0.)) ;
#37=DIRECTION('Axis2P3D Direction',(0.,0.,1.)) ;
#46=DIRECTION('Axis2P3D Direction',(0.,0.,1.)) ;
#55=DIRECTION('Axis2P3D Direction',(0.,0.,1.)) ;
#64=DIRECTION('Axis2P3D Direction',(0.,0.,1.)) ;
#74=DIRECTION('Axis2P3D Direction',(0.,0.,1.)) ;
#75=DIRECTION('Axis2P3D XDirection',(-0.479425538604,0.87758256189,0.)) ;
#79=DIRECTION('Vector Direction',(0.,0.,1.)) ;
#86=DIRECTION('Axis2P3D Direction',(0.,0.,1.)) ;
#93=DIRECTION('Vector Direction',(0.,0.,1.)) ;
#105=DIRECTION('Axis2P3D Direction',(0.,0.,1.)) ;
#117=DIRECTION('Axis2P3D Direction',(0.,0.,1.)) ;
#118=DIRECTION('Axis2P3D XDirection',(1.,0.,0.)) ;
#122=DIRECTION('Axis2P3D Direction',(0.,0.,1.)) ;
#131=DIRECTION('Axis2P3D Direction',(0.,0.,1.)) ;
#140=DIRECTION('Axis2P3D Direction',(0.,0.,1.)) ;
#149=DIRECTION('Axis2P3D Direction',(0.,0.,1.)) ;
#159=DIRECTION('Axis2P3D Direction',(0.,0.,1.)) ;
#160=DIRECTION('Axis2P3D XDirection',(-0.479425538604,0.87758256189,0.)) ;
#164=DIRECTION('Vector Direction',(0.,0.,1.)) ;
#171=DIRECTION('Axis2P3D Direction',(0.,0.,1.)) ;
#178=DIRECTION('Vector Direction',(0.,0.,1.)) ;
#190=DIRECTION('Axis2P3D Direction',(0.,0.,1.)) ;
#202=DIRECTION('Axis2P3D Direction',(0.,0.,1.)) ;
#203=DIRECTION('Axis2P3D XDirection',(-0.479425538604,0.87758256189,0.)) ;
#207=DIRECTION('Vector Direction',(0.470115418588,-0.860540501513,0.196116135138)) ;
#216=DIRECTION('Axis2P3D Direction',(0.,0.,1.)) ;
#223=DIRECTION('Axis2P3D Direction',(0.,0.,1.)) ;
#230=DIRECTION('Axis2P3D Direction',(0.,0.,1.)) ;
#237=DIRECTION('Axis2P3D Direction',(0.,0.,1.)) ;
#244=DIRECTION('Axis2P3D Direction',(0.,0.,1.)) ;
#251=DIRECTION('Vector Direction',(-0.470115418588,0.860540501513,0.196116135138)) ;
#258=DIRECTION('Axis2P3D Direction',(0.,0.,1.)) ;
#274=DIRECTION('Axis2P3D Direction',(0.,0.,1.)) ;
#281=DIRECTION('Axis2P3D Direction',(0.,0.,1.)) ;
#288=DIRECTION('Axis2P3D Direction',(0.,0.,1.)) ;
#293=DIRECTION('Axis2P3D Direction',(0.,0.,1.)) ;
#307=DIRECTION('Vector Direction',(0.,0.,1.)) ;
#314=DIRECTION('Axis2P3D Direction',(0.,0.,1.)) ;
#321=DIRECTION('Vector Direction',(0.,0.,1.)) ;
#333=DIRECTION('Vector Direction',(0.,0.,1.)) ;
#340=DIRECTION('Vector Direction',(0.,0.,1.)) ;
#347=DIRECTION('Axis2P3D Direction',(0.,0.,1.)) ;
#359=DIRECTION('Vector Direction',(0.,0.,1.)) ;
#366=DIRECTION('Vector Direction',(0.,0.,1.)) ;
#373=DIRECTION('Axis2P3D Direction',(0.,0.,1.)) ;
#385=DIRECTION('Axis2P3D Direction',(0.,0.,1.)) ;
#386=DIRECTION('Axis2P3D XDirection',(-0.479425538604,0.87758256189,0.)) ;
#390=DIRECTION('Axis2P3D Direction',(0.,0.,1.)) ;
#405=DIRECTION('Axis2P3D Direction',(0.,0.,1.)) ;
#412=DIRECTION('Axis2P3D Direction',(0.,0.,1.)) ;
#419=DIRECTION('Axis2P3D Direction',(0.,0.,1.)) ;
#432=DIRECTION('Axis2P3D Direction',(0.,0.,1.)) ;
#439=DIRECTION('Axis2P3D Direction',(0.,0.,1.)) ;
#455=DIRECTION('Axis2P3D Direction',(-0.866025403784,-0.5,0.)) ;
#456=DIRECTION('Axis2P3D XDirection',(0.5,-0.866025403784,0.)) ;
#490=DIRECTION('Vector Direction',(0.5,-0.866025403784,0.)) ;
#541=DIRECTION('Vector Direction',(0.5,-0.866025403784,0.)) ;
#582=DIRECTION('Axis2P3D Direction',(0.866025403784,-0.5,0.)) ;
#583=DIRECTION('Axis2P3D XDirection',(-0.5,-0.866025403784,0.)) ;
#599=DIRECTION('Vector Direction',(-0.5,-0.866025403784,0.)) ;
#650=DIRECTION('Vector Direction',(-0.5,-0.866025403784,0.)) ;
#657=DIRECTION('Vector Direction',(9.85638915696E-009,1.70717669385E-008,-1.)) ;
#721=DIRECTION('Axis2P3D Direction',(0.,0.,1.)) ;
#728=DIRECTION('Axis2P3D Direction',(0.,0.,1.)) ;
#735=DIRECTION('Axis2P3D Direction',(0.,0.,1.)) ;
#742=DIRECTION('Axis2P3D Direction',(0.,0.,1.)) ;
#755=DIRECTION('Axis2P3D Direction',(0.,0.,1.)) ;
#762=DIRECTION('Axis2P3D Direction',(0.,0.,1.)) ;
#778=DIRECTION('Axis2P3D Direction',(5.05388910575E-016,1.,-0.)) ;
#779=DIRECTION('Axis2P3D XDirection',(-1.,5.05388910575E-016,0.)) ;
#793=DIRECTION('Vector Direction',(-1.,5.4661241095E-016,0.)) ;
#844=DIRECTION('Vector Direction',(-1.,5.23645630201E-016,0.)) ;
#905=DIRECTION('Axis2P3D Direction',(-0.866025403784,-0.5,0.)) ;
#906=DIRECTION('Axis2P3D XDirection',(0.5,-0.866025403784,0.)) ;
#922=DIRECTION('Vector Direction',(0.5,-0.866025403784,0.)) ;
#973=DIRECTION('Vector Direction',(-0.5,0.866025403784,0.)) ;
#980=DIRECTION('Vector Direction',(1.68735430518E-008,-2.92258339081E-008,-1.)) ;
#1041=DIRECTION('Axis2P3D Direction',(0.,0.,1.)) ;
#1056=DIRECTION('Axis2P3D Direction',(0.,0.,1.)) ;
#1063=DIRECTION('Axis2P3D Direction',(0.,0.,1.)) ;
#1070=DIRECTION('Axis2P3D Direction',(0.,0.,1.)) ;
#1075=DIRECTION('Axis2P3D Direction',(0.,0.,1.)) ;
#1082=DIRECTION('Axis2P3D Direction',(0.,0.,1.)) ;
#1098=DIRECTION('Axis2P3D Direction',(0.,0.,1.)) ;
#1099=DIRECTION('Axis2P3D XDirection',(-0.479425538604,0.87758256189,0.)) ;
#1103=DIRECTION('Axis2P3D Direction',(0.,0.,1.)) ;
#1123=DIRECTION('Axis2P3D Direction',(0.,0.,1.)) ;
#1143=DIRECTION('Axis2P3D Direction',(0.,0.,1.)) ;
#1155=DIRECTION('Axis2P3D Direction',(0.,0.,1.)) ;
#1156=DIRECTION('Axis2P3D XDirection',(-0.479425538604,0.87758256189,0.)) ;
#1176=DIRECTION('Axis2P3D Direction',(0.,0.,1.)) ;
#1192=DIRECTION('Axis2P3D Direction',(-0.,-0.,-1.)) ;
#1193=DIRECTION('Axis2P3D XDirection',(-0.479425538604,0.87758256189,0.)) ;
#1225=DIRECTION('Axis2P3D Direction',(0.,0.,-1.)) ;
#1232=DIRECTION('Axis2P3D Direction',(0.,0.,-1.)) ;
#1239=DIRECTION('Axis2P3D Direction',(0.,0.,-1.)) ;
#1270=DIRECTION('Axis2P3D Direction',(0.,0.,-1.)) ;
#1277=DIRECTION('Axis2P3D Direction',(0.,0.,-1.)) ;
#1284=DIRECTION('Vector Direction',(-0.124084460099,0.227135080667,-0.965925826289)) ;
#1291=DIRECTION('Axis2P3D Direction',(0.,0.,-1.)) ;
#1298=DIRECTION('Vector Direction',(0.124084460099,-0.227135080667,-0.965925826289)) ;
#1305=DIRECTION('Axis2P3D Direction',(0.,0.,-1.)) ;
#1312=DIRECTION('Axis2P3D Direction',(0.,0.,-1.)) ;
#1317=DIRECTION('Axis2P3D Direction',(0.,0.,-1.)) ;
#1349=DIRECTION('Axis2P3D Direction',(0.,0.,-1.)) ;
#1350=DIRECTION('Axis2P3D XDirection',(1.,0.,0.)) ;
#1354=DIRECTION('Axis2P3D Direction',(0.,0.,-1.)) ;
#1361=DIRECTION('Axis2P3D Direction',(0.,0.,-1.)) ;
#1366=DIRECTION('Axis2P3D Direction',(0.,0.,-1.)) ;
#1373=DIRECTION('Axis2P3D Direction',(0.,0.,-1.)) ;
#1380=DIRECTION('Axis2P3D Direction',(0.,0.,-1.)) ;
#1397=DIRECTION('Axis2P3D Direction',(-0.,-0.,-1.)) ;
#1398=DIRECTION('Axis2P3D XDirection',(-0.479425538604,0.87758256189,0.)) ;
#1402=DIRECTION('Axis2P3D Direction',(0.,0.,-1.)) ;
#1409=DIRECTION('Axis2P3D Direction',(0.,0.,-1.)) ;
#1416=DIRECTION('Vector Direction',(0.124084460099,-0.227135080667,-0.965925826289)) ;
#1423=DIRECTION('Axis2P3D Direction',(0.,0.,-1.)) ;
#1430=DIRECTION('Vector Direction',(-0.124084460099,0.227135080667,-0.965925826289)) ;
#1435=DIRECTION('Axis2P3D Direction',(0.,0.,-1.)) ;
#1459=DIRECTION('Axis2P3D Direction',(0.,0.,-1.)) ;
#1500=DIRECTION('Axis2P3D Direction',(0.,-0.,1.)) ;
#1501=DIRECTION('Axis2P3D XDirection',(-0.479425538604,0.87758256189,0.)) ;
#1519=DIRECTION('Axis2P3D Direction',(0.,0.,-1.)) ;
#1524=DIRECTION('Axis2P3D Direction',(0.,0.,-1.)) ;
#1531=DIRECTION('Axis2P3D Direction',(0.,0.,-1.)) ;
#1536=DIRECTION('Axis2P3D Direction',(0.,0.,-1.)) ;
#1569=DIRECTION('Axis2P3D Direction',(-0.,0.,-1.)) ;
#1570=DIRECTION('Axis2P3D XDirection',(-0.479425538604,0.87758256189,0.)) ;
#1574=DIRECTION('Axis2P3D Direction',(-0.,0.,-1.)) ;
#1586=DIRECTION('Axis2P3D Direction',(0.,0.,-1.)) ;
#1591=DIRECTION('Axis2P3D Direction',(0.,0.,-1.)) ;
#1598=DIRECTION('Axis2P3D Direction',(0.,0.,-1.)) ;
#1618=DIRECTION('Axis2P3D Direction',(0.,0.,-1.)) ;
#1619=DIRECTION('Axis2P3D XDirection',(1.,0.,0.)) ;
#1674=DIRECTION('Axis2P3D Direction',(0.,0.,1.)) ;
#1675=DIRECTION('Axis2P3D XDirection',(-0.479425538604,0.87758256189,0.)) ;
#1679=DIRECTION('Axis2P3D Direction',(-0.87758256189,-0.479425538604,0.)) ;
#1686=DIRECTION('Axis2P3D Direction',(0.87758256189,0.479425538604,-0.)) ;
#1697=DIRECTION('Axis2P3D Direction',(0.,0.,1.)) ;
#1698=DIRECTION('Axis2P3D XDirection',(-0.479425538604,0.87758256189,0.)) ;
#1702=DIRECTION('Axis2P3D Direction',(-0.87758256189,-0.479425538604,0.)) ;
#1709=DIRECTION('Axis2P3D Direction',(0.87758256189,0.479425538604,-0.)) ;
#1732=DIRECTION('Axis2P3D Direction',(4.59628031428E-017,-1.,0.)) ;
#1733=DIRECTION('Axis2P3D XDirection',(1.,4.59628031428E-017,0.)) ;
#1737=DIRECTION('Vector Direction',(-1.,0.,0.)) ;
#1742=DIRECTION('Vector Direction',(1.,0.,0.)) ;
#1763=DIRECTION('Axis2P3D Direction',(0.866025403784,-0.5,0.)) ;
#1764=DIRECTION('Axis2P3D XDirection',(-0.5,-0.866025403784,0.)) ;
#1768=DIRECTION('Vector Direction',(-0.5,-0.866025403784,0.)) ;
#1773=DIRECTION('Vector Direction',(-0.5,-0.866025403784,0.)) ;
#1794=DIRECTION('Axis2P3D Direction',(0.,0.,-1.)) ;
#1795=DIRECTION('Axis2P3D XDirection',(1.,0.,0.)) ;
#1808=DIRECTION('Axis2P3D Direction',(0.,0.,-1.)) ;
#1809=DIRECTION('Axis2P3D XDirection',(0.,1.,0.)) ;
#1836=DIRECTION('Axis2P3D Direction',(0.,0.,1.)) ;
#1837=DIRECTION('Axis2P3D XDirection',(-0.479425538604,0.87758256189,0.)) ;
#1841=DIRECTION('Vector Direction',(0.,0.,1.)) ;
#1848=DIRECTION('Vector Direction',(0.,0.,1.)) ;
#1855=DIRECTION('Axis2P3D Direction',(0.,0.,1.)) ;
#1867=DIRECTION('Axis2P3D Direction',(0.,0.,1.)) ;
#1879=DIRECTION('Axis2P3D Direction',(0.,0.,1.)) ;
#1880=DIRECTION('Axis2P3D XDirection',(-0.479425538604,0.87758256189,0.)) ;
#1884=DIRECTION('Vector Direction',(-0.470115418588,0.860540501513,0.196116135138)) ;
#1891=DIRECTION('Vector Direction',(0.470115418588,-0.860540501513,0.196116135138)) ;
#1898=DIRECTION('Axis2P3D Direction',(0.,0.,1.)) ;
#1910=DIRECTION('Axis2P3D Direction',(0.,0.,1.)) ;
#1922=DIRECTION('Axis2P3D Direction',(-5.10362208182E-015,2.55181104091E-015,1.)) ;
#1923=DIRECTION('Axis2P3D XDirection',(-0.479425538604,0.87758256189,-4.6827636918E-015)) ;
#1927=DIRECTION('Vector Direction',(0.390933519387,-0.715599007244,0.578868762546)) ;
#1934=DIRECTION('Vector Direction',(-0.390933519387,0.715599007244,0.578868762546)) ;
#1941=DIRECTION('Axis2P3D Direction',(-2.85692295563E-015,-1.56074412395E-015,1.)) ;
#1953=DIRECTION('Axis2P3D Direction',(-8.29338588295E-015,-0.,1.)) ;
#1954=DIRECTION('Axis2P3D XDirection',(-0.12796667928,-0.9917784677,-1.02792373722E-015)) ;
#1958=DIRECTION('Axis2P3D Direction',(-8.15757778289E-015,1.05255172787E-015,1.)) ;
#1970=DIRECTION('Axis2P3D Direction',(0.,0.,-1.)) ;
#1971=DIRECTION('Axis2P3D XDirection',(0.903693495816,-0.428179945372,0.)) ;
#1975=DIRECTION('Axis2P3D Direction',(-0.87758256189,-0.479425538604,-0.)) ;
#1980=DIRECTION('Axis2P3D Direction',(0.87758256189,0.479425538604,0.)) ;
#1992=DIRECTION('Axis2P3D Direction',(-0.,0.,-1.)) ;
#1993=DIRECTION('Axis2P3D XDirection',(-0.479425538604,0.87758256189,0.)) ;
#2004=DIRECTION('Axis2P3D Direction',(0.,0.,1.)) ;
#2005=DIRECTION('Axis2P3D XDirection',(1.,0.,0.)) ;
#2009=DIRECTION('Axis2P3D Direction',(0.,0.,1.)) ;
#2018=DIRECTION('Axis2P3D Direction',(0.,0.,1.)) ;
#2032=DIRECTION('Axis2P3D Direction',(0.,0.,1.)) ;
#2033=DIRECTION('Axis2P3D XDirection',(0.137634377026,-0.990483103471,0.)) ;
#2037=DIRECTION('Axis2P3D Direction',(-0.877582571016,-0.4794255219,0.)) ;
#2042=DIRECTION('Axis2P3D Direction',(0.87758256189,0.479425538604,-0.)) ;
#2054=DIRECTION('Axis2P3D Direction',(0.,-0.,1.)) ;
#2055=DIRECTION('Axis2P3D XDirection',(-0.479425538604,0.87758256189,0.)) ;
#2066=DIRECTION('Axis2P3D Direction',(0.,0.,1.)) ;
#2067=DIRECTION('Axis2P3D XDirection',(1.,0.,0.)) ;
#2071=DIRECTION('Axis2P3D Direction',(0.,0.,1.)) ;
#2080=DIRECTION('Axis2P3D Direction',(0.,0.,1.)) ;
#2090=DIRECTION('Axis2P3D Direction',(0.,0.,1.)) ;
#2091=DIRECTION('Axis2P3D XDirection',(0.280473489069,-0.959861772303,0.)) ;
#2095=DIRECTION('Axis2P3D Direction',(-0.877582598115,-0.479425472295,0.)) ;
#2100=DIRECTION('Axis2P3D Direction',(0.87758256189,0.479425538604,-0.)) ;
#2112=DIRECTION('Axis2P3D Direction',(0.,-0.,1.)) ;
#2113=DIRECTION('Axis2P3D XDirection',(-0.479425538604,0.87758256189,0.)) ;
#15=UNCERTAINTY_MEASURE_WITH_UNIT(LENGTH_MEASURE(0.005),#12,'distance_accuracy_value','CONFUSED CURVE UNCERTAINTY') ;
#18=AXIS2_PLACEMENT_3D(' ',#17,$,$) ;
#34=AXIS2_PLACEMENT_3D('Plane Axis2P3D',#31,#32,#33) ;
#38=AXIS2_PLACEMENT_3D('Circle Axis2P3D',#36,#37,$) ;
#47=AXIS2_PLACEMENT_3D('Circle Axis2P3D',#45,#46,$) ;
#56=AXIS2_PLACEMENT_3D('Circle Axis2P3D',#54,#55,$) ;
#65=AXIS2_PLACEMENT_3D('Circle Axis2P3D',#63,#64,$) ;
#76=AXIS2_PLACEMENT_3D('Cylinder Axis2P3D',#73,#74,#75) ;
#87=AXIS2_PLACEMENT_3D('Circle Axis2P3D',#85,#86,$) ;
#106=AXIS2_PLACEMENT_3D('Circle Axis2P3D',#104,#105,$) ;
#119=AXIS2_PLACEMENT_3D('Plane Axis2P3D',#116,#117,#118) ;
#123=AXIS2_PLACEMENT_3D('Circle Axis2P3D',#121,#122,$) ;
#132=AXIS2_PLACEMENT_3D('Circle Axis2P3D',#130,#131,$) ;
#141=AXIS2_PLACEMENT_3D('Circle Axis2P3D',#139,#140,$) ;
#150=AXIS2_PLACEMENT_3D('Circle Axis2P3D',#148,#149,$) ;
#161=AXIS2_PLACEMENT_3D('Cylinder Axis2P3D',#158,#159,#160) ;
#172=AXIS2_PLACEMENT_3D('Circle Axis2P3D',#170,#171,$) ;
#191=AXIS2_PLACEMENT_3D('Circle Axis2P3D',#189,#190,$) ;
#204=AXIS2_PLACEMENT_3D('Cone Axis2P3D',#201,#202,#203) ;
#217=AXIS2_PLACEMENT_3D('Circle Axis2P3D',#215,#216,$) ;
#224=AXIS2_PLACEMENT_3D('Circle Axis2P3D',#222,#223,$) ;
#231=AXIS2_PLACEMENT_3D('Circle Axis2P3D',#229,#230,$) ;
#238=AXIS2_PLACEMENT_3D('Circle Axis2P3D',#236,#237,$) ;
#245=AXIS2_PLACEMENT_3D('Circle Axis2P3D',#243,#244,$) ;
#259=AXIS2_PLACEMENT_3D('Circle Axis2P3D',#257,#258,$) ;
#275=AXIS2_PLACEMENT_3D('Circle Axis2P3D',#273,#274,$) ;
#282=AXIS2_PLACEMENT_3D('Circle Axis2P3D',#280,#281,$) ;
#289=AXIS2_PLACEMENT_3D('Circle Axis2P3D',#287,#288,$) ;
#294=AXIS2_PLACEMENT_3D('Circle Axis2P3D',#292,#293,$) ;
#315=AXIS2_PLACEMENT_3D('Circle Axis2P3D',#313,#314,$) ;
#348=AXIS2_PLACEMENT_3D('Circle Axis2P3D',#346,#347,$) ;
#374=AXIS2_PLACEMENT_3D('Circle Axis2P3D',#372,#373,$) ;
#387=AXIS2_PLACEMENT_3D('Cylinder Axis2P3D',#384,#385,#386) ;
#391=AXIS2_PLACEMENT_3D('Circle Axis2P3D',#389,#390,$) ;
#406=AXIS2_PLACEMENT_3D('Circle Axis2P3D',#404,#405,$) ;
#413=AXIS2_PLACEMENT_3D('Circle Axis2P3D',#411,#412,$) ;
#420=AXIS2_PLACEMENT_3D('Circle Axis2P3D',#418,#419,$) ;
#433=AXIS2_PLACEMENT_3D('Circle Axis2P3D',#431,#432,$) ;
#440=AXIS2_PLACEMENT_3D('Circle Axis2P3D',#438,#439,$) ;
#457=AXIS2_PLACEMENT_3D('Plane Axis2P3D',#454,#455,#456) ;
#584=AXIS2_PLACEMENT_3D('Plane Axis2P3D',#581,#582,#583) ;
#722=AXIS2_PLACEMENT_3D('Circle Axis2P3D',#720,#721,$) ;
#729=AXIS2_PLACEMENT_3D('Circle Axis2P3D',#727,#728,$) ;
#736=AXIS2_PLACEMENT_3D('Circle Axis2P3D',#734,#735,$) ;
#743=AXIS2_PLACEMENT_3D('Circle Axis2P3D',#741,#742,$) ;
#756=AXIS2_PLACEMENT_3D('Circle Axis2P3D',#754,#755,$) ;
#763=AXIS2_PLACEMENT_3D('Circle Axis2P3D',#761,#762,$) ;
#780=AXIS2_PLACEMENT_3D('Plane Axis2P3D',#777,#778,#779) ;
#907=AXIS2_PLACEMENT_3D('Plane Axis2P3D',#904,#905,#906) ;
#1042=AXIS2_PLACEMENT_3D('Circle Axis2P3D',#1040,#1041,$) ;
#1057=AXIS2_PLACEMENT_3D('Circle Axis2P3D',#1055,#1056,$) ;
#1064=AXIS2_PLACEMENT_3D('Circle Axis2P3D',#1062,#1063,$) ;
#1071=AXIS2_PLACEMENT_3D('Circle Axis2P3D',#1069,#1070,$) ;
#1076=AXIS2_PLACEMENT_3D('Circle Axis2P3D',#1074,#1075,$) ;
#1083=AXIS2_PLACEMENT_3D('Circle Axis2P3D',#1081,#1082,$) ;
#1100=AXIS2_PLACEMENT_3D('Cone Axis2P3D',#1097,#1098,#1099) ;
#1104=AXIS2_PLACEMENT_3D('Circle Axis2P3D',#1102,#1103,$) ;
#1124=AXIS2_PLACEMENT_3D('Circle Axis2P3D',#1122,#1123,$) ;
#1144=AXIS2_PLACEMENT_3D('Circle Axis2P3D',#1142,#1143,$) ;
#1157=AXIS2_PLACEMENT_3D('Cone Axis2P3D',#1154,#1155,#1156) ;
#1177=AXIS2_PLACEMENT_3D('Circle Axis2P3D',#1175,#1176,$) ;
#1194=AXIS2_PLACEMENT_3D('Cone Axis2P3D',#1191,#1192,#1193) ;
#1226=AXIS2_PLACEMENT_3D('Circle Axis2P3D',#1224,#1225,$) ;
#1233=AXIS2_PLACEMENT_3D('Circle Axis2P3D',#1231,#1232,$) ;
#1240=AXIS2_PLACEMENT_3D('Circle Axis2P3D',#1238,#1239,$) ;
#1271=AXIS2_PLACEMENT_3D('Circle Axis2P3D',#1269,#1270,$) ;
#1278=AXIS2_PLACEMENT_3D('Circle Axis2P3D',#1276,#1277,$) ;
#1292=AXIS2_PLACEMENT_3D('Circle Axis2P3D',#1290,#1291,$) ;
#1306=AXIS2_PLACEMENT_3D('Circle Axis2P3D',#1304,#1305,$) ;
#1313=AXIS2_PLACEMENT_3D('Circle Axis2P3D',#1311,#1312,$) ;
#1318=AXIS2_PLACEMENT_3D('Circle Axis2P3D',#1316,#1317,$) ;
#1351=AXIS2_PLACEMENT_3D('Plane Axis2P3D',#1348,#1349,#1350) ;
#1355=AXIS2_PLACEMENT_3D('Circle Axis2P3D',#1353,#1354,$) ;
#1362=AXIS2_PLACEMENT_3D('Circle Axis2P3D',#1360,#1361,$) ;
#1367=AXIS2_PLACEMENT_3D('Circle Axis2P3D',#1365,#1366,$) ;
#1374=AXIS2_PLACEMENT_3D('Circle Axis2P3D',#1372,#1373,$) ;
#1381=AXIS2_PLACEMENT_3D('Circle Axis2P3D',#1379,#1380,$) ;
#1399=AXIS2_PLACEMENT_3D('Cone Axis2P3D',#1396,#1397,#1398) ;
#1403=AXIS2_PLACEMENT_3D('Circle Axis2P3D',#1401,#1402,$) ;
#1410=AXIS2_PLACEMENT_3D('Circle Axis2P3D',#1408,#1409,$) ;
#1424=AXIS2_PLACEMENT_3D('Circle Axis2P3D',#1422,#1423,$) ;
#1436=AXIS2_PLACEMENT_3D('Circle Axis2P3D',#1434,#1435,$) ;
#1460=AXIS2_PLACEMENT_3D('Circle Axis2P3D',#1458,#1459,$) ;
#1502=AXIS2_PLACEMENT_3D('Torus Axis2P3D',#1499,#1500,#1501) ;
#1520=AXIS2_PLACEMENT_3D('Circle Axis2P3D',#1518,#1519,$) ;
#1525=AXIS2_PLACEMENT_3D('Circle Axis2P3D',#1523,#1524,$) ;
#1532=AXIS2_PLACEMENT_3D('Circle Axis2P3D',#1530,#1531,$) ;
#1537=AXIS2_PLACEMENT_3D('Circle Axis2P3D',#1535,#1536,$) ;
#1571=AXIS2_PLACEMENT_3D('Torus Axis2P3D',#1568,#1569,#1570) ;
#1575=AXIS2_PLACEMENT_3D('Circle Axis2P3D',#1573,#1574,$) ;
#1587=AXIS2_PLACEMENT_3D('Circle Axis2P3D',#1585,#1586,$) ;
#1592=AXIS2_PLACEMENT_3D('Circle Axis2P3D',#1590,#1591,$) ;
#1599=AXIS2_PLACEMENT_3D('Circle Axis2P3D',#1597,#1598,$) ;
#1620=AXIS2_PLACEMENT_3D('Plane Axis2P3D',#1617,#1618,#1619) ;
#1676=AXIS2_PLACEMENT_3D('Sphere Axis2P3D',#1673,#1674,#1675) ;
#1680=AXIS2_PLACEMENT_3D('Circle Axis2P3D',#1678,#1679,$) ;
#1687=AXIS2_PLACEMENT_3D('Circle Axis2P3D',#1685,#1686,$) ;
#1699=AXIS2_PLACEMENT_3D('Sphere Axis2P3D',#1696,#1697,#1698) ;
#1703=AXIS2_PLACEMENT_3D('Circle Axis2P3D',#1701,#1702,$) ;
#1710=AXIS2_PLACEMENT_3D('Circle Axis2P3D',#1708,#1709,$) ;
#1734=AXIS2_PLACEMENT_3D('Plane Axis2P3D',#1731,#1732,#1733) ;
#1765=AXIS2_PLACEMENT_3D('Plane Axis2P3D',#1762,#1763,#1764) ;
#1796=AXIS2_PLACEMENT_3D('Plane Axis2P3D',#1793,#1794,#1795) ;
#1810=AXIS2_PLACEMENT_3D('Plane Axis2P3D',#1807,#1808,#1809) ;
#1838=AXIS2_PLACEMENT_3D('Cylinder Axis2P3D',#1835,#1836,#1837) ;
#1856=AXIS2_PLACEMENT_3D('Circle Axis2P3D',#1854,#1855,$) ;
#1868=AXIS2_PLACEMENT_3D('Circle Axis2P3D',#1866,#1867,$) ;
#1881=AXIS2_PLACEMENT_3D('Cone Axis2P3D',#1878,#1879,#1880) ;
#1899=AXIS2_PLACEMENT_3D('Circle Axis2P3D',#1897,#1898,$) ;
#1911=AXIS2_PLACEMENT_3D('Circle Axis2P3D',#1909,#1910,$) ;
#1924=AXIS2_PLACEMENT_3D('Cone Axis2P3D',#1921,#1922,#1923) ;
#1942=AXIS2_PLACEMENT_3D('Circle Axis2P3D',#1940,#1941,$) ;
#1955=AXIS2_PLACEMENT_3D('Cone Axis2P3D',#1952,#1953,#1954) ;
#1959=AXIS2_PLACEMENT_3D('Circle Axis2P3D',#1957,#1958,$) ;
#1972=AXIS2_PLACEMENT_3D('Torus Axis2P3D',#1969,#1970,#1971) ;
#1976=AXIS2_PLACEMENT_3D('Circle Axis2P3D',#1974,#1975,$) ;
#1981=AXIS2_PLACEMENT_3D('Circle Axis2P3D',#1979,#1980,$) ;
#1994=AXIS2_PLACEMENT_3D('Torus Axis2P3D',#1991,#1992,#1993) ;
#2006=AXIS2_PLACEMENT_3D('Plane Axis2P3D',#2003,#2004,#2005) ;
#2010=AXIS2_PLACEMENT_3D('Circle Axis2P3D',#2008,#2009,$) ;
#2019=AXIS2_PLACEMENT_3D('Circle Axis2P3D',#2017,#2018,$) ;
#2034=AXIS2_PLACEMENT_3D('Torus Axis2P3D',#2031,#2032,#2033) ;
#2038=AXIS2_PLACEMENT_3D('Circle Axis2P3D',#2036,#2037,$) ;
#2043=AXIS2_PLACEMENT_3D('Circle Axis2P3D',#2041,#2042,$) ;
#2056=AXIS2_PLACEMENT_3D('Torus Axis2P3D',#2053,#2054,#2055) ;
#2068=AXIS2_PLACEMENT_3D('Plane Axis2P3D',#2065,#2066,#2067) ;
#2072=AXIS2_PLACEMENT_3D('Circle Axis2P3D',#2070,#2071,$) ;
#2081=AXIS2_PLACEMENT_3D('Circle Axis2P3D',#2079,#2080,$) ;
#2092=AXIS2_PLACEMENT_3D('Torus Axis2P3D',#2089,#2090,#2091) ;
#2096=AXIS2_PLACEMENT_3D('Circle Axis2P3D',#2094,#2095,$) ;
#2101=AXIS2_PLACEMENT_3D('Circle Axis2P3D',#2099,#2100,$) ;
#2114=AXIS2_PLACEMENT_3D('Torus Axis2P3D',#2111,#2112,#2113) ;
#81=LINE('Line',#78,#80) ;
#95=LINE('Line',#92,#94) ;
#166=LINE('Line',#163,#165) ;
#180=LINE('Line',#177,#179) ;
#209=LINE('Line',#206,#208) ;
#253=LINE('Line',#250,#252) ;
#309=LINE('Line',#306,#308) ;
#323=LINE('Line',#320,#322) ;
#335=LINE('Line',#332,#334) ;
#342=LINE('Line',#339,#341) ;
#361=LINE('Line',#358,#360) ;
#368=LINE('Line',#365,#367) ;
#492=LINE('Line',#489,#491) ;
#543=LINE('Line',#540,#542) ;
#601=LINE('Line',#598,#600) ;
#652=LINE('Line',#649,#651) ;
#659=LINE('Line',#656,#658) ;
#795=LINE('Line',#792,#794) ;
#846=LINE('Line',#843,#845) ;
#924=LINE('Line',#921,#923) ;
#975=LINE('Line',#972,#974) ;
#982=LINE('Line',#979,#981) ;
#1286=LINE('Line',#1283,#1285) ;
#1300=LINE('Line',#1297,#1299) ;
#1418=LINE('Line',#1415,#1417) ;
#1432=LINE('Line',#1429,#1431) ;
#1739=LINE('Line',#1736,#1738) ;
#1744=LINE('Line',#1741,#1743) ;
#1770=LINE('Line',#1767,#1769) ;
#1775=LINE('Line',#1772,#1774) ;
#1843=LINE('Line',#1840,#1842) ;
#1850=LINE('Line',#1847,#1849) ;
#1886=LINE('Line',#1883,#1885) ;
#1893=LINE('Line',#1890,#1892) ;
#1929=LINE('Line',#1926,#1928) ;
#1936=LINE('Line',#1933,#1935) ;
#39=CIRCLE('generated circle',#38,6.5) ;
#48=CIRCLE('generated circle',#47,6.5) ;
#57=CIRCLE('generated circle',#56,2.25) ;
#66=CIRCLE('generated circle',#65,2.25) ;
#88=CIRCLE('generated circle',#87,2.25) ;
#107=CIRCLE('generated circle',#106,2.25) ;
#124=CIRCLE('generated circle',#123,8.) ;
#133=CIRCLE('generated circle',#132,8.) ;
#142=CIRCLE('generated circle',#141,4.) ;
#151=CIRCLE('generated circle',#150,4.) ;
#173=CIRCLE('generated circle',#172,4.) ;
#192=CIRCLE('generated circle',#191,4.) ;
#218=CIRCLE('generated circle',#217,4.) ;
#225=CIRCLE('generated circle',#224,4.) ;
#232=CIRCLE('generated circle',#231,4.) ;
#239=CIRCLE('generated circle',#238,4.) ;
#246=CIRCLE('generated circle',#245,4.) ;
#260=CIRCLE('generated circle',#259,9.) ;
#276=CIRCLE('generated circle',#275,4.) ;
#283=CIRCLE('generated circle',#282,4.) ;
#290=CIRCLE('generated circle',#289,4.) ;
#295=CIRCLE('generated circle',#294,9.) ;
#316=CIRCLE('generated circle',#315,4.) ;
#349=CIRCLE('generated circle',#348,4.) ;
#375=CIRCLE('generated circle',#374,4.) ;
#392=CIRCLE('generated circle',#391,3.) ;
#407=CIRCLE('generated circle',#406,3.) ;
#414=CIRCLE('generated circle',#413,3.) ;
#421=CIRCLE('generated circle',#420,3.) ;
#434=CIRCLE('generated circle',#433,3.) ;
#441=CIRCLE('generated circle',#440,3.) ;
#723=CIRCLE('generated circle',#722,3.) ;
#730=CIRCLE('generated circle',#729,3.) ;
#737=CIRCLE('generated circle',#736,3.) ;
#744=CIRCLE('generated circle',#743,3.) ;
#757=CIRCLE('generated circle',#756,3.) ;
#764=CIRCLE('generated circle',#763,3.) ;
#1043=CIRCLE('generated circle',#1042,3.) ;
#1058=CIRCLE('generated circle',#1057,3.) ;
#1065=CIRCLE('generated circle',#1064,3.) ;
#1072=CIRCLE('generated circle',#1071,3.) ;
#1077=CIRCLE('generated circle',#1076,3.) ;
#1084=CIRCLE('generated circle',#1083,3.) ;
#1105=CIRCLE('generated circle',#1104,4.73923553454) ;
#1125=CIRCLE('generated circle',#1124,4.73923553454) ;
#1145=CIRCLE('generated circle',#1144,4.73923553454) ;
#1178=CIRCLE('generated circle',#1177,4.11436434427) ;
#1227=CIRCLE('generated circle',#1226,2.33850155325) ;
#1234=CIRCLE('generated circle',#1233,2.33850155325) ;
#1241=CIRCLE('generated circle',#1240,2.33850155325) ;
#1272=CIRCLE('generated circle',#1271,2.33850155325) ;
#1279=CIRCLE('generated circle',#1278,2.33850155325) ;
#1293=CIRCLE('generated circle',#1292,1.93185165258) ;
#1307=CIRCLE('generated circle',#1306,2.33850155325) ;
#1314=CIRCLE('generated circle',#1313,2.33850155325) ;
#1319=CIRCLE('generated circle',#1318,4.11436434427) ;
#1356=CIRCLE('generated circle',#1355,2.33850155325) ;
#1363=CIRCLE('generated circle',#1362,2.33850155325) ;
#1368=CIRCLE('generated circle',#1367,3.37377773366) ;
#1375=CIRCLE('generated circle',#1374,3.37377773366) ;
#1382=CIRCLE('generated circle',#1381,3.37377773366) ;
#1404=CIRCLE('generated circle',#1403,5.08029017056) ;
#1411=CIRCLE('generated circle',#1410,3.37377773366) ;
#1425=CIRCLE('generated circle',#1424,2.89777747887) ;
#1437=CIRCLE('generated circle',#1436,5.08029017056) ;
#1461=CIRCLE('generated circle',#1460,3.37377773366) ;
#1521=CIRCLE('generated circle',#1520,4.11436434427) ;
#1526=CIRCLE('generated circle',#1525,2.33850155325) ;
#1533=CIRCLE('generated circle',#1532,2.33850155325) ;
#1538=CIRCLE('generated circle',#1537,1.93185165258) ;
#1576=CIRCLE('generated circle',#1575,5.08029017056) ;
#1588=CIRCLE('generated circle',#1587,2.89777747887) ;
#1593=CIRCLE('generated circle',#1592,3.37377773366) ;
#1600=CIRCLE('generated circle',#1599,3.37377773366) ;
#1681=CIRCLE('generated circle',#1680,2.) ;
#1688=CIRCLE('generated circle',#1687,2.) ;
#1704=CIRCLE('generated circle',#1703,3.) ;
#1711=CIRCLE('generated circle',#1710,3.) ;
#1857=CIRCLE('generated circle',#1856,9.) ;
#1869=CIRCLE('generated circle',#1868,9.) ;
#1900=CIRCLE('generated circle',#1899,7.39249359321) ;
#1912=CIRCLE('generated circle',#1911,7.39249359321) ;
#1943=CIRCLE('generated circle',#1942,8.54075147544) ;
#1960=CIRCLE('generated circle',#1959,8.54075147544) ;
#1977=CIRCLE('generated circle',#1976,3.) ;
#1982=CIRCLE('generated circle',#1981,3.) ;
#2011=CIRCLE('generated circle',#2010,7.) ;
#2020=CIRCLE('generated circle',#2019,7.) ;
#2039=CIRCLE('generated circle',#2038,1.) ;
#2044=CIRCLE('generated circle',#2043,1.) ;
#2073=CIRCLE('generated circle',#2072,5.5) ;
#2082=CIRCLE('generated circle',#2081,5.5) ;
#2097=CIRCLE('generated circle',#2096,1.) ;
#2102=CIRCLE('generated circle',#2101,1.) ;
#35=PLANE('',#34) ;
#120=PLANE('',#119) ;
#458=PLANE('',#457) ;
#585=PLANE('',#584) ;
#781=PLANE('',#780) ;
#908=PLANE('',#907) ;
#1352=PLANE('',#1351) ;
#1621=PLANE('',#1620) ;
#1735=PLANE('',#1734) ;
#1766=PLANE('',#1765) ;
#1797=PLANE('',#1796) ;
#1811=PLANE('',#1810) ;
#2007=PLANE('',#2006) ;
#2069=PLANE('',#2068) ;
#77=CYLINDRICAL_SURFACE('generated cylinder',#76,2.25) ;
#162=CYLINDRICAL_SURFACE('generated cylinder',#161,4.) ;
#388=CYLINDRICAL_SURFACE('generated cylinder',#387,3.) ;
#1839=CYLINDRICAL_SURFACE('generated cylinder',#1838,9.) ;
#205=CONICAL_SURFACE('Cone',#204,4.,1.37340076695) ;
#1101=CONICAL_SURFACE('Cone',#1100,4.,0.895829791487) ;
#1158=CONICAL_SURFACE('Cone',#1157,2.9962487119,0.895829791487) ;
#1195=CONICAL_SURFACE('Cone',#1194,1.93185165258,0.261799387799) ;
#1400=CONICAL_SURFACE('Cone',#1399,2.89777747887,0.261799387799) ;
#1882=CONICAL_SURFACE('Cone',#1881,4.,1.37340076695) ;
#1925=CONICAL_SURFACE('Cone',#1924,0.,0.953455625642) ;
#1956=CONICAL_SURFACE('Cone',#1955,0.,0.953455625642) ;
#1677=SPHERICAL_SURFACE('',#1676,2.) ;
#1700=SPHERICAL_SURFACE('',#1699,3.) ;
#1503=TOROIDAL_SURFACE('homeo Torus',#1502,4.11436434427,1.) ;
#1572=TOROIDAL_SURFACE('homeo Torus',#1571,4.11436434427,1.) ;
#1973=TOROIDAL_SURFACE('homeo Torus',#1972,6.8041451878,3.) ;
#1995=TOROIDAL_SURFACE('homeo Torus',#1994,6.8041451878,3.) ;
#2035=TOROIDAL_SURFACE('homeo Torus',#2034,7.,1.) ;
#2057=TOROIDAL_SURFACE('homeo Torus',#2056,7.,1.) ;
#2093=TOROIDAL_SURFACE('homeo Torus',#2092,5.5,1.) ;
#2115=TOROIDAL_SURFACE('homeo Torus',#2114,5.5,1.) ;
#71=FACE_BOUND('',#68,.T.) ;
#156=FACE_BOUND('',#153,.T.) ;
#2029=FACE_BOUND('',#2026,.T.) ;
#44=EDGE_CURVE('',#41,#43,#39,.T.) ;
#49=EDGE_CURVE('',#43,#41,#48,.T.) ;
#62=EDGE_CURVE('',#59,#61,#57,.T.) ;
#67=EDGE_CURVE('',#61,#59,#66,.T.) ;
#84=EDGE_CURVE('',#61,#83,#81,.T.) ;
#91=EDGE_CURVE('',#90,#83,#88,.T.) ;
#96=EDGE_CURVE('',#59,#90,#95,.T.) ;
#108=EDGE_CURVE('',#83,#90,#107,.T.) ;
#129=EDGE_CURVE('',#126,#128,#124,.T.) ;
#134=EDGE_CURVE('',#128,#126,#133,.T.) ;
#147=EDGE_CURVE('',#144,#146,#142,.T.) ;
#152=EDGE_CURVE('',#146,#144,#151,.T.) ;
#169=EDGE_CURVE('',#146,#168,#166,.T.) ;
#176=EDGE_CURVE('',#175,#168,#173,.T.) ;
#181=EDGE_CURVE('',#144,#175,#180,.T.) ;
#193=EDGE_CURVE('',#168,#175,#192,.T.) ;
#214=EDGE_CURVE('',#211,#213,#209,.F.) ;
#221=EDGE_CURVE('',#213,#220,#218,.F.) ;
#228=EDGE_CURVE('',#227,#220,#225,.T.) ;
#235=EDGE_CURVE('',#227,#234,#232,.F.) ;
#242=EDGE_CURVE('',#241,#234,#239,.T.) ;
#249=EDGE_CURVE('',#241,#248,#246,.F.) ;
#256=EDGE_CURVE('',#255,#248,#253,.F.) ;
#261=EDGE_CURVE('',#255,#211,#260,.T.) ;
#279=EDGE_CURVE('',#248,#278,#276,.F.) ;
#286=EDGE_CURVE('',#285,#278,#283,.T.) ;
#291=EDGE_CURVE('',#285,#213,#290,.F.) ;
#296=EDGE_CURVE('',#211,#255,#295,.T.) ;
#312=EDGE_CURVE('',#234,#311,#309,.T.) ;
#319=EDGE_CURVE('',#318,#311,#316,.T.) ;
#324=EDGE_CURVE('',#241,#318,#323,.T.) ;
#338=EDGE_CURVE('',#227,#337,#335,.T.) ;
#345=EDGE_CURVE('',#220,#344,#342,.T.) ;
#350=EDGE_CURVE('',#337,#344,#349,.T.) ;
#364=EDGE_CURVE('',#285,#363,#361,.T.) ;
#371=EDGE_CURVE('',#278,#370,#368,.T.) ;
#376=EDGE_CURVE('',#363,#370,#375,.T.) ;
#397=EDGE_CURVE('',#394,#396,#392,.T.) ;
#403=EDGE_CURVE('',#396,#402,#398,.T.) ;
#410=EDGE_CURVE('',#409,#402,#407,.T.) ;
#417=EDGE_CURVE('',#416,#409,#414,.T.) ;
#424=EDGE_CURVE('',#423,#416,#421,.T.) ;
#430=EDGE_CURVE('',#423,#429,#425,.F.) ;
#437=EDGE_CURVE('',#429,#436,#434,.T.) ;
#442=EDGE_CURVE('',#394,#436,#441,.F.) ;
#470=EDGE_CURVE('',#467,#469,#459,.T.) ;
#480=EDGE_CURVE('',#479,#469,#471,.T.) ;
#488=EDGE_CURVE('',#429,#479,#481,.F.) ;
#493=EDGE_CURVE('',#241,#423,#492,.T.) ;
#503=EDGE_CURVE('',#318,#502,#494,.T.) ;
#519=EDGE_CURVE('',#518,#502,#504,.T.) ;
#529=EDGE_CURVE('',#528,#518,#520,.T.) ;
#539=EDGE_CURVE('',#538,#528,#530,.F.) ;
#546=EDGE_CURVE('',#538,#545,#543,.T.) ;
#556=EDGE_CURVE('',#545,#555,#547,.T.) ;
#564=EDGE_CURVE('',#467,#555,#557,.F.) ;
#597=EDGE_CURVE('',#594,#596,#586,.T.) ;
#604=EDGE_CURVE('',#603,#594,#601,.T.) ;
#614=EDGE_CURVE('',#613,#603,#605,.F.) ;
#624=EDGE_CURVE('',#613,#623,#615,.T.) ;
#640=EDGE_CURVE('',#623,#639,#625,.T.) ;
#648=EDGE_CURVE('',#370,#639,#641,.T.) ;
#655=EDGE_CURVE('',#654,#278,#652,.F.) ;
#662=EDGE_CURVE('',#661,#654,#659,.T.) ;
#672=EDGE_CURVE('',#671,#661,#663,.T.) ;
#682=EDGE_CURVE('',#671,#681,#673,.T.) ;
#692=EDGE_CURVE('',#691,#681,#683,.T.) ;
#703=EDGE_CURVE('',#596,#691,#693,.F.) ;
#726=EDGE_CURVE('',#725,#661,#723,.T.) ;
#733=EDGE_CURVE('',#732,#654,#730,.T.) ;
#740=EDGE_CURVE('',#739,#732,#737,.T.) ;
#747=EDGE_CURVE('',#746,#739,#744,.T.) ;
#753=EDGE_CURVE('',#746,#752,#748,.F.) ;
#760=EDGE_CURVE('',#752,#759,#757,.T.) ;
#765=EDGE_CURVE('',#725,#759,#764,.F.) ;
#791=EDGE_CURVE('',#752,#790,#782,.F.) ;
#796=EDGE_CURVE('',#285,#746,#795,.T.) ;
#806=EDGE_CURVE('',#363,#805,#797,.T.) ;
#822=EDGE_CURVE('',#821,#805,#807,.T.) ;
#832=EDGE_CURVE('',#831,#821,#823,.T.) ;
#842=EDGE_CURVE('',#841,#831,#833,.F.) ;
#849=EDGE_CURVE('',#848,#841,#846,.F.) ;
#859=EDGE_CURVE('',#848,#858,#850,.T.) ;
#869=EDGE_CURVE('',#868,#858,#860,.F.) ;
#879=EDGE_CURVE('',#868,#878,#870,.T.) ;
#887=EDGE_CURVE('',#790,#878,#880,.T.) ;
#920=EDGE_CURVE('',#917,#919,#909,.T.) ;
#927=EDGE_CURVE('',#917,#926,#924,.T.) ;
#937=EDGE_CURVE('',#936,#926,#928,.F.) ;
#947=EDGE_CURVE('',#936,#946,#938,.T.) ;
#963=EDGE_CURVE('',#946,#962,#948,.T.) ;
#971=EDGE_CURVE('',#344,#962,#964,.T.) ;
#978=EDGE_CURVE('',#977,#220,#975,.F.) ;
#985=EDGE_CURVE('',#984,#977,#982,.T.) ;
#995=EDGE_CURVE('',#994,#984,#986,.T.) ;
#1005=EDGE_CURVE('',#994,#1004,#996,.T.) ;
#1015=EDGE_CURVE('',#1014,#1004,#1006,.T.) ;
#1023=EDGE_CURVE('',#919,#1014,#1016,.F.) ;
#1048=EDGE_CURVE('',#1045,#1047,#1043,.T.) ;
#1054=EDGE_CURVE('',#1045,#1053,#1049,.F.) ;
#1061=EDGE_CURVE('',#1053,#1060,#1058,.T.) ;
#1068=EDGE_CURVE('',#1067,#1060,#1065,.F.) ;
#1073=EDGE_CURVE('',#1067,#984,#1072,.T.) ;
#1080=EDGE_CURVE('',#1079,#977,#1077,.T.) ;
#1085=EDGE_CURVE('',#1047,#1079,#1084,.T.) ;
#1108=EDGE_CURVE('',#502,#1107,#1105,.T.) ;
#1114=EDGE_CURVE('',#311,#1107,#1109,.T.) ;
#1128=EDGE_CURVE('',#1127,#962,#1125,.T.) ;
#1134=EDGE_CURVE('',#337,#1127,#1129,.T.) ;
#1146=EDGE_CURVE('',#805,#639,#1145,.T.) ;
#1168=EDGE_CURVE('',#1165,#1167,#1159,.T.) ;
#1174=EDGE_CURVE('',#1165,#396,#1169,.T.) ;
#1179=EDGE_CURVE('',#1167,#469,#1178,.F.) ;
#1205=EDGE_CURVE('',#1202,#1204,#1196,.T.) ;
#1215=EDGE_CURVE('',#1202,#1214,#1206,.F.) ;
#1223=EDGE_CURVE('',#1222,#1214,#1216,.T.) ;
#1230=EDGE_CURVE('',#1222,#1229,#1227,.T.) ;
#1237=EDGE_CURVE('',#1229,#1236,#1234,.T.) ;
#1244=EDGE_CURVE('',#1236,#1243,#1241,.T.) ;
#1252=EDGE_CURVE('',#1243,#1251,#1245,.T.) ;
#1262=EDGE_CURVE('',#1251,#1261,#1253,.F.) ;
#1268=EDGE_CURVE('',#1261,#1167,#1263,.T.) ;
#1275=EDGE_CURVE('',#545,#1274,#1272,.T.) ;
#1282=EDGE_CURVE('',#1274,#1281,#1279,.T.) ;
#1289=EDGE_CURVE('',#1288,#1281,#1286,.T.) ;
#1296=EDGE_CURVE('',#1288,#1295,#1293,.F.) ;
#1303=EDGE_CURVE('',#1295,#1302,#1300,.T.) ;
#1310=EDGE_CURVE('',#1302,#1309,#1307,.T.) ;
#1315=EDGE_CURVE('',#1309,#917,#1314,.T.) ;
#1320=EDGE_CURVE('',#1004,#1204,#1319,.T.) ;
#1359=EDGE_CURVE('',#1358,#594,#1356,.T.) ;
#1364=EDGE_CURVE('',#1281,#1358,#1363,.T.) ;
#1371=EDGE_CURVE('',#538,#1370,#1368,.T.) ;
#1378=EDGE_CURVE('',#1370,#1377,#1375,.T.) ;
#1383=EDGE_CURVE('',#1377,#603,#1382,.T.) ;
#1407=EDGE_CURVE('',#1406,#946,#1404,.F.) ;
#1414=EDGE_CURVE('',#1413,#926,#1411,.T.) ;
#1421=EDGE_CURVE('',#1413,#1420,#1418,.F.) ;
#1428=EDGE_CURVE('',#1427,#1420,#1425,.F.) ;
#1433=EDGE_CURVE('',#1370,#1427,#1432,.F.) ;
#1440=EDGE_CURVE('',#518,#1439,#1437,.F.) ;
#1449=EDGE_CURVE('',#1448,#1439,#1441,.T.) ;
#1457=EDGE_CURVE('',#1448,#1456,#1450,.F.) ;
#1464=EDGE_CURVE('',#1463,#1456,#1461,.T.) ;
#1472=EDGE_CURVE('',#1463,#1471,#1465,.F.) ;
#1479=EDGE_CURVE('',#1471,#1406,#1473,.T.) ;
#1510=EDGE_CURVE('',#1439,#1107,#1504,.T.) ;
#1522=EDGE_CURVE('',#681,#878,#1521,.T.) ;
#1529=EDGE_CURVE('',#848,#1528,#1526,.T.) ;
#1534=EDGE_CURVE('',#1528,#1302,#1533,.T.) ;
#1539=EDGE_CURVE('',#1295,#1288,#1538,.F.) ;
#1577=EDGE_CURVE('',#821,#623,#1576,.F.) ;
#1589=EDGE_CURVE('',#1420,#1427,#1588,.F.) ;
#1596=EDGE_CURVE('',#1595,#1413,#1593,.T.) ;
#1601=EDGE_CURVE('',#841,#1595,#1600,.T.) ;
#1641=EDGE_CURVE('',#1640,#1204,#1634,.T.) ;
#1647=EDGE_CURVE('',#1053,#1640,#1642,.F.) ;
#1665=EDGE_CURVE('',#1406,#1127,#1659,.T.) ;
#1684=EDGE_CURVE('',#1295,#1683,#1681,.T.) ;
#1689=EDGE_CURVE('',#1288,#1683,#1688,.T.) ;
#1707=EDGE_CURVE('',#1420,#1706,#1704,.T.) ;
#1712=EDGE_CURVE('',#1427,#1706,#1711,.T.) ;
#1740=EDGE_CURVE('',#1243,#1456,#1739,.T.) ;
#1745=EDGE_CURVE('',#234,#402,#1744,.T.) ;
#1771=EDGE_CURVE('',#1045,#227,#1770,.T.) ;
#1776=EDGE_CURVE('',#1222,#1463,#1775,.T.) ;
#1846=EDGE_CURVE('',#1845,#211,#1843,.T.) ;
#1853=EDGE_CURVE('',#1852,#255,#1850,.T.) ;
#1858=EDGE_CURVE('',#1852,#1845,#1857,.T.) ;
#1870=EDGE_CURVE('',#1845,#1852,#1869,.T.) ;
#1889=EDGE_CURVE('',#175,#1888,#1886,.T.) ;
#1896=EDGE_CURVE('',#168,#1895,#1893,.T.) ;
#1901=EDGE_CURVE('',#1888,#1895,#1900,.T.) ;
#1913=EDGE_CURVE('',#1895,#1888,#1912,.T.) ;
#1932=EDGE_CURVE('',#1845,#1931,#1929,.F.) ;
#1939=EDGE_CURVE('',#1852,#1938,#1936,.F.) ;
#1944=EDGE_CURVE('',#1938,#1931,#1943,.T.) ;
#1961=EDGE_CURVE('',#1931,#1938,#1960,.T.) ;
#1978=EDGE_CURVE('',#1938,#1888,#1977,.T.) ;
#1983=EDGE_CURVE('',#1931,#1895,#1982,.T.) ;
#2016=EDGE_CURVE('',#2013,#2015,#2011,.T.) ;
#2021=EDGE_CURVE('',#2015,#2013,#2020,.T.) ;
#2040=EDGE_CURVE('',#126,#2015,#2039,.F.) ;
#2045=EDGE_CURVE('',#128,#2013,#2044,.F.) ;
#2078=EDGE_CURVE('',#2075,#2077,#2073,.T.) ;
#2083=EDGE_CURVE('',#2077,#2075,#2082,.T.) ;
#2098=EDGE_CURVE('',#41,#2077,#2097,.F.) ;
#2103=EDGE_CURVE('',#43,#2075,#2102,.F.) ;
#30=CLOSED_SHELL('Closed Shell',(#72,#103,#115,#157,#188,#200,#272,#305,#331,#357,#383,#453,#580,#719,#776,#903,#1039,#1096,#1121,#1141,#1153,#1190,#1347,#1395,#1498,#1517,#1556,#1567,#1584,#1616,#1633,#1658,#1672,#1695,#1718,#1724,#1730,#1761,#1792,#1806,#1834,#1865,#1877,#1908,#1920,#1951,#1968,#1990,#2002,#2030,#2052,#2064,#2088,#2110,#2122)) ;
#2124=SHAPE_REPRESENTATION_RELATIONSHIP(' ',' ',#19,#2123) ;
#50=EDGE_LOOP('',(#51,#52)) ;
#68=EDGE_LOOP('',(#69,#70)) ;
#97=EDGE_LOOP('',(#98,#99,#100,#101)) ;
#109=EDGE_LOOP('',(#110,#111,#112,#113)) ;
#135=EDGE_LOOP('',(#136,#137)) ;
#153=EDGE_LOOP('',(#154,#155)) ;
#182=EDGE_LOOP('',(#183,#184,#185,#186)) ;
#194=EDGE_LOOP('',(#195,#196,#197,#198)) ;
#262=EDGE_LOOP('',(#263,#264,#265,#266,#267,#268,#269,#270)) ;
#297=EDGE_LOOP('',(#298,#299,#300,#301,#302,#303)) ;
#325=EDGE_LOOP('',(#326,#327,#328,#329)) ;
#351=EDGE_LOOP('',(#352,#353,#354,#355)) ;
#377=EDGE_LOOP('',(#378,#379,#380,#381)) ;
#443=EDGE_LOOP('',(#444,#445,#446,#447,#448,#449,#450,#451)) ;
#565=EDGE_LOOP('',(#566,#567,#568,#569,#570,#571,#572,#573,#574,#575,#576,#577,#578)) ;
#704=EDGE_LOOP('',(#705,#706,#707,#708,#709,#710,#711,#712,#713,#714,#715,#716,#717)) ;
#766=EDGE_LOOP('',(#767,#768,#769,#770,#771,#772,#773,#774)) ;
#888=EDGE_LOOP('',(#889,#890,#891,#892,#893,#894,#895,#896,#897,#898,#899,#900,#901)) ;
#1024=EDGE_LOOP('',(#1025,#1026,#1027,#1028,#1029,#1030,#1031,#1032,#1033,#1034,#1035,#1036,#1037)) ;
#1086=EDGE_LOOP('',(#1087,#1088,#1089,#1090,#1091,#1092,#1093,#1094)) ;
#1115=EDGE_LOOP('',(#1116,#1117,#1118,#1119)) ;
#1135=EDGE_LOOP('',(#1136,#1137,#1138,#1139)) ;
#1147=EDGE_LOOP('',(#1148,#1149,#1150,#1151)) ;
#1180=EDGE_LOOP('',(#1181,#1182,#1183,#1184,#1185,#1186,#1187,#1188)) ;
#1321=EDGE_LOOP('',(#1322,#1323,#1324,#1325,#1326,#1327,#1328,#1329,#1330,#1331,#1332,#1333,#1334,#1335,#1336,#1337,#1338,#1339,#1340,#1341,#1342,#1343,#1344,#1345)) ;
#1384=EDGE_LOOP('',(#1385,#1386,#1387,#1388,#1389,#1390,#1391,#1392,#1393)) ;
#1480=EDGE_LOOP('',(#1481,#1482,#1483,#1484,#1485,#1486,#1487,#1488,#1489,#1490,#1491,#1492,#1493,#1494,#1495,#1496)) ;
#1511=EDGE_LOOP('',(#1512,#1513,#1514,#1515)) ;
#1540=EDGE_LOOP('',(#1541,#1542,#1543,#1544,#1545,#1546,#1547,#1548,#1549,#1550,#1551,#1552,#1553,#1554)) ;
#1557=EDGE_LOOP('',(#1558,#1559,#1560,#1561,#1562,#1563,#1564,#1565)) ;
#1578=EDGE_LOOP('',(#1579,#1580,#1581,#1582)) ;
#1602=EDGE_LOOP('',(#1603,#1604,#1605,#1606,#1607,#1608,#1609,#1610,#1611,#1612,#1613,#1614)) ;
#1622=EDGE_LOOP('',(#1623,#1624,#1625,#1626,#1627,#1628,#1629,#1630,#1631)) ;
#1648=EDGE_LOOP('',(#1649,#1650,#1651,#1652,#1653,#1654,#1655,#1656)) ;
#1666=EDGE_LOOP('',(#1667,#1668,#1669,#1670)) ;
#1690=EDGE_LOOP('',(#1691,#1692,#1693)) ;
#1713=EDGE_LOOP('',(#1714,#1715,#1716)) ;
#1719=EDGE_LOOP('',(#1720,#1721,#1722)) ;
#1725=EDGE_LOOP('',(#1726,#1727,#1728)) ;
#1746=EDGE_LOOP('',(#1747,#1748,#1749,#1750,#1751,#1752,#1753,#1754,#1755,#1756,#1757,#1758,#1759)) ;
#1777=EDGE_LOOP('',(#1778,#1779,#1780,#1781,#1782,#1783,#1784,#1785,#1786,#1787,#1788,#1789,#1790)) ;
#1798=EDGE_LOOP('',(#1799,#1800,#1801,#1802,#1803,#1804)) ;
#1812=EDGE_LOOP('',(#1813,#1814,#1815,#1816,#1817,#1818,#1819,#1820,#1821,#1822,#1823,#1824,#1825,#1826,#1827,#1828,#1829,#1830,#1831,#1832)) ;
#1859=EDGE_LOOP('',(#1860,#1861,#1862,#1863)) ;
#1871=EDGE_LOOP('',(#1872,#1873,#1874,#1875)) ;
#1902=EDGE_LOOP('',(#1903,#1904,#1905,#1906)) ;
#1914=EDGE_LOOP('',(#1915,#1916,#1917,#1918)) ;
#1945=EDGE_LOOP('',(#1946,#1947,#1948,#1949)) ;
#1962=EDGE_LOOP('',(#1963,#1964,#1965,#1966)) ;
#1984=EDGE_LOOP('',(#1985,#1986,#1987,#1988)) ;
#1996=EDGE_LOOP('',(#1997,#1998,#1999,#2000)) ;
#2022=EDGE_LOOP('',(#2023,#2024)) ;
#2026=EDGE_LOOP('',(#2027,#2028)) ;
#2046=EDGE_LOOP('',(#2047,#2048,#2049,#2050)) ;
#2058=EDGE_LOOP('',(#2059,#2060,#2061,#2062)) ;
#2084=EDGE_LOOP('',(#2085,#2086)) ;
#2104=EDGE_LOOP('',(#2105,#2106,#2107,#2108)) ;
#2116=EDGE_LOOP('',(#2117,#2118,#2119,#2120)) ;
#51=ORIENTED_EDGE('',*,*,#44,.T.) ;
#52=ORIENTED_EDGE('',*,*,#49,.T.) ;
#69=ORIENTED_EDGE('',*,*,#62,.F.) ;
#70=ORIENTED_EDGE('',*,*,#67,.F.) ;
#98=ORIENTED_EDGE('',*,*,#84,.T.) ;
#99=ORIENTED_EDGE('',*,*,#91,.F.) ;
#100=ORIENTED_EDGE('',*,*,#96,.F.) ;
#101=ORIENTED_EDGE('',*,*,#62,.T.) ;
#110=ORIENTED_EDGE('',*,*,#96,.T.) ;
#111=ORIENTED_EDGE('',*,*,#108,.F.) ;
#112=ORIENTED_EDGE('',*,*,#84,.F.) ;
#113=ORIENTED_EDGE('',*,*,#67,.T.) ;
#136=ORIENTED_EDGE('',*,*,#129,.T.) ;
#137=ORIENTED_EDGE('',*,*,#134,.T.) ;
#154=ORIENTED_EDGE('',*,*,#147,.F.) ;
#155=ORIENTED_EDGE('',*,*,#152,.F.) ;
#183=ORIENTED_EDGE('',*,*,#169,.T.) ;
#184=ORIENTED_EDGE('',*,*,#176,.F.) ;
#185=ORIENTED_EDGE('',*,*,#181,.F.) ;
#186=ORIENTED_EDGE('',*,*,#147,.T.) ;
#195=ORIENTED_EDGE('',*,*,#181,.T.) ;
#196=ORIENTED_EDGE('',*,*,#193,.F.) ;
#197=ORIENTED_EDGE('',*,*,#169,.F.) ;
#198=ORIENTED_EDGE('',*,*,#152,.T.) ;
#263=ORIENTED_EDGE('',*,*,#214,.T.) ;
#264=ORIENTED_EDGE('',*,*,#221,.T.) ;
#265=ORIENTED_EDGE('',*,*,#228,.F.) ;
#266=ORIENTED_EDGE('',*,*,#235,.T.) ;
#267=ORIENTED_EDGE('',*,*,#242,.F.) ;
#268=ORIENTED_EDGE('',*,*,#249,.T.) ;
#269=ORIENTED_EDGE('',*,*,#256,.F.) ;
#270=ORIENTED_EDGE('',*,*,#261,.T.) ;
#298=ORIENTED_EDGE('',*,*,#256,.T.) ;
#299=ORIENTED_EDGE('',*,*,#279,.T.) ;
#300=ORIENTED_EDGE('',*,*,#286,.F.) ;
#301=ORIENTED_EDGE('',*,*,#291,.T.) ;
#302=ORIENTED_EDGE('',*,*,#214,.F.) ;
#303=ORIENTED_EDGE('',*,*,#296,.T.) ;
#326=ORIENTED_EDGE('',*,*,#312,.T.) ;
#327=ORIENTED_EDGE('',*,*,#319,.F.) ;
#328=ORIENTED_EDGE('',*,*,#324,.F.) ;
#329=ORIENTED_EDGE('',*,*,#242,.T.) ;
#352=ORIENTED_EDGE('',*,*,#338,.F.) ;
#353=ORIENTED_EDGE('',*,*,#228,.T.) ;
#354=ORIENTED_EDGE('',*,*,#345,.T.) ;
#355=ORIENTED_EDGE('',*,*,#350,.F.) ;
#378=ORIENTED_EDGE('',*,*,#364,.F.) ;
#379=ORIENTED_EDGE('',*,*,#286,.T.) ;
#380=ORIENTED_EDGE('',*,*,#371,.T.) ;
#381=ORIENTED_EDGE('',*,*,#376,.F.) ;
#444=ORIENTED_EDGE('',*,*,#397,.T.) ;
#445=ORIENTED_EDGE('',*,*,#403,.T.) ;
#446=ORIENTED_EDGE('',*,*,#410,.F.) ;
#447=ORIENTED_EDGE('',*,*,#417,.F.) ;
#448=ORIENTED_EDGE('',*,*,#424,.F.) ;
#449=ORIENTED_EDGE('',*,*,#430,.T.) ;
#450=ORIENTED_EDGE('',*,*,#437,.T.) ;
#451=ORIENTED_EDGE('',*,*,#442,.F.) ;
#566=ORIENTED_EDGE('',*,*,#470,.T.) ;
#567=ORIENTED_EDGE('',*,*,#480,.F.) ;
#568=ORIENTED_EDGE('',*,*,#488,.F.) ;
#569=ORIENTED_EDGE('',*,*,#430,.F.) ;
#570=ORIENTED_EDGE('',*,*,#493,.F.) ;
#571=ORIENTED_EDGE('',*,*,#324,.T.) ;
#572=ORIENTED_EDGE('',*,*,#503,.T.) ;
#573=ORIENTED_EDGE('',*,*,#519,.F.) ;
#574=ORIENTED_EDGE('',*,*,#529,.F.) ;
#575=ORIENTED_EDGE('',*,*,#539,.F.) ;
#576=ORIENTED_EDGE('',*,*,#546,.T.) ;
#577=ORIENTED_EDGE('',*,*,#556,.T.) ;
#578=ORIENTED_EDGE('',*,*,#564,.F.) ;
#705=ORIENTED_EDGE('',*,*,#597,.F.) ;
#706=ORIENTED_EDGE('',*,*,#604,.F.) ;
#707=ORIENTED_EDGE('',*,*,#614,.F.) ;
#708=ORIENTED_EDGE('',*,*,#624,.T.) ;
#709=ORIENTED_EDGE('',*,*,#640,.T.) ;
#710=ORIENTED_EDGE('',*,*,#648,.F.) ;
#711=ORIENTED_EDGE('',*,*,#371,.F.) ;
#712=ORIENTED_EDGE('',*,*,#655,.F.) ;
#713=ORIENTED_EDGE('',*,*,#662,.F.) ;
#714=ORIENTED_EDGE('',*,*,#672,.F.) ;
#715=ORIENTED_EDGE('',*,*,#682,.T.) ;
#716=ORIENTED_EDGE('',*,*,#692,.F.) ;
#717=ORIENTED_EDGE('',*,*,#703,.F.) ;
#767=ORIENTED_EDGE('',*,*,#726,.T.) ;
#768=ORIENTED_EDGE('',*,*,#662,.T.) ;
#769=ORIENTED_EDGE('',*,*,#733,.F.) ;
#770=ORIENTED_EDGE('',*,*,#740,.F.) ;
#771=ORIENTED_EDGE('',*,*,#747,.F.) ;
#772=ORIENTED_EDGE('',*,*,#753,.T.) ;
#773=ORIENTED_EDGE('',*,*,#760,.T.) ;
#774=ORIENTED_EDGE('',*,*,#765,.F.) ;
#889=ORIENTED_EDGE('',*,*,#791,.F.) ;
#890=ORIENTED_EDGE('',*,*,#753,.F.) ;
#891=ORIENTED_EDGE('',*,*,#796,.F.) ;
#892=ORIENTED_EDGE('',*,*,#364,.T.) ;
#893=ORIENTED_EDGE('',*,*,#806,.T.) ;
#894=ORIENTED_EDGE('',*,*,#822,.F.) ;
#895=ORIENTED_EDGE('',*,*,#832,.F.) ;
#896=ORIENTED_EDGE('',*,*,#842,.F.) ;
#897=ORIENTED_EDGE('',*,*,#849,.F.) ;
#898=ORIENTED_EDGE('',*,*,#859,.T.) ;
#899=ORIENTED_EDGE('',*,*,#869,.F.) ;
#900=ORIENTED_EDGE('',*,*,#879,.T.) ;
#901=ORIENTED_EDGE('',*,*,#887,.F.) ;
#1025=ORIENTED_EDGE('',*,*,#920,.F.) ;
#1026=ORIENTED_EDGE('',*,*,#927,.T.) ;
#1027=ORIENTED_EDGE('',*,*,#937,.F.) ;
#1028=ORIENTED_EDGE('',*,*,#947,.T.) ;
#1029=ORIENTED_EDGE('',*,*,#963,.T.) ;
#1030=ORIENTED_EDGE('',*,*,#971,.F.) ;
#1031=ORIENTED_EDGE('',*,*,#345,.F.) ;
#1032=ORIENTED_EDGE('',*,*,#978,.F.) ;
#1033=ORIENTED_EDGE('',*,*,#985,.F.) ;
#1034=ORIENTED_EDGE('',*,*,#995,.F.) ;
#1035=ORIENTED_EDGE('',*,*,#1005,.T.) ;
#1036=ORIENTED_EDGE('',*,*,#1015,.F.) ;
#1037=ORIENTED_EDGE('',*,*,#1023,.F.) ;
#1087=ORIENTED_EDGE('',*,*,#1048,.F.) ;
#1088=ORIENTED_EDGE('',*,*,#1054,.T.) ;
#1089=ORIENTED_EDGE('',*,*,#1061,.T.) ;
#1090=ORIENTED_EDGE('',*,*,#1068,.F.) ;
#1091=ORIENTED_EDGE('',*,*,#1073,.T.) ;
#1092=ORIENTED_EDGE('',*,*,#985,.T.) ;
#1093=ORIENTED_EDGE('',*,*,#1080,.F.) ;
#1094=ORIENTED_EDGE('',*,*,#1085,.F.) ;
#1116=ORIENTED_EDGE('',*,*,#1108,.F.) ;
#1117=ORIENTED_EDGE('',*,*,#503,.F.) ;
#1118=ORIENTED_EDGE('',*,*,#319,.T.) ;
#1119=ORIENTED_EDGE('',*,*,#1114,.T.) ;
#1136=ORIENTED_EDGE('',*,*,#350,.T.) ;
#1137=ORIENTED_EDGE('',*,*,#971,.T.) ;
#1138=ORIENTED_EDGE('',*,*,#1128,.F.) ;
#1139=ORIENTED_EDGE('',*,*,#1134,.F.) ;
#1148=ORIENTED_EDGE('',*,*,#1146,.F.) ;
#1149=ORIENTED_EDGE('',*,*,#806,.F.) ;
#1150=ORIENTED_EDGE('',*,*,#376,.T.) ;
#1151=ORIENTED_EDGE('',*,*,#648,.T.) ;
#1181=ORIENTED_EDGE('',*,*,#1168,.F.) ;
#1182=ORIENTED_EDGE('',*,*,#1174,.T.) ;
#1183=ORIENTED_EDGE('',*,*,#397,.F.) ;
#1184=ORIENTED_EDGE('',*,*,#442,.T.) ;
#1185=ORIENTED_EDGE('',*,*,#437,.F.) ;
#1186=ORIENTED_EDGE('',*,*,#488,.T.) ;
#1187=ORIENTED_EDGE('',*,*,#480,.T.) ;
#1188=ORIENTED_EDGE('',*,*,#1179,.F.) ;
#1322=ORIENTED_EDGE('',*,*,#1205,.F.) ;
#1323=ORIENTED_EDGE('',*,*,#1215,.T.) ;
#1324=ORIENTED_EDGE('',*,*,#1223,.F.) ;
#1325=ORIENTED_EDGE('',*,*,#1230,.T.) ;
#1326=ORIENTED_EDGE('',*,*,#1237,.T.) ;
#1327=ORIENTED_EDGE('',*,*,#1244,.T.) ;
#1328=ORIENTED_EDGE('',*,*,#1252,.T.) ;
#1329=ORIENTED_EDGE('',*,*,#1262,.T.) ;
#1330=ORIENTED_EDGE('',*,*,#1268,.T.) ;
#1331=ORIENTED_EDGE('',*,*,#1179,.T.) ;
#1332=ORIENTED_EDGE('',*,*,#470,.F.) ;
#1333=ORIENTED_EDGE('',*,*,#564,.T.) ;
#1334=ORIENTED_EDGE('',*,*,#556,.F.) ;
#1335=ORIENTED_EDGE('',*,*,#1275,.T.) ;
#1336=ORIENTED_EDGE('',*,*,#1282,.T.) ;
#1337=ORIENTED_EDGE('',*,*,#1289,.F.) ;
#1338=ORIENTED_EDGE('',*,*,#1296,.T.) ;
#1339=ORIENTED_EDGE('',*,*,#1303,.T.) ;
#1340=ORIENTED_EDGE('',*,*,#1310,.T.) ;
#1341=ORIENTED_EDGE('',*,*,#1315,.T.) ;
#1342=ORIENTED_EDGE('',*,*,#920,.T.) ;
#1343=ORIENTED_EDGE('',*,*,#1023,.T.) ;
#1344=ORIENTED_EDGE('',*,*,#1015,.T.) ;
#1345=ORIENTED_EDGE('',*,*,#1320,.T.) ;
#1385=ORIENTED_EDGE('',*,*,#604,.T.) ;
#1386=ORIENTED_EDGE('',*,*,#1359,.F.) ;
#1387=ORIENTED_EDGE('',*,*,#1364,.F.) ;
#1388=ORIENTED_EDGE('',*,*,#1282,.F.) ;
#1389=ORIENTED_EDGE('',*,*,#1275,.F.) ;
#1390=ORIENTED_EDGE('',*,*,#546,.F.) ;
#1391=ORIENTED_EDGE('',*,*,#1371,.T.) ;
#1392=ORIENTED_EDGE('',*,*,#1378,.T.) ;
#1393=ORIENTED_EDGE('',*,*,#1383,.T.) ;
#1481=ORIENTED_EDGE('',*,*,#1407,.T.) ;
#1482=ORIENTED_EDGE('',*,*,#947,.F.) ;
#1483=ORIENTED_EDGE('',*,*,#937,.T.) ;
#1484=ORIENTED_EDGE('',*,*,#1414,.F.) ;
#1485=ORIENTED_EDGE('',*,*,#1421,.T.) ;
#1486=ORIENTED_EDGE('',*,*,#1428,.F.) ;
#1487=ORIENTED_EDGE('',*,*,#1433,.F.) ;
#1488=ORIENTED_EDGE('',*,*,#1371,.F.) ;
#1489=ORIENTED_EDGE('',*,*,#539,.T.) ;
#1490=ORIENTED_EDGE('',*,*,#529,.T.) ;
#1491=ORIENTED_EDGE('',*,*,#1440,.T.) ;
#1492=ORIENTED_EDGE('',*,*,#1449,.F.) ;
#1493=ORIENTED_EDGE('',*,*,#1457,.T.) ;
#1494=ORIENTED_EDGE('',*,*,#1464,.F.) ;
#1495=ORIENTED_EDGE('',*,*,#1472,.T.) ;
#1496=ORIENTED_EDGE('',*,*,#1479,.T.) ;
#1512=ORIENTED_EDGE('',*,*,#1440,.F.) ;
#1513=ORIENTED_EDGE('',*,*,#519,.T.) ;
#1514=ORIENTED_EDGE('',*,*,#1108,.T.) ;
#1515=ORIENTED_EDGE('',*,*,#1510,.F.) ;
#1541=ORIENTED_EDGE('',*,*,#692,.T.) ;
#1542=ORIENTED_EDGE('',*,*,#1522,.T.) ;
#1543=ORIENTED_EDGE('',*,*,#879,.F.) ;
#1544=ORIENTED_EDGE('',*,*,#869,.T.) ;
#1545=ORIENTED_EDGE('',*,*,#859,.F.) ;
#1546=ORIENTED_EDGE('',*,*,#1529,.T.) ;
#1547=ORIENTED_EDGE('',*,*,#1534,.T.) ;
#1548=ORIENTED_EDGE('',*,*,#1303,.F.) ;
#1549=ORIENTED_EDGE('',*,*,#1539,.T.) ;
#1550=ORIENTED_EDGE('',*,*,#1289,.T.) ;
#1551=ORIENTED_EDGE('',*,*,#1364,.T.) ;
#1552=ORIENTED_EDGE('',*,*,#1359,.T.) ;
#1553=ORIENTED_EDGE('',*,*,#597,.T.) ;
#1554=ORIENTED_EDGE('',*,*,#703,.T.) ;
#1558=ORIENTED_EDGE('',*,*,#682,.F.) ;
#1559=ORIENTED_EDGE('',*,*,#672,.T.) ;
#1560=ORIENTED_EDGE('',*,*,#726,.F.) ;
#1561=ORIENTED_EDGE('',*,*,#765,.T.) ;
#1562=ORIENTED_EDGE('',*,*,#760,.F.) ;
#1563=ORIENTED_EDGE('',*,*,#791,.T.) ;
#1564=ORIENTED_EDGE('',*,*,#887,.T.) ;
#1565=ORIENTED_EDGE('',*,*,#1522,.F.) ;
#1579=ORIENTED_EDGE('',*,*,#1577,.F.) ;
#1580=ORIENTED_EDGE('',*,*,#822,.T.) ;
#1581=ORIENTED_EDGE('',*,*,#1146,.T.) ;
#1582=ORIENTED_EDGE('',*,*,#640,.F.) ;
#1603=ORIENTED_EDGE('',*,*,#614,.T.) ;
#1604=ORIENTED_EDGE('',*,*,#1383,.F.) ;
#1605=ORIENTED_EDGE('',*,*,#1378,.F.) ;
#1606=ORIENTED_EDGE('',*,*,#1433,.T.) ;
#1607=ORIENTED_EDGE('',*,*,#1589,.F.) ;
#1608=ORIENTED_EDGE('',*,*,#1421,.F.) ;
#1609=ORIENTED_EDGE('',*,*,#1596,.F.) ;
#1610=ORIENTED_EDGE('',*,*,#1601,.F.) ;
#1611=ORIENTED_EDGE('',*,*,#842,.T.) ;
#1612=ORIENTED_EDGE('',*,*,#832,.T.) ;
#1613=ORIENTED_EDGE('',*,*,#1577,.T.) ;
#1614=ORIENTED_EDGE('',*,*,#624,.F.) ;
#1623=ORIENTED_EDGE('',*,*,#849,.T.) ;
#1624=ORIENTED_EDGE('',*,*,#1601,.T.) ;
#1625=ORIENTED_EDGE('',*,*,#1596,.T.) ;
#1626=ORIENTED_EDGE('',*,*,#1414,.T.) ;
#1627=ORIENTED_EDGE('',*,*,#927,.F.) ;
#1628=ORIENTED_EDGE('',*,*,#1315,.F.) ;
#1629=ORIENTED_EDGE('',*,*,#1310,.F.) ;
#1630=ORIENTED_EDGE('',*,*,#1534,.F.) ;
#1631=ORIENTED_EDGE('',*,*,#1529,.F.) ;
#1649=ORIENTED_EDGE('',*,*,#1641,.T.) ;
#1650=ORIENTED_EDGE('',*,*,#1320,.F.) ;
#1651=ORIENTED_EDGE('',*,*,#1005,.F.) ;
#1652=ORIENTED_EDGE('',*,*,#995,.T.) ;
#1653=ORIENTED_EDGE('',*,*,#1073,.F.) ;
#1654=ORIENTED_EDGE('',*,*,#1068,.T.) ;
#1655=ORIENTED_EDGE('',*,*,#1061,.F.) ;
#1656=ORIENTED_EDGE('',*,*,#1647,.T.) ;
#1667=ORIENTED_EDGE('',*,*,#1128,.T.) ;
#1668=ORIENTED_EDGE('',*,*,#963,.F.) ;
#1669=ORIENTED_EDGE('',*,*,#1407,.F.) ;
#1670=ORIENTED_EDGE('',*,*,#1665,.T.) ;
#1691=ORIENTED_EDGE('',*,*,#1684,.F.) ;
#1692=ORIENTED_EDGE('',*,*,#1296,.F.) ;
#1693=ORIENTED_EDGE('',*,*,#1689,.T.) ;
#1714=ORIENTED_EDGE('',*,*,#1707,.T.) ;
#1715=ORIENTED_EDGE('',*,*,#1712,.F.) ;
#1716=ORIENTED_EDGE('',*,*,#1428,.T.) ;
#1720=ORIENTED_EDGE('',*,*,#1689,.F.) ;
#1721=ORIENTED_EDGE('',*,*,#1539,.F.) ;
#1722=ORIENTED_EDGE('',*,*,#1684,.T.) ;
#1726=ORIENTED_EDGE('',*,*,#1712,.T.) ;
#1727=ORIENTED_EDGE('',*,*,#1707,.F.) ;
#1728=ORIENTED_EDGE('',*,*,#1589,.T.) ;
#1747=ORIENTED_EDGE('',*,*,#1740,.T.) ;
#1748=ORIENTED_EDGE('',*,*,#1457,.F.) ;
#1749=ORIENTED_EDGE('',*,*,#1449,.T.) ;
#1750=ORIENTED_EDGE('',*,*,#1510,.T.) ;
#1751=ORIENTED_EDGE('',*,*,#1114,.F.) ;
#1752=ORIENTED_EDGE('',*,*,#312,.F.) ;
#1753=ORIENTED_EDGE('',*,*,#1745,.T.) ;
#1754=ORIENTED_EDGE('',*,*,#403,.F.) ;
#1755=ORIENTED_EDGE('',*,*,#1174,.F.) ;
#1756=ORIENTED_EDGE('',*,*,#1168,.T.) ;
#1757=ORIENTED_EDGE('',*,*,#1268,.F.) ;
#1758=ORIENTED_EDGE('',*,*,#1262,.F.) ;
#1759=ORIENTED_EDGE('',*,*,#1252,.F.) ;
#1778=ORIENTED_EDGE('',*,*,#1647,.F.) ;
#1779=ORIENTED_EDGE('',*,*,#1054,.F.) ;
#1780=ORIENTED_EDGE('',*,*,#1771,.T.) ;
#1781=ORIENTED_EDGE('',*,*,#338,.T.) ;
#1782=ORIENTED_EDGE('',*,*,#1134,.T.) ;
#1783=ORIENTED_EDGE('',*,*,#1665,.F.) ;
#1784=ORIENTED_EDGE('',*,*,#1479,.F.) ;
#1785=ORIENTED_EDGE('',*,*,#1472,.F.) ;
#1786=ORIENTED_EDGE('',*,*,#1776,.F.) ;
#1787=ORIENTED_EDGE('',*,*,#1223,.T.) ;
#1788=ORIENTED_EDGE('',*,*,#1215,.F.) ;
#1789=ORIENTED_EDGE('',*,*,#1205,.T.) ;
#1790=ORIENTED_EDGE('',*,*,#1641,.F.) ;
#1799=ORIENTED_EDGE('',*,*,#1237,.F.) ;
#1800=ORIENTED_EDGE('',*,*,#1230,.F.) ;
#1801=ORIENTED_EDGE('',*,*,#1776,.T.) ;
#1802=ORIENTED_EDGE('',*,*,#1464,.T.) ;
#1803=ORIENTED_EDGE('',*,*,#1740,.F.) ;
#1804=ORIENTED_EDGE('',*,*,#1244,.F.) ;
#1813=ORIENTED_EDGE('',*,*,#1745,.F.) ;
#1814=ORIENTED_EDGE('',*,*,#235,.F.) ;
#1815=ORIENTED_EDGE('',*,*,#1771,.F.) ;
#1816=ORIENTED_EDGE('',*,*,#1048,.T.) ;
#1817=ORIENTED_EDGE('',*,*,#1085,.T.) ;
#1818=ORIENTED_EDGE('',*,*,#1080,.T.) ;
#1819=ORIENTED_EDGE('',*,*,#978,.T.) ;
#1820=ORIENTED_EDGE('',*,*,#221,.F.) ;
#1821=ORIENTED_EDGE('',*,*,#291,.F.) ;
#1822=ORIENTED_EDGE('',*,*,#796,.T.) ;
#1823=ORIENTED_EDGE('',*,*,#747,.T.) ;
#1824=ORIENTED_EDGE('',*,*,#740,.T.) ;
#1825=ORIENTED_EDGE('',*,*,#733,.T.) ;
#1826=ORIENTED_EDGE('',*,*,#655,.T.) ;
#1827=ORIENTED_EDGE('',*,*,#279,.F.) ;
#1828=ORIENTED_EDGE('',*,*,#249,.F.) ;
#1829=ORIENTED_EDGE('',*,*,#493,.T.) ;
#1830=ORIENTED_EDGE('',*,*,#424,.T.) ;
#1831=ORIENTED_EDGE('',*,*,#417,.T.) ;
#1832=ORIENTED_EDGE('',*,*,#410,.T.) ;
#1860=ORIENTED_EDGE('',*,*,#1846,.T.) ;
#1861=ORIENTED_EDGE('',*,*,#261,.F.) ;
#1862=ORIENTED_EDGE('',*,*,#1853,.F.) ;
#1863=ORIENTED_EDGE('',*,*,#1858,.T.) ;
#1872=ORIENTED_EDGE('',*,*,#1853,.T.) ;
#1873=ORIENTED_EDGE('',*,*,#296,.F.) ;
#1874=ORIENTED_EDGE('',*,*,#1846,.F.) ;
#1875=ORIENTED_EDGE('',*,*,#1870,.T.) ;
#1903=ORIENTED_EDGE('',*,*,#1889,.F.) ;
#1904=ORIENTED_EDGE('',*,*,#176,.T.) ;
#1905=ORIENTED_EDGE('',*,*,#1896,.T.) ;
#1906=ORIENTED_EDGE('',*,*,#1901,.F.) ;
#1915=ORIENTED_EDGE('',*,*,#1896,.F.) ;
#1916=ORIENTED_EDGE('',*,*,#193,.T.) ;
#1917=ORIENTED_EDGE('',*,*,#1889,.T.) ;
#1918=ORIENTED_EDGE('',*,*,#1913,.F.) ;
#1946=ORIENTED_EDGE('',*,*,#1932,.F.) ;
#1947=ORIENTED_EDGE('',*,*,#1858,.F.) ;
#1948=ORIENTED_EDGE('',*,*,#1939,.T.) ;
#1949=ORIENTED_EDGE('',*,*,#1944,.T.) ;
#1963=ORIENTED_EDGE('',*,*,#1939,.F.) ;
#1964=ORIENTED_EDGE('',*,*,#1870,.F.) ;
#1965=ORIENTED_EDGE('',*,*,#1932,.T.) ;
#1966=ORIENTED_EDGE('',*,*,#1961,.T.) ;
#1985=ORIENTED_EDGE('',*,*,#1978,.T.) ;
#1986=ORIENTED_EDGE('',*,*,#1901,.T.) ;
#1987=ORIENTED_EDGE('',*,*,#1983,.F.) ;
#1988=ORIENTED_EDGE('',*,*,#1944,.F.) ;
#1997=ORIENTED_EDGE('',*,*,#1983,.T.) ;
#1998=ORIENTED_EDGE('',*,*,#1913,.T.) ;
#1999=ORIENTED_EDGE('',*,*,#1978,.F.) ;
#2000=ORIENTED_EDGE('',*,*,#1961,.F.) ;
#2023=ORIENTED_EDGE('',*,*,#2016,.F.) ;
#2024=ORIENTED_EDGE('',*,*,#2021,.F.) ;
#2027=ORIENTED_EDGE('',*,*,#108,.T.) ;
#2028=ORIENTED_EDGE('',*,*,#91,.T.) ;
#2047=ORIENTED_EDGE('',*,*,#2040,.T.) ;
#2048=ORIENTED_EDGE('',*,*,#2021,.T.) ;
#2049=ORIENTED_EDGE('',*,*,#2045,.F.) ;
#2050=ORIENTED_EDGE('',*,*,#129,.F.) ;
#2059=ORIENTED_EDGE('',*,*,#2045,.T.) ;
#2060=ORIENTED_EDGE('',*,*,#2016,.T.) ;
#2061=ORIENTED_EDGE('',*,*,#2040,.F.) ;
#2062=ORIENTED_EDGE('',*,*,#134,.F.) ;
#2085=ORIENTED_EDGE('',*,*,#2078,.F.) ;
#2086=ORIENTED_EDGE('',*,*,#2083,.F.) ;
#2105=ORIENTED_EDGE('',*,*,#2098,.T.) ;
#2106=ORIENTED_EDGE('',*,*,#2083,.T.) ;
#2107=ORIENTED_EDGE('',*,*,#2103,.F.) ;
#2108=ORIENTED_EDGE('',*,*,#44,.F.) ;
#2117=ORIENTED_EDGE('',*,*,#2103,.T.) ;
#2118=ORIENTED_EDGE('',*,*,#2078,.T.) ;
#2119=ORIENTED_EDGE('',*,*,#2098,.F.) ;
#2120=ORIENTED_EDGE('',*,*,#49,.F.) ;
#21=MANIFOLD_SOLID_BREP('Body.2',#30) ;
#41=VERTEX_POINT('',#40) ;
#43=VERTEX_POINT('',#42) ;
#59=VERTEX_POINT('',#58) ;
#61=VERTEX_POINT('',#60) ;
#83=VERTEX_POINT('',#82) ;
#90=VERTEX_POINT('',#89) ;
#126=VERTEX_POINT('',#125) ;
#128=VERTEX_POINT('',#127) ;
#144=VERTEX_POINT('',#143) ;
#146=VERTEX_POINT('',#145) ;
#168=VERTEX_POINT('',#167) ;
#175=VERTEX_POINT('',#174) ;
#211=VERTEX_POINT('',#210) ;
#213=VERTEX_POINT('',#212) ;
#220=VERTEX_POINT('',#219) ;
#227=VERTEX_POINT('',#226) ;
#234=VERTEX_POINT('',#233) ;
#241=VERTEX_POINT('',#240) ;
#248=VERTEX_POINT('',#247) ;
#255=VERTEX_POINT('',#254) ;
#278=VERTEX_POINT('',#277) ;
#285=VERTEX_POINT('',#284) ;
#311=VERTEX_POINT('',#310) ;
#318=VERTEX_POINT('',#317) ;
#337=VERTEX_POINT('',#336) ;
#344=VERTEX_POINT('',#343) ;
#363=VERTEX_POINT('',#362) ;
#370=VERTEX_POINT('',#369) ;
#394=VERTEX_POINT('',#393) ;
#396=VERTEX_POINT('',#395) ;
#402=VERTEX_POINT('',#401) ;
#409=VERTEX_POINT('',#408) ;
#416=VERTEX_POINT('',#415) ;
#423=VERTEX_POINT('',#422) ;
#429=VERTEX_POINT('',#428) ;
#436=VERTEX_POINT('',#435) ;
#467=VERTEX_POINT('',#466) ;
#469=VERTEX_POINT('',#468) ;
#479=VERTEX_POINT('',#478) ;
#502=VERTEX_POINT('',#501) ;
#518=VERTEX_POINT('',#517) ;
#528=VERTEX_POINT('',#527) ;
#538=VERTEX_POINT('',#537) ;
#545=VERTEX_POINT('',#544) ;
#555=VERTEX_POINT('',#554) ;
#594=VERTEX_POINT('',#593) ;
#596=VERTEX_POINT('',#595) ;
#603=VERTEX_POINT('',#602) ;
#613=VERTEX_POINT('',#612) ;
#623=VERTEX_POINT('',#622) ;
#639=VERTEX_POINT('',#638) ;
#654=VERTEX_POINT('',#653) ;
#661=VERTEX_POINT('',#660) ;
#671=VERTEX_POINT('',#670) ;
#681=VERTEX_POINT('',#680) ;
#691=VERTEX_POINT('',#690) ;
#725=VERTEX_POINT('',#724) ;
#732=VERTEX_POINT('',#731) ;
#739=VERTEX_POINT('',#738) ;
#746=VERTEX_POINT('',#745) ;
#752=VERTEX_POINT('',#751) ;
#759=VERTEX_POINT('',#758) ;
#790=VERTEX_POINT('',#789) ;
#805=VERTEX_POINT('',#804) ;
#821=VERTEX_POINT('',#820) ;
#831=VERTEX_POINT('',#830) ;
#841=VERTEX_POINT('',#840) ;
#848=VERTEX_POINT('',#847) ;
#858=VERTEX_POINT('',#857) ;
#868=VERTEX_POINT('',#867) ;
#878=VERTEX_POINT('',#877) ;
#917=VERTEX_POINT('',#916) ;
#919=VERTEX_POINT('',#918) ;
#926=VERTEX_POINT('',#925) ;
#936=VERTEX_POINT('',#935) ;
#946=VERTEX_POINT('',#945) ;
#962=VERTEX_POINT('',#961) ;
#977=VERTEX_POINT('',#976) ;
#984=VERTEX_POINT('',#983) ;
#994=VERTEX_POINT('',#993) ;
#1004=VERTEX_POINT('',#1003) ;
#1014=VERTEX_POINT('',#1013) ;
#1045=VERTEX_POINT('',#1044) ;
#1047=VERTEX_POINT('',#1046) ;
#1053=VERTEX_POINT('',#1052) ;
#1060=VERTEX_POINT('',#1059) ;
#1067=VERTEX_POINT('',#1066) ;
#1079=VERTEX_POINT('',#1078) ;
#1107=VERTEX_POINT('',#1106) ;
#1127=VERTEX_POINT('',#1126) ;
#1165=VERTEX_POINT('',#1164) ;
#1167=VERTEX_POINT('',#1166) ;
#1202=VERTEX_POINT('',#1201) ;
#1204=VERTEX_POINT('',#1203) ;
#1214=VERTEX_POINT('',#1213) ;
#1222=VERTEX_POINT('',#1221) ;
#1229=VERTEX_POINT('',#1228) ;
#1236=VERTEX_POINT('',#1235) ;
#1243=VERTEX_POINT('',#1242) ;
#1251=VERTEX_POINT('',#1250) ;
#1261=VERTEX_POINT('',#1260) ;
#1274=VERTEX_POINT('',#1273) ;
#1281=VERTEX_POINT('',#1280) ;
#1288=VERTEX_POINT('',#1287) ;
#1295=VERTEX_POINT('',#1294) ;
#1302=VERTEX_POINT('',#1301) ;
#1309=VERTEX_POINT('',#1308) ;
#1358=VERTEX_POINT('',#1357) ;
#1370=VERTEX_POINT('',#1369) ;
#1377=VERTEX_POINT('',#1376) ;
#1406=VERTEX_POINT('',#1405) ;
#1413=VERTEX_POINT('',#1412) ;
#1420=VERTEX_POINT('',#1419) ;
#1427=VERTEX_POINT('',#1426) ;
#1439=VERTEX_POINT('',#1438) ;
#1448=VERTEX_POINT('',#1447) ;
#1456=VERTEX_POINT('',#1455) ;
#1463=VERTEX_POINT('',#1462) ;
#1471=VERTEX_POINT('',#1470) ;
#1528=VERTEX_POINT('',#1527) ;
#1595=VERTEX_POINT('',#1594) ;
#1640=VERTEX_POINT('',#1639) ;
#1683=VERTEX_POINT('',#1682) ;
#1706=VERTEX_POINT('',#1705) ;
#1845=VERTEX_POINT('',#1844) ;
#1852=VERTEX_POINT('',#1851) ;
#1888=VERTEX_POINT('',#1887) ;
#1895=VERTEX_POINT('',#1894) ;
#1931=VERTEX_POINT('',#1930) ;
#1938=VERTEX_POINT('',#1937) ;
#2013=VERTEX_POINT('',#2012) ;
#2015=VERTEX_POINT('',#2014) ;
#2075=VERTEX_POINT('',#2074) ;
#2077=VERTEX_POINT('',#2076) ;
#2123=ADVANCED_BREP_SHAPE_REPRESENTATION('NONE',(#21),#16) ;
#72=ADVANCED_FACE('Body.2',(#53,#71),#35,.T.) ;
#103=ADVANCED_FACE('Body.2',(#102),#77,.T.) ;
#115=ADVANCED_FACE('Body.2',(#114),#77,.T.) ;
#157=ADVANCED_FACE('Body.2',(#138,#156),#120,.T.) ;
#188=ADVANCED_FACE('Body.2',(#187),#162,.T.) ;
#200=ADVANCED_FACE('Body.2',(#199),#162,.T.) ;
#272=ADVANCED_FACE('Body.2',(#271),#205,.F.) ;
#305=ADVANCED_FACE('Body.2',(#304),#205,.F.) ;
#331=ADVANCED_FACE('Body.2',(#330),#162,.T.) ;
#357=ADVANCED_FACE('Body.2',(#356),#162,.T.) ;
#383=ADVANCED_FACE('Body.2',(#382),#162,.T.) ;
#453=ADVANCED_FACE('Body.2',(#452),#388,.F.) ;
#580=ADVANCED_FACE('Body.2',(#579),#458,.F.) ;
#719=ADVANCED_FACE('Body.2',(#718),#585,.F.) ;
#776=ADVANCED_FACE('Body.2',(#775),#388,.F.) ;
#903=ADVANCED_FACE('Body.2',(#902),#781,.F.) ;
#1039=ADVANCED_FACE('Body.2',(#1038),#908,.F.) ;
#1096=ADVANCED_FACE('Body.2',(#1095),#388,.F.) ;
#1121=ADVANCED_FACE('Body.2',(#1120),#1101,.T.) ;
#1141=ADVANCED_FACE('Body.2',(#1140),#1101,.T.) ;
#1153=ADVANCED_FACE('Body.2',(#1152),#1101,.T.) ;
#1190=ADVANCED_FACE('Body.2',(#1189),#1158,.F.) ;
#1347=ADVANCED_FACE('Body.2',(#1346),#1195,.F.) ;
#1395=ADVANCED_FACE('Body.2',(#1394),#1352,.T.) ;
#1498=ADVANCED_FACE('Body.2',(#1497),#1400,.T.) ;
#1517=ADVANCED_FACE('Body.2',(#1516),#1503,.T.) ;
#1556=ADVANCED_FACE('Body.2',(#1555),#1195,.F.) ;
#1567=ADVANCED_FACE('Body.2',(#1566),#1158,.F.) ;
#1584=ADVANCED_FACE('Body.2',(#1583),#1572,.T.) ;
#1616=ADVANCED_FACE('Body.2',(#1615),#1400,.T.) ;
#1633=ADVANCED_FACE('Body.2',(#1632),#1621,.T.) ;
#1658=ADVANCED_FACE('Body.2',(#1657),#1158,.F.) ;
#1672=ADVANCED_FACE('Body.2',(#1671),#1503,.T.) ;
#1695=ADVANCED_FACE('Body.2',(#1694),#1677,.F.) ;
#1718=ADVANCED_FACE('Body.2',(#1717),#1700,.T.) ;
#1724=ADVANCED_FACE('Body.2',(#1723),#1677,.F.) ;
#1730=ADVANCED_FACE('Body.2',(#1729),#1700,.T.) ;
#1761=ADVANCED_FACE('Body.2',(#1760),#1735,.T.) ;
#1792=ADVANCED_FACE('Body.2',(#1791),#1766,.F.) ;
#1806=ADVANCED_FACE('Body.2',(#1805),#1797,.T.) ;
#1834=ADVANCED_FACE('Body.2',(#1833),#1811,.F.) ;
#1865=ADVANCED_FACE('Body.2',(#1864),#1839,.T.) ;
#1877=ADVANCED_FACE('Body.2',(#1876),#1839,.T.) ;
#1908=ADVANCED_FACE('Body.2',(#1907),#1882,.T.) ;
#1920=ADVANCED_FACE('Body.2',(#1919),#1882,.T.) ;
#1951=ADVANCED_FACE('Body.2',(#1950),#1925,.T.) ;
#1968=ADVANCED_FACE('Body.2',(#1967),#1956,.T.) ;
#1990=ADVANCED_FACE('Body.2',(#1989),#1973,.T.) ;
#2002=ADVANCED_FACE('Body.2',(#2001),#1995,.T.) ;
#2030=ADVANCED_FACE('Body.2',(#2025,#2029),#2007,.F.) ;
#2052=ADVANCED_FACE('Body.2',(#2051),#2035,.T.) ;
#2064=ADVANCED_FACE('Body.2',(#2063),#2057,.T.) ;
#2088=ADVANCED_FACE('Body.2',(#2087),#2069,.F.) ;
#2110=ADVANCED_FACE('Body.2',(#2109),#2093,.T.) ;
#2122=ADVANCED_FACE('Body.2',(#2121),#2115,.T.) ;
#4=APPLICATION_PROTOCOL_DEFINITION('international standard','ap242_managed_model_based_3d_engineering',2014,#1) ;
#398=B_SPLINE_CURVE_WITH_KNOTS('',1,(#399,#400),.UNSPECIFIED.,.F.,.U.,(2,2),(-10.7402430012,-8.25975699878),.UNSPECIFIED.) ;
#425=B_SPLINE_CURVE_WITH_KNOTS('',1,(#426,#427),.UNSPECIFIED.,.F.,.U.,(2,2),(-15.7402430012,-13.2597569988),.UNSPECIFIED.) ;
#459=B_SPLINE_CURVE_WITH_KNOTS('',5,(#460,#461,#462,#463,#464,#465),.UNSPECIFIED.,.F.,.U.,(6,6),(9.15376803675,9.77914192853),.UNSPECIFIED.) ;
#471=B_SPLINE_CURVE_WITH_KNOTS('',5,(#472,#473,#474,#475,#476,#477),.UNSPECIFIED.,.F.,.U.,(6,6),(1.83685965779,2.04566774266),.UNSPECIFIED.) ;
#481=B_SPLINE_CURVE_WITH_KNOTS('',5,(#482,#483,#484,#485,#486,#487),.UNSPECIFIED.,.F.,.U.,(6,6),(0.,1.84133067757),.UNSPECIFIED.) ;
#494=B_SPLINE_CURVE_WITH_KNOTS('',5,(#495,#496,#497,#498,#499,#500),.UNSPECIFIED.,.F.,.U.,(6,6),(0.,1.34754049819),.UNSPECIFIED.) ;
#504=B_SPLINE_CURVE_WITH_KNOTS('',5,(#505,#506,#507,#508,#509,#510,#511,#512,#513,#514,#515,#516),.UNSPECIFIED.,.F.,.U.,(6,3,3,6),(0.,0.65654740396,1.3138778169,1.63908194626),.UNSPECIFIED.) ;
#520=B_SPLINE_CURVE_WITH_KNOTS('',5,(#521,#522,#523,#524,#525,#526),.UNSPECIFIED.,.F.,.U.,(6,6),(3.43203201594,9.35713721516),.UNSPECIFIED.) ;
#530=B_SPLINE_CURVE_WITH_KNOTS('',5,(#531,#532,#533,#534,#535,#536),.UNSPECIFIED.,.F.,.U.,(6,6),(0.,3.44821223535),.UNSPECIFIED.) ;
#547=B_SPLINE_CURVE_WITH_KNOTS('',5,(#548,#549,#550,#551,#552,#553),.UNSPECIFIED.,.F.,.U.,(6,6),(0.,0.0754544660639),.UNSPECIFIED.) ;
#557=B_SPLINE_CURVE_WITH_KNOTS('',5,(#558,#559,#560,#561,#562,#563),.UNSPECIFIED.,.F.,.U.,(6,6),(0.,9.099193715),.UNSPECIFIED.) ;
#586=B_SPLINE_CURVE_WITH_KNOTS('',5,(#587,#588,#589,#590,#591,#592),.UNSPECIFIED.,.F.,.U.,(6,6),(0.,0.0754554327785),.UNSPECIFIED.) ;
#605=B_SPLINE_CURVE_WITH_KNOTS('',5,(#606,#607,#608,#609,#610,#611),.UNSPECIFIED.,.F.,.U.,(6,6),(0.,3.42528703829),.UNSPECIFIED.) ;
#615=B_SPLINE_CURVE_WITH_KNOTS('',5,(#616,#617,#618,#619,#620,#621),.UNSPECIFIED.,.F.,.U.,(6,6),(3.43203201634,9.35713721668),.UNSPECIFIED.) ;
#625=B_SPLINE_CURVE_WITH_KNOTS('',5,(#626,#627,#628,#629,#630,#631,#632,#633,#634,#635,#636,#637),.UNSPECIFIED.,.F.,.U.,(6,3,3,6),(0.,0.65654740396,1.3138778169,1.63908194625),.UNSPECIFIED.) ;
#641=B_SPLINE_CURVE_WITH_KNOTS('',5,(#642,#643,#644,#645,#646,#647),.UNSPECIFIED.,.F.,.U.,(6,6),(0.,1.34754049819),.UNSPECIFIED.) ;
#663=B_SPLINE_CURVE_WITH_KNOTS('',5,(#664,#665,#666,#667,#668,#669),.UNSPECIFIED.,.F.,.U.,(6,6),(0.,1.84044438412),.UNSPECIFIED.) ;
#673=B_SPLINE_CURVE_WITH_KNOTS('',5,(#674,#675,#676,#677,#678,#679),.UNSPECIFIED.,.F.,.U.,(6,6),(1.83685965781,2.04566774269),.UNSPECIFIED.) ;
#683=B_SPLINE_CURVE_WITH_KNOTS('',5,(#684,#685,#686,#687,#688,#689),.UNSPECIFIED.,.F.,.U.,(6,6),(9.15376803961,9.77914193139),.UNSPECIFIED.) ;
#693=B_SPLINE_CURVE_WITH_KNOTS('',5,(#694,#695,#696,#697,#698,#699,#700,#701,#702),.UNSPECIFIED.,.F.,.U.,(6,3,6),(0.,8.58087534814,9.07489578957),.UNSPECIFIED.) ;
#748=B_SPLINE_CURVE_WITH_KNOTS('',1,(#749,#750),.UNSPECIFIED.,.F.,.U.,(2,2),(-10.7402430012,-8.25975699878),.UNSPECIFIED.) ;
#782=B_SPLINE_CURVE_WITH_KNOTS('',5,(#783,#784,#785,#786,#787,#788),.UNSPECIFIED.,.F.,.U.,(6,6),(0.,1.84133067762),.UNSPECIFIED.) ;
#797=B_SPLINE_CURVE_WITH_KNOTS('',5,(#798,#799,#800,#801,#802,#803),.UNSPECIFIED.,.F.,.U.,(6,6),(0.,1.34754049819),.UNSPECIFIED.) ;
#807=B_SPLINE_CURVE_WITH_KNOTS('',5,(#808,#809,#810,#811,#812,#813,#814,#815,#816,#817,#818,#819),.UNSPECIFIED.,.F.,.U.,(6,3,3,6),(0.,0.65654740395,1.31387781689,1.63908194624),.UNSPECIFIED.) ;
#823=B_SPLINE_CURVE_WITH_KNOTS('',5,(#824,#825,#826,#827,#828,#829),.UNSPECIFIED.,.F.,.U.,(6,6),(3.43203201689,9.35713721876),.UNSPECIFIED.) ;
#833=B_SPLINE_CURVE_WITH_KNOTS('',5,(#834,#835,#836,#837,#838,#839),.UNSPECIFIED.,.F.,.U.,(6,6),(0.,3.44238834065),.UNSPECIFIED.) ;
#850=B_SPLINE_CURVE_WITH_KNOTS('',5,(#851,#852,#853,#854,#855,#856),.UNSPECIFIED.,.F.,.U.,(6,6),(0.,0.0754670071998),.UNSPECIFIED.) ;
#860=B_SPLINE_CURVE_WITH_KNOTS('',5,(#861,#862,#863,#864,#865,#866),.UNSPECIFIED.,.F.,.U.,(6,6),(0.,9.09966344201),.UNSPECIFIED.) ;
#870=B_SPLINE_CURVE_WITH_KNOTS('',5,(#871,#872,#873,#874,#875,#876),.UNSPECIFIED.,.F.,.U.,(6,6),(9.15376804058,9.77914193235),.UNSPECIFIED.) ;
#880=B_SPLINE_CURVE_WITH_KNOTS('',5,(#881,#882,#883,#884,#885,#886),.UNSPECIFIED.,.F.,.U.,(6,6),(1.83685965783,2.04566774271),.UNSPECIFIED.) ;
#909=B_SPLINE_CURVE_WITH_KNOTS('',5,(#910,#911,#912,#913,#914,#915),.UNSPECIFIED.,.F.,.U.,(6,6),(0.,0.075454431574),.UNSPECIFIED.) ;
#928=B_SPLINE_CURVE_WITH_KNOTS('',5,(#929,#930,#931,#932,#933,#934),.UNSPECIFIED.,.F.,.U.,(6,6),(0.,3.4252870383),.UNSPECIFIED.) ;
#938=B_SPLINE_CURVE_WITH_KNOTS('',5,(#939,#940,#941,#942,#943,#944),.UNSPECIFIED.,.F.,.U.,(6,6),(3.43203201643,9.357137217),.UNSPECIFIED.) ;
#948=B_SPLINE_CURVE_WITH_KNOTS('',5,(#949,#950,#951,#952,#953,#954,#955,#956,#957,#958,#959,#960),.UNSPECIFIED.,.F.,.U.,(6,3,3,6),(0.,0.656547403963,1.3138778169,1.63908194625),.UNSPECIFIED.) ;
#964=B_SPLINE_CURVE_WITH_KNOTS('',5,(#965,#966,#967,#968,#969,#970),.UNSPECIFIED.,.F.,.U.,(6,6),(0.,1.34754049819),.UNSPECIFIED.) ;
#986=B_SPLINE_CURVE_WITH_KNOTS('',5,(#987,#988,#989,#990,#991,#992),.UNSPECIFIED.,.F.,.U.,(6,6),(0.,1.84133067775),.UNSPECIFIED.) ;
#996=B_SPLINE_CURVE_WITH_KNOTS('',5,(#997,#998,#999,#1000,#1001,#1002),.UNSPECIFIED.,.F.,.U.,(6,6),(1.83685965776,2.04566774263),.UNSPECIFIED.) ;
#1006=B_SPLINE_CURVE_WITH_KNOTS('',5,(#1007,#1008,#1009,#1010,#1011,#1012),.UNSPECIFIED.,.F.,.U.,(6,6),(9.15376803841,9.77914193018),.UNSPECIFIED.) ;
#1016=B_SPLINE_CURVE_WITH_KNOTS('',5,(#1017,#1018,#1019,#1020,#1021,#1022),.UNSPECIFIED.,.F.,.U.,(6,6),(0.,9.1042661817),.UNSPECIFIED.) ;
#1049=B_SPLINE_CURVE_WITH_KNOTS('',1,(#1050,#1051),.UNSPECIFIED.,.F.,.U.,(2,2),(-11.2402430012,-8.75975699878),.UNSPECIFIED.) ;
#1109=B_SPLINE_CURVE_WITH_KNOTS('',3,(#1110,#1111,#1112,#1113),.UNSPECIFIED.,.F.,.U.,(4,4),(0.,1.34754049819),.UNSPECIFIED.) ;
#1129=B_SPLINE_CURVE_WITH_KNOTS('',3,(#1130,#1131,#1132,#1133),.UNSPECIFIED.,.F.,.U.,(4,4),(0.,1.34754049819),.UNSPECIFIED.) ;
#1159=B_SPLINE_CURVE_WITH_KNOTS('',3,(#1160,#1161,#1162,#1163),.UNSPECIFIED.,.F.,.U.,(4,4),(1.83685965779,2.04566774266),.UNSPECIFIED.) ;
#1169=B_SPLINE_CURVE_WITH_KNOTS('',3,(#1170,#1171,#1172,#1173),.UNSPECIFIED.,.F.,.U.,(4,4),(0.,1.84133067759),.UNSPECIFIED.) ;
#1196=B_SPLINE_CURVE_WITH_KNOTS('',3,(#1197,#1198,#1199,#1200),.UNSPECIFIED.,.F.,.U.,(4,4),(9.15376804165,9.77914193344),.UNSPECIFIED.) ;
#1206=B_SPLINE_CURVE_WITH_KNOTS('',5,(#1207,#1208,#1209,#1210,#1211,#1212),.UNSPECIFIED.,.F.,.U.,(6,6),(0.,9.09920116623),.UNSPECIFIED.) ;
#1216=B_SPLINE_CURVE_WITH_KNOTS('',3,(#1217,#1218,#1219,#1220),.UNSPECIFIED.,.F.,.U.,(4,4),(0.,0.0754544660641),.UNSPECIFIED.) ;
#1245=B_SPLINE_CURVE_WITH_KNOTS('',3,(#1246,#1247,#1248,#1249),.UNSPECIFIED.,.F.,.U.,(4,4),(0.,0.075454439888),.UNSPECIFIED.) ;
#1253=B_SPLINE_CURVE_WITH_KNOTS('',5,(#1254,#1255,#1256,#1257,#1258,#1259),.UNSPECIFIED.,.F.,.U.,(6,6),(0.,9.0621712693),.UNSPECIFIED.) ;
#1263=B_SPLINE_CURVE_WITH_KNOTS('',3,(#1264,#1265,#1266,#1267),.UNSPECIFIED.,.F.,.U.,(4,4),(9.15376803844,9.77914193023),.UNSPECIFIED.) ;
#1441=B_SPLINE_CURVE_WITH_KNOTS('',4,(#1442,#1443,#1444,#1445,#1446),.UNSPECIFIED.,.F.,.U.,(5,5),(3.4320320162,9.35713721614),.UNSPECIFIED.) ;
#1450=B_SPLINE_CURVE_WITH_KNOTS('',3,(#1451,#1452,#1453,#1454),.UNSPECIFIED.,.F.,.U.,(4,4),(0.,3.42528703829),.UNSPECIFIED.) ;
#1465=B_SPLINE_CURVE_WITH_KNOTS('',3,(#1466,#1467,#1468,#1469),.UNSPECIFIED.,.F.,.U.,(4,4),(0.,3.42528703829),.UNSPECIFIED.) ;
#1473=B_SPLINE_CURVE_WITH_KNOTS('',4,(#1474,#1475,#1476,#1477,#1478),.UNSPECIFIED.,.F.,.U.,(5,5),(3.4320320162,9.35713721617),.UNSPECIFIED.) ;
#1504=B_SPLINE_CURVE_WITH_KNOTS('',4,(#1505,#1506,#1507,#1508,#1509),.UNSPECIFIED.,.F.,.U.,(5,5),(0.,1.63908194627),.UNSPECIFIED.) ;
#1634=B_SPLINE_CURVE_WITH_KNOTS('',3,(#1635,#1636,#1637,#1638),.UNSPECIFIED.,.F.,.U.,(4,4),(1.83685965783,2.04566774271),.UNSPECIFIED.) ;
#1642=B_SPLINE_CURVE_WITH_KNOTS('',3,(#1643,#1644,#1645,#1646),.UNSPECIFIED.,.F.,.U.,(4,4),(0.,1.84044438421),.UNSPECIFIED.) ;
#1659=B_SPLINE_CURVE_WITH_KNOTS('',4,(#1660,#1661,#1662,#1663,#1664),.UNSPECIFIED.,.F.,.U.,(5,5),(0.,1.63908194627),.UNSPECIFIED.) ;
#22=COLOUR_RGB('Colour',0.823529411765,0.823529411765,1.) ;
#53=FACE_OUTER_BOUND('',#50,.T.) ;
#102=FACE_OUTER_BOUND('',#97,.T.) ;
#114=FACE_OUTER_BOUND('',#109,.T.) ;
#138=FACE_OUTER_BOUND('',#135,.T.) ;
#187=FACE_OUTER_BOUND('',#182,.T.) ;
#199=FACE_OUTER_BOUND('',#194,.T.) ;
#271=FACE_OUTER_BOUND('',#262,.T.) ;
#304=FACE_OUTER_BOUND('',#297,.T.) ;
#330=FACE_OUTER_BOUND('',#325,.T.) ;
#356=FACE_OUTER_BOUND('',#351,.T.) ;
#382=FACE_OUTER_BOUND('',#377,.T.) ;
#452=FACE_OUTER_BOUND('',#443,.T.) ;
#579=FACE_OUTER_BOUND('',#565,.T.) ;
#718=FACE_OUTER_BOUND('',#704,.T.) ;
#775=FACE_OUTER_BOUND('',#766,.T.) ;
#902=FACE_OUTER_BOUND('',#888,.T.) ;
#1038=FACE_OUTER_BOUND('',#1024,.T.) ;
#1095=FACE_OUTER_BOUND('',#1086,.T.) ;
#1120=FACE_OUTER_BOUND('',#1115,.T.) ;
#1140=FACE_OUTER_BOUND('',#1135,.T.) ;
#1152=FACE_OUTER_BOUND('',#1147,.T.) ;
#1189=FACE_OUTER_BOUND('',#1180,.T.) ;
#1346=FACE_OUTER_BOUND('',#1321,.T.) ;
#1394=FACE_OUTER_BOUND('',#1384,.T.) ;
#1497=FACE_OUTER_BOUND('',#1480,.T.) ;
#1516=FACE_OUTER_BOUND('',#1511,.T.) ;
#1555=FACE_OUTER_BOUND('',#1540,.T.) ;
#1566=FACE_OUTER_BOUND('',#1557,.T.) ;
#1583=FACE_OUTER_BOUND('',#1578,.T.) ;
#1615=FACE_OUTER_BOUND('',#1602,.T.) ;
#1632=FACE_OUTER_BOUND('',#1622,.T.) ;
#1657=FACE_OUTER_BOUND('',#1648,.T.) ;
#1671=FACE_OUTER_BOUND('',#1666,.T.) ;
#1694=FACE_OUTER_BOUND('',#1690,.T.) ;
#1717=FACE_OUTER_BOUND('',#1713,.T.) ;
#1723=FACE_OUTER_BOUND('',#1719,.T.) ;
#1729=FACE_OUTER_BOUND('',#1725,.T.) ;
#1760=FACE_OUTER_BOUND('',#1746,.T.) ;
#1791=FACE_OUTER_BOUND('',#1777,.T.) ;
#1805=FACE_OUTER_BOUND('',#1798,.T.) ;
#1833=FACE_OUTER_BOUND('',#1812,.T.) ;
#1864=FACE_OUTER_BOUND('',#1859,.T.) ;
#1876=FACE_OUTER_BOUND('',#1871,.T.) ;
#1907=FACE_OUTER_BOUND('',#1902,.T.) ;
#1919=FACE_OUTER_BOUND('',#1914,.T.) ;
#1950=FACE_OUTER_BOUND('',#1945,.T.) ;
#1967=FACE_OUTER_BOUND('',#1962,.T.) ;
#1989=FACE_OUTER_BOUND('',#1984,.T.) ;
#2001=FACE_OUTER_BOUND('',#1996,.T.) ;
#2025=FACE_OUTER_BOUND('',#2022,.T.) ;
#2051=FACE_OUTER_BOUND('',#2046,.T.) ;
#2063=FACE_OUTER_BOUND('',#2058,.T.) ;
#2087=FACE_OUTER_BOUND('',#2084,.T.) ;
#2109=FACE_OUTER_BOUND('',#2104,.T.) ;
#2121=FACE_OUTER_BOUND('',#2116,.T.) ;
#9=PRODUCT_CATEGORY_RELATIONSHIP(' ',' ',#7,#8) ;
#6=PRODUCT_DEFINITION_FORMATION_WITH_SPECIFIED_SOURCE('',' ',#5,.NOT_KNOWN.) ;
#20=SHAPE_DEFINITION_REPRESENTATION(#11,#19) ;
#12=(LENGTH_UNIT()NAMED_UNIT(*)SI_UNIT(.MILLI.,.METRE.)) ;
#13=(NAMED_UNIT(*)PLANE_ANGLE_UNIT()SI_UNIT($,.RADIAN.)) ;
#14=(NAMED_UNIT(*)SI_UNIT($,.STERADIAN.)SOLID_ANGLE_UNIT()) ;
#16=(GEOMETRIC_REPRESENTATION_CONTEXT(3)GLOBAL_UNCERTAINTY_ASSIGNED_CONTEXT((#15))GLOBAL_UNIT_ASSIGNED_CONTEXT((#12,#13,#14))REPRESENTATION_CONTEXT(' ',' ')) ;
ENDSEC;
END-ISO-10303-21;
