ISO-10303-21;
HEADER;
FILE_DESCRIPTION(('FreeCAD Model'),'2;1');
FILE_NAME('Open CASCADE Shape Model','2026-07-03T13:50:35',(''),(''),
  'Open CASCADE STEP processor 7.8','FreeCAD','Unknown');
FILE_SCHEMA(('AUTOMOTIVE_DESIGN { 1 0 10303 214 1 1 1 1 }'));
ENDSEC;
DATA;
#1 = APPLICATION_PROTOCOL_DEFINITION('international standard',
  'automotive_design',2000,#2);
#2 = APPLICATION_CONTEXT(
  'core data for automotive mechanical design processes');
#3 = SHAPE_DEFINITION_REPRESENTATION(#4,#10);
#4 = PRODUCT_DEFINITION_SHAPE('','',#5);
#5 = PRODUCT_DEFINITION('design','',#6,#9);
#6 = PRODUCT_DEFINITION_FORMATION('','',#7);
#7 = PRODUCT('CLIP_D_B_R1.002','CLIP_D_B_R1.002','',(#8));
#8 = PRODUCT_CONTEXT('',#2,'mechanical');
#9 = PRODUCT_DEFINITION_CONTEXT('part definition',#2,'design');
#10 = SHAPE_REPRESENTATION('',(#11,#15),#19);
#11 = AXIS2_PLACEMENT_3D('',#12,#13,#14);
#12 = CARTESIAN_POINT('',(0.,0.,0.));
#13 = DIRECTION('',(0.,0.,1.));
#14 = DIRECTION('',(1.,0.,-0.));
#15 = AXIS2_PLACEMENT_3D('',#16,#17,#18);
#16 = CARTESIAN_POINT('',(0.,0.,0.));
#17 = DIRECTION('',(0.,0.,1.));
#18 = DIRECTION('',(1.,0.,0.));
#19 = ( GEOMETRIC_REPRESENTATION_CONTEXT(3) 
GLOBAL_UNCERTAINTY_ASSIGNED_CONTEXT((#23)) GLOBAL_UNIT_ASSIGNED_CONTEXT(
(#20,#21,#22)) REPRESENTATION_CONTEXT('Context #1',
  '3D Context with UNIT and UNCERTAINTY') );
#20 = ( LENGTH_UNIT() NAMED_UNIT(*) SI_UNIT(.MILLI.,.METRE.) );
#21 = ( NAMED_UNIT(*) PLANE_ANGLE_UNIT() SI_UNIT($,.RADIAN.) );
#22 = ( NAMED_UNIT(*) SI_UNIT($,.STERADIAN.) SOLID_ANGLE_UNIT() );
#23 = UNCERTAINTY_MEASURE_WITH_UNIT(LENGTH_MEASURE(5.E-04),#20,
  'distance_accuracy_value','confusion accuracy');
#24 = PRODUCT_RELATED_PRODUCT_CATEGORY('part',$,(#7));
#25 = SHAPE_DEFINITION_REPRESENTATION(#26,#32);
#26 = PRODUCT_DEFINITION_SHAPE('','',#27);
#27 = PRODUCT_DEFINITION('design','',#28,#31);
#28 = PRODUCT_DEFINITION_FORMATION('','',#29);
#29 = PRODUCT('CLIP_D_B_R1.0','CLIP_D_B_R1.0','',(#30));
#30 = PRODUCT_CONTEXT('',#2,'mechanical');
#31 = PRODUCT_DEFINITION_CONTEXT('part definition',#2,'design');
#32 = MANIFOLD_SURFACE_SHAPE_REPRESENTATION('',(#11,#33),#5797);
#33 = SHELL_BASED_SURFACE_MODEL('',(#34));
#34 = CLOSED_SHELL('',(#35,#77,#207,#241,#273,#305,#362,#404,#456,#732,
    #844,#869,#1075,#1137,#1199,#1318,#1423,#1448,#1660,#1722,#1770,
    #1796,#1823,#1848,#1879,#1923,#1949,#2072,#2097,#2133,#2165,#2182,
    #2200,#2231,#2248,#2265,#2282,#2317,#2343,#2369,#2411,#2448,#2479,
    #2593,#2618,#2663,#2711,#2737,#2764,#2789,#2820,#2862,#2895,#2932,
    #2963,#2980,#2998,#3039,#3066,#3093,#3126,#3163,#3215,#3247,#3283,
    #3315,#3365,#3400,#3434,#3464,#3528,#3574,#3616,#3644,#3679,#3698,
    #3758,#3800,#3842,#3870,#3964,#4008,#4038,#4080,#4108,#4150,#4178,
    #4222,#4250,#4292,#4320,#4364,#4392,#4486,#4521,#4540,#4583,#4610,
    #4666,#4706,#4794,#4838,#4866,#4948,#4972,#4986,#5011,#5024,#5118,
    #5135,#5157,#5177,#5194,#5212,#5224,#5242,#5256,#5268,#5285,#5297,
    #5333,#5351,#5384,#5402,#5428,#5453,#5471,#5495,#5509,#5539,#5564,
    #5585,#5625,#5643,#5660,#5690,#5707,#5725,#5751,#5782));
#35 = ADVANCED_FACE('',(#36),#72,.F.);
#36 = FACE_BOUND('',#37,.F.);
#37 = EDGE_LOOP('',(#38,#48,#57,#65));
#38 = ORIENTED_EDGE('',*,*,#39,.F.);
#39 = EDGE_CURVE('',#40,#42,#44,.T.);
#40 = VERTEX_POINT('',#41);
#41 = CARTESIAN_POINT('',(-1.8,-4.44971909226,2.01986841626));
#42 = VERTEX_POINT('',#43);
#43 = CARTESIAN_POINT('',(-1.8,-4.44971909226,0.819868415138));
#44 = LINE('',#45,#46);
#45 = CARTESIAN_POINT('',(-1.8,-4.44971909226,81.5030760523));
#46 = VECTOR('',#47,1.);
#47 = DIRECTION('',(0.,0.,-1.));
#48 = ORIENTED_EDGE('',*,*,#49,.T.);
#49 = EDGE_CURVE('',#40,#50,#52,.T.);
#50 = VERTEX_POINT('',#51);
#51 = CARTESIAN_POINT('',(-4.4291647068,-1.85,2.01986841626));
#52 = CIRCLE('',#53,4.8);
#53 = AXIS2_PLACEMENT_3D('',#54,#55,#56);
#54 = CARTESIAN_POINT('',(-2.44249065418E-15,0.,2.01986841626));
#55 = DIRECTION('',(0.,0.,-1.));
#56 = DIRECTION('',(-1.,0.,-0.));
#57 = ORIENTED_EDGE('',*,*,#58,.T.);
#58 = EDGE_CURVE('',#50,#59,#61,.T.);
#59 = VERTEX_POINT('',#60);
#60 = CARTESIAN_POINT('',(-4.4291647068,-1.85,0.819868415138));
#61 = LINE('',#62,#63);
#62 = CARTESIAN_POINT('',(-4.4291647068,-1.85,81.5030760523));
#63 = VECTOR('',#64,1.);
#64 = DIRECTION('',(0.,0.,-1.));
#65 = ORIENTED_EDGE('',*,*,#66,.F.);
#66 = EDGE_CURVE('',#42,#59,#67,.T.);
#67 = CIRCLE('',#68,4.8);
#68 = AXIS2_PLACEMENT_3D('',#69,#70,#71);
#69 = CARTESIAN_POINT('',(-2.44249065418E-15,0.,0.819868415138));
#70 = DIRECTION('',(0.,0.,-1.));
#71 = DIRECTION('',(-1.,0.,-0.));
#72 = CYLINDRICAL_SURFACE('',#73,4.8);
#73 = AXIS2_PLACEMENT_3D('',#74,#75,#76);
#74 = CARTESIAN_POINT('',(-2.44249065418E-15,0.,81.5030760518));
#75 = DIRECTION('',(0.,0.,-1.));
#76 = DIRECTION('',(1.22464679915E-16,-1.,0.));
#77 = ADVANCED_FACE('',(#78),#202,.F.);
#78 = FACE_BOUND('',#79,.F.);
#79 = EDGE_LOOP('',(#80,#90,#100,#108,#109,#119,#151,#160,#186,#195));
#80 = ORIENTED_EDGE('',*,*,#81,.F.);
#81 = EDGE_CURVE('',#82,#84,#86,.T.);
#82 = VERTEX_POINT('',#83);
#83 = CARTESIAN_POINT('',(5.44897923422E-16,-3.5428633077,7.82203777126)
  );
#84 = VERTEX_POINT('',#85);
#85 = CARTESIAN_POINT('',(6.98852766053E-16,-4.8,2.01986841536));
#86 = LINE('',#87,#88);
#87 = CARTESIAN_POINT('',(1.29665578539E-11,-1.05879073384E+05,
    -4.88648473248E+05));
#88 = VECTOR('',#89,1.);
#89 = DIRECTION('',(2.593230583281E-17,-0.211753346768,-0.977323140078)
  );
#90 = ORIENTED_EDGE('',*,*,#91,.T.);
#91 = EDGE_CURVE('',#82,#92,#94,.T.);
#92 = VERTEX_POINT('',#93);
#93 = CARTESIAN_POINT('',(-3.02148645654,-1.85,7.82203777095));
#94 = B_SPLINE_CURVE_WITH_KNOTS('',4,(#95,#96,#97,#98,#99),
  .UNSPECIFIED.,.F.,.F.,(5,5),(0.,102.203610286),
  .PIECEWISE_BEZIER_KNOTS.);
#95 = CARTESIAN_POINT('',(2.22044604925E-15,-3.5428633077,7.82203777126)
  );
#96 = CARTESIAN_POINT('',(-0.904665967094,-3.5428633077,7.82203777126));
#97 = CARTESIAN_POINT('',(-1.81177581842,-3.2337260057,7.82203777127));
#98 = CARTESIAN_POINT('',(-2.54909113949,-2.62153300412,7.82203777126));
#99 = CARTESIAN_POINT('',(-3.02148645774,-1.85000000074,7.82203777126));
#100 = ORIENTED_EDGE('',*,*,#101,.F.);
#101 = EDGE_CURVE('',#50,#92,#102,.T.);
#102 = B_SPLINE_CURVE_WITH_KNOTS('',4,(#103,#104,#105,#106,#107),
  .UNSPECIFIED.,.F.,.F.,(5,5),(0.,17.6052175958),
  .PIECEWISE_BEZIER_KNOTS.);
#103 = CARTESIAN_POINT('',(-4.4291647068,-1.85,2.01986841536));
#104 = CARTESIAN_POINT('',(-3.99465273271,-1.85000414034,3.8703659567));
#105 = CARTESIAN_POINT('',(-3.61902729508,-1.84977627341,5.43425193162)
  );
#106 = CARTESIAN_POINT('',(-3.29984682178,-1.84997643784,6.72642006987)
  );
#107 = CARTESIAN_POINT('',(-3.02148645774,-1.85000000074,7.82203777126)
  );
#108 = ORIENTED_EDGE('',*,*,#49,.F.);
#109 = ORIENTED_EDGE('',*,*,#110,.F.);
#110 = EDGE_CURVE('',#111,#40,#113,.T.);
#111 = VERTEX_POINT('',#112);
#112 = CARTESIAN_POINT('',(-1.80000000056,-3.30111884251,6.82000000026)
  );
#113 = B_SPLINE_CURVE_WITH_KNOTS('',4,(#114,#115,#116,#117,#118),
  .UNSPECIFIED.,.F.,.F.,(5,5),(0.,13.4794307913),
  .PIECEWISE_BEZIER_KNOTS.);
#114 = CARTESIAN_POINT('',(-1.80000000056,-3.30111884251,6.82000000026)
  );
#115 = CARTESIAN_POINT('',(-1.79999342196,-3.5413729061,5.84647129014));
#116 = CARTESIAN_POINT('',(-1.79989826715,-3.80934974023,4.73926507762)
  );
#117 = CARTESIAN_POINT('',(-1.80000061421,-4.11190098668,3.46524780986)
  );
#118 = CARTESIAN_POINT('',(-1.8,-4.44971909226,2.01986841536));
#119 = ORIENTED_EDGE('',*,*,#120,.T.);
#120 = EDGE_CURVE('',#111,#121,#123,.T.);
#121 = VERTEX_POINT('',#122);
#122 = CARTESIAN_POINT('',(-1.32000000046,-3.40935881711,7.30000000028)
  );
#123 = B_SPLINE_CURVE_WITH_KNOTS('',5,(#124,#125,#126,#127,#128,#129,
    #130,#131,#132,#133,#134,#135,#136,#137,#138,#139,#140,#141,#142,
    #143,#144,#145,#146,#147,#148,#149,#150),.UNSPECIFIED.,.F.,.F.,(6,3,
    3,3,3,3,3,3,6),(0.,8.17842965952E-02,0.163107703484,0.291015057045,
    0.48064415982,1.40278755861,2.28454757408,5.30867563852,13.358967175
    ),.UNSPECIFIED.);
#124 = CARTESIAN_POINT('',(-1.80000000056,-3.30111884251,6.82000000026)
  );
#125 = CARTESIAN_POINT('',(-1.7999966671,-3.29994847257,6.8247498691));
#126 = CARTESIAN_POINT('',(-1.7999335069,-3.29869411049,6.82997179702));
#127 = CARTESIAN_POINT('',(-1.8001211417,-3.29764669657,6.83380017044));
#128 = CARTESIAN_POINT('',(-1.79893315115,-3.29390550822,6.85158298069)
  );
#129 = CARTESIAN_POINT('',(-1.7977433824,-3.29016507776,6.86936579095));
#130 = CARTESIAN_POINT('',(-1.79476758608,-3.2864576635,6.89096680438));
#131 = CARTESIAN_POINT('',(-1.79180705835,-3.28359977397,6.90909190181)
  );
#132 = CARTESIAN_POINT('',(-1.78931383273,-3.28205565831,6.92085861656)
  );
#133 = CARTESIAN_POINT('',(-1.78783883345,-3.28121654037,6.92751707386)
  );
#134 = CARTESIAN_POINT('',(-1.78438030912,-3.27955029929,6.94190554162)
  );
#135 = CARTESIAN_POINT('',(-1.78119309691,-3.27848147283,6.95326566765)
  );
#136 = CARTESIAN_POINT('',(-1.77934048816,-3.27795341052,6.95948799838)
  );
#137 = CARTESIAN_POINT('',(-1.76876973123,-3.27542434228,6.99301158761)
  );
#138 = CARTESIAN_POINT('',(-1.75941837054,-3.27537167923,7.01370307608)
  );
#139 = CARTESIAN_POINT('',(-1.75334862549,-3.27527401488,7.02733898418)
  );
#140 = CARTESIAN_POINT('',(-1.73871809175,-3.276100412,7.05576142968));
#141 = CARTESIAN_POINT('',(-1.7246392209,-3.27792609078,7.07864119022));
#142 = CARTESIAN_POINT('',(-1.71784598152,-3.27897601399,7.08892525328)
  );
#143 = CARTESIAN_POINT('',(-1.68809166206,-3.2842051783,7.13110113455));
#144 = CARTESIAN_POINT('',(-1.65953043717,-3.2914747887,7.16108840077));
#145 = CARTESIAN_POINT('',(-1.6386584374,-3.29719711757,7.18059194808));
#146 = CARTESIAN_POINT('',(-1.55958435171,-3.32072914468,7.24405692462)
  );
#147 = CARTESIAN_POINT('',(-1.48298761595,-3.34802075314,7.27655343025)
  );
#148 = CARTESIAN_POINT('',(-1.42990427154,-3.36738082429,7.29207094346)
  );
#149 = CARTESIAN_POINT('',(-1.37485457657,-3.38811842804,7.30001018461)
  );
#150 = CARTESIAN_POINT('',(-1.32000000046,-3.40935881711,7.30000000028)
  );
#151 = ORIENTED_EDGE('',*,*,#152,.F.);
#152 = EDGE_CURVE('',#153,#121,#155,.T.);
#153 = VERTEX_POINT('',#154);
#154 = CARTESIAN_POINT('',(-0.830000000292,-3.56050945015,7.30000000028)
  );
#155 = CIRCLE('',#156,3.65597149128);
#156 = AXIS2_PLACEMENT_3D('',#157,#158,#159);
#157 = CARTESIAN_POINT('',(1.11022302463E-16,0.,7.30000000028));
#158 = DIRECTION('',(0.,-1.87989299022E-16,-1.));
#159 = DIRECTION('',(0.,-1.,1.87989299022E-16));
#160 = ORIENTED_EDGE('',*,*,#161,.T.);
#161 = EDGE_CURVE('',#153,#162,#164,.T.);
#162 = VERTEX_POINT('',#163);
#163 = CARTESIAN_POINT('',(-0.350000000109,-3.74364603218,6.82000000025)
  );
#164 = B_SPLINE_CURVE_WITH_KNOTS('',5,(#165,#166,#167,#168,#169,#170,
    #171,#172,#173,#174,#175,#176,#177,#178,#179,#180,#181,#182,#183,
    #184,#185),.UNSPECIFIED.,.F.,.F.,(6,3,3,3,3,3,6),(0.,8.00878214363,
    11.0031502211,13.0445334891,13.6499822845,13.794592037,13.8433478936
    ),.UNSPECIFIED.);
#165 = CARTESIAN_POINT('',(-0.830000000292,-3.56050945015,7.30000000028)
  );
#166 = CARTESIAN_POINT('',(-0.773010092412,-3.57380483435,7.29995364717)
  );
#167 = CARTESIAN_POINT('',(-0.71617092105,-3.58774939401,7.29142724446)
  );
#168 = CARTESIAN_POINT('',(-0.661595292072,-3.60182958383,7.27501450351)
  );
#169 = CARTESIAN_POINT('',(-0.58352844,-3.62288025461,7.24010990084));
#170 = CARTESIAN_POINT('',(-0.505488715622,-3.64823296999,7.17531126203)
  );
#171 = CARTESIAN_POINT('',(-0.484256981968,-3.65558024105,7.15486758833)
  );
#172 = CARTESIAN_POINT('',(-0.448562653417,-3.66875239532,7.1154677312)
  );
#173 = CARTESIAN_POINT('',(-0.413022188629,-3.6849224941,7.06009460599)
  );
#174 = CARTESIAN_POINT('',(-0.40200595586,-3.69081738331,7.03863800737)
  );
#175 = CARTESIAN_POINT('',(-0.383337572232,-3.7004471687,7.00350477078)
  );
#176 = CARTESIAN_POINT('',(-0.365305248352,-3.71572685801,6.94154436691)
  );
#177 = CARTESIAN_POINT('',(-0.362588692972,-3.71862616103,6.92944912714)
  );
#178 = CARTESIAN_POINT('',(-0.357475199267,-3.72339995288,6.90978573463)
  );
#179 = CARTESIAN_POINT('',(-0.352961172875,-3.73163194825,6.87392742726)
  );
#180 = CARTESIAN_POINT('',(-0.352127929892,-3.73346333964,6.86587397496)
  );
#181 = CARTESIAN_POINT('',(-0.351027365084,-3.73607045994,6.85436971823)
  );
#182 = CARTESIAN_POINT('',(-0.350274552823,-3.73990648122,6.83706640384)
  );
#183 = CARTESIAN_POINT('',(-0.350002509486,-3.74091002334,6.83257180143)
  );
#184 = CARTESIAN_POINT('',(-0.35000131305,-3.74227802508,6.82628590084)
  );
#185 = CARTESIAN_POINT('',(-0.350000000109,-3.74364603218,6.82000000025)
  );
#186 = ORIENTED_EDGE('',*,*,#187,.F.);
#187 = EDGE_CURVE('',#188,#162,#190,.T.);
#188 = VERTEX_POINT('',#189);
#189 = CARTESIAN_POINT('',(-0.35,-4.78722257682,2.01986841536));
#190 = B_SPLINE_CURVE_WITH_KNOTS('',3,(#191,#192,#193,#194),
  .UNSPECIFIED.,.F.,.F.,(4,4),(0.,7.23529850406),
  .PIECEWISE_BEZIER_KNOTS.);
#191 = CARTESIAN_POINT('',(-0.35,-4.78722257682,2.01986841536));
#192 = CARTESIAN_POINT('',(-0.349999998401,-4.43422421537,3.64475469235)
  );
#193 = CARTESIAN_POINT('',(-0.3500000025,-4.08351739779,5.25817380684));
#194 = CARTESIAN_POINT('',(-0.350000000109,-3.74364603218,6.82000000025)
  );
#195 = ORIENTED_EDGE('',*,*,#196,.F.);
#196 = EDGE_CURVE('',#84,#188,#197,.T.);
#197 = CIRCLE('',#198,4.8);
#198 = AXIS2_PLACEMENT_3D('',#199,#200,#201);
#199 = CARTESIAN_POINT('',(1.11022302463E-16,0.,2.01986841536));
#200 = DIRECTION('',(0.,-1.87989299022E-16,-1.));
#201 = DIRECTION('',(0.,-1.,1.87989299022E-16));
#202 = CONICAL_SURFACE('',#203,4.8,0.213368641908);
#203 = AXIS2_PLACEMENT_3D('',#204,#205,#206);
#204 = CARTESIAN_POINT('',(1.11022302463E-16,0.,2.01986841536));
#205 = DIRECTION('',(0.,0.,-1.));
#206 = DIRECTION('',(1.22464679915E-16,-1.,0.));
#207 = ADVANCED_FACE('',(#208),#236,.F.);
#208 = FACE_BOUND('',#209,.F.);
#209 = EDGE_LOOP('',(#210,#219,#228,#235));
#210 = ORIENTED_EDGE('',*,*,#211,.T.);
#211 = EDGE_CURVE('',#82,#212,#214,.T.);
#212 = VERTEX_POINT('',#213);
#213 = CARTESIAN_POINT('',(6.36412832962E-16,-3.38357335622,
    8.18545544235));
#214 = CIRCLE('',#215,1.);
#215 = AXIS2_PLACEMENT_3D('',#216,#217,#218);
#216 = CARTESIAN_POINT('',(-4.06331505614E-16,-2.56554016626,
    7.61028442394));
#217 = DIRECTION('',(-1.,2.44929359829E-16,0.));
#218 = DIRECTION('',(-2.44929359829E-16,-1.,0.));
#219 = ORIENTED_EDGE('',*,*,#220,.F.);
#220 = EDGE_CURVE('',#221,#212,#223,.T.);
#221 = VERTEX_POINT('',#222);
#222 = CARTESIAN_POINT('',(-2.83303170767,-1.85000000006,8.18545544235)
  );
#223 = CIRCLE('',#224,3.3835733561);
#224 = AXIS2_PLACEMENT_3D('',#225,#226,#227);
#225 = CARTESIAN_POINT('',(2.22044604925E-16,0.,8.18545544227));
#226 = DIRECTION('',(-0.,0.,1.));
#227 = DIRECTION('',(1.,0.,0.));
#228 = ORIENTED_EDGE('',*,*,#229,.F.);
#229 = EDGE_CURVE('',#92,#221,#230,.T.);
#230 = B_SPLINE_CURVE_WITH_KNOTS('',3,(#231,#232,#233,#234),
  .UNSPECIFIED.,.F.,.F.,(4,4),(0.,0.57961961051),
  .PIECEWISE_BEZIER_KNOTS.);
#231 = CARTESIAN_POINT('',(-3.02148645654,-1.85,7.82203777095));
#232 = CARTESIAN_POINT('',(-2.98789585015,-1.85000296148,7.95424906414)
  );
#233 = CARTESIAN_POINT('',(-2.92178459939,-1.85003808831,8.07973621734)
  );
#234 = CARTESIAN_POINT('',(-2.83303170757,-1.85,8.18545544227));
#235 = ORIENTED_EDGE('',*,*,#91,.F.);
#236 = TOROIDAL_SURFACE('',#237,2.56554016626,1.);
#237 = AXIS2_PLACEMENT_3D('',#238,#239,#240);
#238 = CARTESIAN_POINT('',(2.22044604925E-16,0.,7.61028442394));
#239 = DIRECTION('',(0.,0.,1.));
#240 = DIRECTION('',(1.22464679915E-16,1.,-0.));
#241 = ADVANCED_FACE('',(#242),#268,.T.);
#242 = FACE_BOUND('',#243,.T.);
#243 = EDGE_LOOP('',(#244,#252,#261,#267));
#244 = ORIENTED_EDGE('',*,*,#245,.F.);
#245 = EDGE_CURVE('',#246,#121,#248,.T.);
#246 = VERTEX_POINT('',#247);
#247 = CARTESIAN_POINT('',(-1.32,-1.84999999963,7.3));
#248 = LINE('',#249,#250);
#249 = CARTESIAN_POINT('',(-1.32,-6.,7.3));
#250 = VECTOR('',#251,1.);
#251 = DIRECTION('',(0.,-1.,0.));
#252 = ORIENTED_EDGE('',*,*,#253,.T.);
#253 = EDGE_CURVE('',#246,#254,#256,.T.);
#254 = VERTEX_POINT('',#255);
#255 = CARTESIAN_POINT('',(-1.79999999925,-1.85,6.82000000067));
#256 = CIRCLE('',#257,0.48);
#257 = AXIS2_PLACEMENT_3D('',#258,#259,#260);
#258 = CARTESIAN_POINT('',(-1.32,-1.84999999963,6.82));
#259 = DIRECTION('',(0.,-1.,-0.));
#260 = DIRECTION('',(0.,0.,-1.));
#261 = ORIENTED_EDGE('',*,*,#262,.T.);
#262 = EDGE_CURVE('',#254,#111,#263,.T.);
#263 = LINE('',#264,#265);
#264 = CARTESIAN_POINT('',(-1.8,-6.,6.82));
#265 = VECTOR('',#266,1.);
#266 = DIRECTION('',(0.,-1.,0.));
#267 = ORIENTED_EDGE('',*,*,#120,.T.);
#268 = CYLINDRICAL_SURFACE('',#269,0.48);
#269 = AXIS2_PLACEMENT_3D('',#270,#271,#272);
#270 = CARTESIAN_POINT('',(-1.32,-6.,6.82));
#271 = DIRECTION('',(-0.,-1.,-0.));
#272 = DIRECTION('',(1.,0.,-1.22464679915E-16));
#273 = ADVANCED_FACE('',(#274),#300,.T.);
#274 = FACE_BOUND('',#275,.T.);
#275 = EDGE_LOOP('',(#276,#284,#293,#299));
#276 = ORIENTED_EDGE('',*,*,#277,.F.);
#277 = EDGE_CURVE('',#278,#162,#280,.T.);
#278 = VERTEX_POINT('',#279);
#279 = CARTESIAN_POINT('',(-0.35,-1.85,6.82000000067));
#280 = LINE('',#281,#282);
#281 = CARTESIAN_POINT('',(-0.35,-0.349999999627,6.82));
#282 = VECTOR('',#283,1.);
#283 = DIRECTION('',(0.,-1.,0.));
#284 = ORIENTED_EDGE('',*,*,#285,.T.);
#285 = EDGE_CURVE('',#278,#286,#288,.T.);
#286 = VERTEX_POINT('',#287);
#287 = CARTESIAN_POINT('',(-0.830000000447,-1.85,7.29999999925));
#288 = CIRCLE('',#289,0.48);
#289 = AXIS2_PLACEMENT_3D('',#290,#291,#292);
#290 = CARTESIAN_POINT('',(-0.83,-1.85,6.82));
#291 = DIRECTION('',(0.,-1.,-0.));
#292 = DIRECTION('',(0.,0.,-1.));
#293 = ORIENTED_EDGE('',*,*,#294,.T.);
#294 = EDGE_CURVE('',#286,#153,#295,.T.);
#295 = LINE('',#296,#297);
#296 = CARTESIAN_POINT('',(-0.83,-0.349999999627,7.3));
#297 = VECTOR('',#298,1.);
#298 = DIRECTION('',(0.,-1.,0.));
#299 = ORIENTED_EDGE('',*,*,#161,.T.);
#300 = CYLINDRICAL_SURFACE('',#301,0.48);
#301 = AXIS2_PLACEMENT_3D('',#302,#303,#304);
#302 = CARTESIAN_POINT('',(-0.83,-0.35,6.82));
#303 = DIRECTION('',(-0.,-1.,-0.));
#304 = DIRECTION('',(1.,0.,-1.22464679915E-16));
#305 = ADVANCED_FACE('',(#306),#357,.T.);
#306 = FACE_BOUND('',#307,.T.);
#307 = EDGE_LOOP('',(#308,#320,#329,#340,#349));
#308 = ORIENTED_EDGE('',*,*,#309,.F.);
#309 = EDGE_CURVE('',#310,#312,#314,.T.);
#310 = VERTEX_POINT('',#311);
#311 = CARTESIAN_POINT('',(-1.70987177379,-3.72643777852,-0.7));
#312 = VERTEX_POINT('',#313);
#313 = CARTESIAN_POINT('',(-1.8,-3.71306994686,-0.42));
#314 = B_SPLINE_CURVE_WITH_KNOTS('',4,(#315,#316,#317,#318,#319),
  .UNSPECIFIED.,.F.,.F.,(5,5),(0.,0.437302891267),
  .PIECEWISE_BEZIER_KNOTS.);
#315 = CARTESIAN_POINT('',(-1.70987177379,-3.72643777852,-0.7));
#316 = CARTESIAN_POINT('',(-1.75004698392,-3.70800342864,-0.64388606388)
  );
#317 = CARTESIAN_POINT('',(-1.78362757585,-3.69450925387,-0.575430222525
    ));
#318 = CARTESIAN_POINT('',(-1.79997723062,-3.69720499949,-0.495186187035
    ));
#319 = CARTESIAN_POINT('',(-1.8,-3.71306994686,-0.42));
#320 = ORIENTED_EDGE('',*,*,#321,.T.);
#321 = EDGE_CURVE('',#310,#322,#324,.T.);
#322 = VERTEX_POINT('',#323);
#323 = CARTESIAN_POINT('',(-3.6588932753,-1.85,-0.7));
#324 = CIRCLE('',#325,4.1);
#325 = AXIS2_PLACEMENT_3D('',#326,#327,#328);
#326 = CARTESIAN_POINT('',(1.11022302463E-16,0.,-0.7));
#327 = DIRECTION('',(0.,0.,-1.));
#328 = DIRECTION('',(-1.,0.,-0.));
#329 = ORIENTED_EDGE('',*,*,#330,.T.);
#330 = EDGE_CURVE('',#322,#331,#333,.T.);
#331 = VERTEX_POINT('',#332);
#332 = CARTESIAN_POINT('',(-4.23888251783,-1.85,0.439901311518));
#333 = B_SPLINE_CURVE_WITH_KNOTS('',5,(#334,#335,#336,#337,#338,#339),
  .UNSPECIFIED.,.F.,.F.,(6,6),(0.,1.88135274399),
  .PIECEWISE_BEZIER_KNOTS.);
#334 = CARTESIAN_POINT('',(-3.6588932753,-1.85,-0.7));
#335 = CARTESIAN_POINT('',(-3.65892302956,-1.8499411526,-0.434900413622)
  );
#336 = CARTESIAN_POINT('',(-3.72834878485,-1.84998859166,-0.154552673054
    ));
#337 = CARTESIAN_POINT('',(-3.85774932305,-1.84999161566,
    7.07857523243E-02));
#338 = CARTESIAN_POINT('',(-4.03260659028,-1.84997568006,0.278187206911)
  );
#339 = CARTESIAN_POINT('',(-4.23888251783,-1.85,0.439901311518));
#340 = ORIENTED_EDGE('',*,*,#341,.F.);
#341 = EDGE_CURVE('',#342,#331,#344,.T.);
#342 = VERTEX_POINT('',#343);
#343 = CARTESIAN_POINT('',(-1.8,-4.26035503215,0.439901311518));
#344 = CIRCLE('',#345,4.625);
#345 = AXIS2_PLACEMENT_3D('',#346,#347,#348);
#346 = CARTESIAN_POINT('',(1.11022302463E-16,0.,0.439901311518));
#347 = DIRECTION('',(0.,0.,-1.));
#348 = DIRECTION('',(-1.,0.,-0.));
#349 = ORIENTED_EDGE('',*,*,#350,.T.);
#350 = EDGE_CURVE('',#342,#312,#351,.T.);
#351 = B_SPLINE_CURVE_WITH_KNOTS('',4,(#352,#353,#354,#355,#356),
  .UNSPECIFIED.,.F.,.F.,(5,5),(0.,1.47537524123),
  .PIECEWISE_BEZIER_KNOTS.);
#352 = CARTESIAN_POINT('',(-1.8,-4.26035503215,0.439901311518));
#353 = CARTESIAN_POINT('',(-1.79998531867,-4.0581983896,0.280617089392)
  );
#354 = CARTESIAN_POINT('',(-1.79998955685,-3.88439500703,
    7.41246048105E-02));
#355 = CARTESIAN_POINT('',(-1.79992201269,-3.76680282668,-0.16570851819)
  );
#356 = CARTESIAN_POINT('',(-1.8,-3.71306994686,-0.42));
#357 = TOROIDAL_SURFACE('',#358,5.6,1.5);
#358 = AXIS2_PLACEMENT_3D('',#359,#360,#361);
#359 = CARTESIAN_POINT('',(1.11022302463E-16,0.,-0.7));
#360 = DIRECTION('',(0.,0.,-1.));
#361 = DIRECTION('',(1.22464679915E-16,-1.,0.));
#362 = ADVANCED_FACE('',(#363),#399,.T.);
#363 = FACE_BOUND('',#364,.T.);
#364 = EDGE_LOOP('',(#365,#366,#374,#383,#391));
#365 = ORIENTED_EDGE('',*,*,#309,.T.);
#366 = ORIENTED_EDGE('',*,*,#367,.F.);
#367 = EDGE_CURVE('',#368,#312,#370,.T.);
#368 = VERTEX_POINT('',#369);
#369 = CARTESIAN_POINT('',(-1.8,-1.84999999963,-0.42));
#370 = LINE('',#371,#372);
#371 = CARTESIAN_POINT('',(-1.8,-6.,-0.42));
#372 = VECTOR('',#373,1.);
#373 = DIRECTION('',(0.,-1.,0.));
#374 = ORIENTED_EDGE('',*,*,#375,.T.);
#375 = EDGE_CURVE('',#368,#376,#378,.T.);
#376 = VERTEX_POINT('',#377);
#377 = CARTESIAN_POINT('',(-1.32000000067,-1.85,-0.9));
#378 = CIRCLE('',#379,0.48);
#379 = AXIS2_PLACEMENT_3D('',#380,#381,#382);
#380 = CARTESIAN_POINT('',(-1.32,-1.84999999963,-0.42));
#381 = DIRECTION('',(0.,-1.,-0.));
#382 = DIRECTION('',(0.,0.,-1.));
#383 = ORIENTED_EDGE('',*,*,#384,.T.);
#384 = EDGE_CURVE('',#376,#385,#387,.T.);
#385 = VERTEX_POINT('',#386);
#386 = CARTESIAN_POINT('',(-1.32,-3.88170065822,-0.900000000829));
#387 = LINE('',#388,#389);
#388 = CARTESIAN_POINT('',(-1.32,-6.,-0.9));
#389 = VECTOR('',#390,1.);
#390 = DIRECTION('',(0.,-1.,0.));
#391 = ORIENTED_EDGE('',*,*,#392,.T.);
#392 = EDGE_CURVE('',#385,#310,#393,.T.);
#393 = B_SPLINE_CURVE_WITH_KNOTS('',4,(#394,#395,#396,#397,#398),
  .UNSPECIFIED.,.F.,.F.,(5,5),(0.,0.673664250525),
  .PIECEWISE_BEZIER_KNOTS.);
#394 = CARTESIAN_POINT('',(-1.32,-3.88170065731,-0.9));
#395 = CARTESIAN_POINT('',(-1.43247274483,-3.84343993617,-0.9));
#396 = CARTESIAN_POINT('',(-1.54637599852,-3.79971025867,-0.864658868007
    ));
#397 = CARTESIAN_POINT('',(-1.64298324983,-3.75712819091,-0.793135526723
    ));
#398 = CARTESIAN_POINT('',(-1.70987177379,-3.72643777914,-0.7));
#399 = CYLINDRICAL_SURFACE('',#400,0.48);
#400 = AXIS2_PLACEMENT_3D('',#401,#402,#403);
#401 = CARTESIAN_POINT('',(-1.32,-6.,-0.42));
#402 = DIRECTION('',(-0.,-1.,-0.));
#403 = DIRECTION('',(-1.,0.,0.));
#404 = ADVANCED_FACE('',(#405),#451,.T.);
#405 = FACE_BOUND('',#406,.T.);
#406 = EDGE_LOOP('',(#407,#419,#427,#436,#444));
#407 = ORIENTED_EDGE('',*,*,#408,.T.);
#408 = EDGE_CURVE('',#409,#411,#413,.T.);
#409 = VERTEX_POINT('',#410);
#410 = CARTESIAN_POINT('',(-0.440128226208,-4.07630802866,-0.7));
#411 = VERTEX_POINT('',#412);
#412 = CARTESIAN_POINT('',(-0.83,-4.0151089649,-0.900000000829));
#413 = B_SPLINE_CURVE_WITH_KNOTS('',4,(#414,#415,#416,#417,#418),
  .UNSPECIFIED.,.F.,.F.,(5,5),(0.,0.654130571925),
  .PIECEWISE_BEZIER_KNOTS.);
#414 = CARTESIAN_POINT('',(-0.440128226208,-4.07630802877,-0.7));
#415 = CARTESIAN_POINT('',(-0.507267167087,-4.06903946985,-0.79348420704
    ));
#416 = CARTESIAN_POINT('',(-0.603943979343,-4.05728099512,
    -0.864705786926));
#417 = CARTESIAN_POINT('',(-0.717107411899,-4.03843744717,-0.9));
#418 = CARTESIAN_POINT('',(-0.83,-4.01510896534,-0.9));
#419 = ORIENTED_EDGE('',*,*,#420,.F.);
#420 = EDGE_CURVE('',#421,#411,#423,.T.);
#421 = VERTEX_POINT('',#422);
#422 = CARTESIAN_POINT('',(-0.83,-1.84999999963,-0.9));
#423 = LINE('',#424,#425);
#424 = CARTESIAN_POINT('',(-0.83,-6.,-0.9));
#425 = VECTOR('',#426,1.);
#426 = DIRECTION('',(0.,-1.,0.));
#427 = ORIENTED_EDGE('',*,*,#428,.T.);
#428 = EDGE_CURVE('',#421,#429,#431,.T.);
#429 = VERTEX_POINT('',#430);
#430 = CARTESIAN_POINT('',(-0.35,-1.85,-0.419999999553));
#431 = CIRCLE('',#432,0.48);
#432 = AXIS2_PLACEMENT_3D('',#433,#434,#435);
#433 = CARTESIAN_POINT('',(-0.83,-1.84999999963,-0.42));
#434 = DIRECTION('',(0.,-1.,-0.));
#435 = DIRECTION('',(0.,0.,-1.));
#436 = ORIENTED_EDGE('',*,*,#437,.T.);
#437 = EDGE_CURVE('',#429,#438,#440,.T.);
#438 = VERTEX_POINT('',#439);
#439 = CARTESIAN_POINT('',(-0.35,-4.11149467107,-0.42));
#440 = LINE('',#441,#442);
#441 = CARTESIAN_POINT('',(-0.35,-6.,-0.42));
#442 = VECTOR('',#443,1.);
#443 = DIRECTION('',(0.,-1.,0.));
#444 = ORIENTED_EDGE('',*,*,#445,.T.);
#445 = EDGE_CURVE('',#438,#409,#446,.T.);
#446 = B_SPLINE_CURVE_WITH_KNOTS('',3,(#447,#448,#449,#450),
  .UNSPECIFIED.,.F.,.F.,(4,4),(0.,0.433669624006),
  .PIECEWISE_BEZIER_KNOTS.);
#447 = CARTESIAN_POINT('',(-0.35,-4.11149467155,-0.42));
#448 = CARTESIAN_POINT('',(-0.35,-4.09240755022,-0.520121185935));
#449 = CARTESIAN_POINT('',(-0.380781557419,-4.08274899844,
    -0.617365746324));
#450 = CARTESIAN_POINT('',(-0.440128226208,-4.07630802877,-0.7));
#451 = CYLINDRICAL_SURFACE('',#452,0.48);
#452 = AXIS2_PLACEMENT_3D('',#453,#454,#455);
#453 = CARTESIAN_POINT('',(-0.83,-6.,-0.42));
#454 = DIRECTION('',(-0.,-1.,-0.));
#455 = DIRECTION('',(-1.,0.,0.));
#456 = ADVANCED_FACE('',(#457,#539),#727,.T.);
#457 = FACE_BOUND('',#458,.T.);
#458 = EDGE_LOOP('',(#459,#481,#501,#521));
#459 = ORIENTED_EDGE('',*,*,#460,.T.);
#460 = EDGE_CURVE('',#461,#463,#465,.T.);
#461 = VERTEX_POINT('',#462);
#462 = CARTESIAN_POINT('',(4.3,-1.21809086299E-15,-1.4));
#463 = VERTEX_POINT('',#464);
#464 = CARTESIAN_POINT('',(1.11022302463E-16,-4.3,-1.4));
#465 = B_SPLINE_CURVE_WITH_KNOTS('',5,(#466,#467,#468,#469,#470,#471,
    #472,#473,#474,#475,#476,#477,#478,#479,#480),.UNSPECIFIED.,.F.,.F.,
  (6,3,3,3,6),(0.,2.8732990814,5.74659817409,8.61989727651,9.55211394836
    ),.UNSPECIFIED.);
#466 = CARTESIAN_POINT('',(4.30000000075,-2.22044604925E-16,-1.4));
#467 = CARTESIAN_POINT('',(4.30000000075,-0.406345852968,-1.4));
#468 = CARTESIAN_POINT('',(4.25200088673,-0.812691311278,-1.4));
#469 = CARTESIAN_POINT('',(4.15599106776,-1.21149421597,-1.4));
#470 = CARTESIAN_POINT('',(3.87160387865,-1.97883291623,-1.4));
#471 = CARTESIAN_POINT('',(3.41625733144,-2.65879005487,-1.4));
#472 = CARTESIAN_POINT('',(3.14926643879,-2.97020216211,-1.4));
#473 = CARTESIAN_POINT('',(2.54681244969,-3.5240378329,-1.4));
#474 = CARTESIAN_POINT('',(1.83189903825,-3.92226014211,-1.4));
#475 = CARTESIAN_POINT('',(1.4524335958,-4.07804078385,-1.4));
#476 = CARTESIAN_POINT('',(0.930270500649,-4.22304654512,-1.4));
#477 = CARTESIAN_POINT('',(0.39525131768,-4.28484220645,-1.4));
#478 = CARTESIAN_POINT('',(0.263673585684,-4.29494699079,-1.4));
#479 = CARTESIAN_POINT('',(0.13183702445,-4.29999913675,-1.4));
#480 = CARTESIAN_POINT('',(3.75002806585E-12,-4.29999874335,-1.4));
#481 = ORIENTED_EDGE('',*,*,#482,.T.);
#482 = EDGE_CURVE('',#463,#483,#485,.T.);
#483 = VERTEX_POINT('',#484);
#484 = CARTESIAN_POINT('',(-4.3,-3.02927001926E-15,-1.4));
#485 = B_SPLINE_CURVE_WITH_KNOTS('',5,(#486,#487,#488,#489,#490,#491,
    #492,#493,#494,#495,#496,#497,#498,#499,#500),.UNSPECIFIED.,.F.,.F.,
  (6,3,3,3,6),(9.55211394836,11.4931964024,14.3664955171,17.2397946378,
    19.1042345193),.UNSPECIFIED.);
#486 = CARTESIAN_POINT('',(3.75002806585E-12,-4.29999874335,-1.4));
#487 = CARTESIAN_POINT('',(-0.274514008033,-4.29999792419,-1.4));
#488 = CARTESIAN_POINT('',(-0.549030024394,-4.27809106168,-1.4));
#489 = CARTESIAN_POINT('',(-0.821215575347,-4.2342790495,-1.4));
#490 = CARTESIAN_POINT('',(-1.48472959776,-4.07220770969,-1.4));
#491 = CARTESIAN_POINT('',(-2.10595451454,-3.7821864428,-1.4));
#492 = CARTESIAN_POINT('',(-2.45448362259,-3.56587859197,-1.4));
#493 = CARTESIAN_POINT('',(-3.09381792776,-3.05505923546,-1.4));
#494 = CARTESIAN_POINT('',(-3.59653609145,-2.40933742941,-1.4));
#495 = CARTESIAN_POINT('',(-3.80843348562,-2.05810941649,-1.4));
#496 = CARTESIAN_POINT('',(-4.08610893584,-1.44322360137,-1.4));
#497 = CARTESIAN_POINT('',(-4.23936876812,-0.788951706593,-1.4));
#498 = CARTESIAN_POINT('',(-4.27978990731,-0.527343399485,-1.4));
#499 = CARTESIAN_POINT('',(-4.30000000075,-0.263671616657,-1.4));
#500 = CARTESIAN_POINT('',(-4.30000000075,2.22044604925E-16,-1.4));
#501 = ORIENTED_EDGE('',*,*,#502,.T.);
#502 = EDGE_CURVE('',#483,#503,#505,.T.);
#503 = VERTEX_POINT('',#504);
#504 = CARTESIAN_POINT('',(-3.18154677861E-15,4.3,-1.4));
#505 = B_SPLINE_CURVE_WITH_KNOTS('',5,(#506,#507,#508,#509,#510,#511,
    #512,#513,#514,#515,#516,#517,#518,#519,#520),.UNSPECIFIED.,.F.,.F.,
  (6,3,3,3,6),(0.,2.8732990814,5.7465981741,8.61989727652,9.55211394837)
  ,.UNSPECIFIED.);
#506 = CARTESIAN_POINT('',(-4.30000000075,0.,-1.4));
#507 = CARTESIAN_POINT('',(-4.30000000075,0.406345852967,-1.4));
#508 = CARTESIAN_POINT('',(-4.25200088673,0.812691311276,-1.4));
#509 = CARTESIAN_POINT('',(-4.15599106776,1.21149421597,-1.4));
#510 = CARTESIAN_POINT('',(-3.87160387865,1.97883291623,-1.4));
#511 = CARTESIAN_POINT('',(-3.41625733144,2.65879005487,-1.4));
#512 = CARTESIAN_POINT('',(-3.1492664388,2.97020216211,-1.4));
#513 = CARTESIAN_POINT('',(-2.54681244969,3.5240378329,-1.4));
#514 = CARTESIAN_POINT('',(-1.83189903825,3.92226014211,-1.4));
#515 = CARTESIAN_POINT('',(-1.4524335958,4.07804078385,-1.4));
#516 = CARTESIAN_POINT('',(-0.930270500649,4.22304654512,-1.4));
#517 = CARTESIAN_POINT('',(-0.39525131768,4.28484220645,-1.4));
#518 = CARTESIAN_POINT('',(-0.263673585685,4.29494699079,-1.4));
#519 = CARTESIAN_POINT('',(-0.13183702445,4.29999913675,-1.4));
#520 = CARTESIAN_POINT('',(-3.75328934599E-12,4.29999874335,-1.4));
#521 = ORIENTED_EDGE('',*,*,#522,.T.);
#522 = EDGE_CURVE('',#503,#461,#523,.T.);
#523 = B_SPLINE_CURVE_WITH_KNOTS('',5,(#524,#525,#526,#527,#528,#529,
    #530,#531,#532,#533,#534,#535,#536,#537,#538),.UNSPECIFIED.,.F.,.F.,
  (6,3,3,3,6),(9.55211394837,11.4931964024,14.3664955171,17.2397946378,
    19.1042345193),.UNSPECIFIED.);
#524 = CARTESIAN_POINT('',(-3.75328934599E-12,4.29999874335,-1.4));
#525 = CARTESIAN_POINT('',(0.274514008033,4.29999792419,-1.4));
#526 = CARTESIAN_POINT('',(0.549030024395,4.27809106168,-1.4));
#527 = CARTESIAN_POINT('',(0.821215575349,4.2342790495,-1.4));
#528 = CARTESIAN_POINT('',(1.48472959776,4.07220770969,-1.4));
#529 = CARTESIAN_POINT('',(2.10595451454,3.7821864428,-1.4));
#530 = CARTESIAN_POINT('',(2.45448362259,3.56587859197,-1.4));
#531 = CARTESIAN_POINT('',(3.09381792776,3.05505923546,-1.4));
#532 = CARTESIAN_POINT('',(3.59653609145,2.4093374294,-1.4));
#533 = CARTESIAN_POINT('',(3.80843348562,2.05810941649,-1.4));
#534 = CARTESIAN_POINT('',(4.08610893585,1.44322360137,-1.4));
#535 = CARTESIAN_POINT('',(4.23936876812,0.788951706588,-1.4));
#536 = CARTESIAN_POINT('',(4.27978990731,0.52734339949,-1.4));
#537 = CARTESIAN_POINT('',(4.30000000075,0.263671616659,-1.4));
#538 = CARTESIAN_POINT('',(4.30000000075,1.66533453694E-15,-1.4));
#539 = FACE_BOUND('',#540,.T.);
#540 = EDGE_LOOP('',(#541,#560,#577,#585,#593,#601,#612,#620,#628,#636,
    #653,#670,#678,#686,#694,#705,#713,#721));
#541 = ORIENTED_EDGE('',*,*,#542,.F.);
#542 = EDGE_CURVE('',#543,#545,#547,.T.);
#543 = VERTEX_POINT('',#544);
#544 = CARTESIAN_POINT('',(-3.76115122691E-15,-4.1,-1.4));
#545 = VERTEX_POINT('',#546);
#546 = CARTESIAN_POINT('',(-3.6588932753,-1.85,-1.40000000083));
#547 = B_SPLINE_CURVE_WITH_KNOTS('',5,(#548,#549,#550,#551,#552,#553,
    #554,#555,#556,#557,#558,#559),.UNSPECIFIED.,.F.,.F.,(6,3,3,6),(
    6.39349495164,8.41704037532,11.2227204981,12.7869953217),
  .UNSPECIFIED.);
#548 = CARTESIAN_POINT('',(3.77835263077E-12,-4.09999893659,-1.4));
#549 = CARTESIAN_POINT('',(-0.286175844455,-4.0999979194,-1.4));
#550 = CARTESIAN_POINT('',(-0.572354464282,-4.07502843102,-1.4));
#551 = CARTESIAN_POINT('',(-0.855629976636,-4.02509168514,-1.4));
#552 = CARTESIAN_POINT('',(-1.51779109338,-3.84754655011,-1.4));
#553 = CARTESIAN_POINT('',(-2.13132394486,-3.53637055815,-1.4));
#554 = CARTESIAN_POINT('',(-2.46409799611,-3.31310743217,-1.4));
#555 = CARTESIAN_POINT('',(-2.93517216607,-2.90615638315,-1.4));
#556 = CARTESIAN_POINT('',(-3.32009326082,-2.42087007459,-1.4));
#557 = CARTESIAN_POINT('',(-3.44593875813,-2.23811024845,-1.4));
#558 = CARTESIAN_POINT('',(-3.55907365306,-2.04742126836,-1.4));
#559 = CARTESIAN_POINT('',(-3.65889327601,-1.84999999963,-1.4));
#560 = ORIENTED_EDGE('',*,*,#561,.F.);
#561 = EDGE_CURVE('',#562,#543,#564,.T.);
#562 = VERTEX_POINT('',#563);
#563 = CARTESIAN_POINT('',(3.6588932753,-1.85,-1.40000000083));
#564 = B_SPLINE_CURVE_WITH_KNOTS('',5,(#565,#566,#567,#568,#569,#570,
    #571,#572,#573,#574,#575,#576),.UNSPECIFIED.,.F.,.F.,(6,3,3,6),(0.,
    2.80568013091,5.61136026152,6.39349495164),.UNSPECIFIED.);
#565 = CARTESIAN_POINT('',(3.65889327601,-1.84999999963,-1.4));
#566 = CARTESIAN_POINT('',(3.47985700401,-2.20409438429,-1.4));
#567 = CARTESIAN_POINT('',(3.2579859603,-2.53653030047,-1.4));
#568 = CARTESIAN_POINT('',(2.99675367591,-2.84040968797,-1.4));
#569 = CARTESIAN_POINT('',(2.4060064667,-3.37890941503,-1.4));
#570 = CARTESIAN_POINT('',(1.70389510866,-3.76101049388,-1.4));
#571 = CARTESIAN_POINT('',(1.33128227816,-3.90847122176,-1.4));
#572 = CARTESIAN_POINT('',(0.836751823952,-4.03752908007,-1.4));
#573 = CARTESIAN_POINT('',(0.331666438905,-4.08880952288,-1.4));
#574 = CARTESIAN_POINT('',(0.221223238483,-4.09626954854,-1.4));
#575 = CARTESIAN_POINT('',(0.110611826557,-4.09999932975,-1.4));
#576 = CARTESIAN_POINT('',(3.77835263077E-12,-4.09999893659,-1.4));
#577 = ORIENTED_EDGE('',*,*,#578,.F.);
#578 = EDGE_CURVE('',#579,#562,#581,.T.);
#579 = VERTEX_POINT('',#580);
#580 = CARTESIAN_POINT('',(0.35,-1.85,-1.4));
#581 = LINE('',#582,#583);
#582 = CARTESIAN_POINT('',(2.00444663782,-1.84999999963,-1.4));
#583 = VECTOR('',#584,1.);
#584 = DIRECTION('',(1.,0.,0.));
#585 = ORIENTED_EDGE('',*,*,#586,.T.);
#586 = EDGE_CURVE('',#579,#587,#589,.T.);
#587 = VERTEX_POINT('',#588);
#588 = CARTESIAN_POINT('',(0.35,-0.35,-1.4));
#589 = LINE('',#590,#591);
#590 = CARTESIAN_POINT('',(0.349999999627,-1.09999999963,-1.4));
#591 = VECTOR('',#592,1.);
#592 = DIRECTION('',(0.,1.,0.));
#593 = ORIENTED_EDGE('',*,*,#594,.T.);
#594 = EDGE_CURVE('',#587,#595,#597,.T.);
#595 = VERTEX_POINT('',#596);
#596 = CARTESIAN_POINT('',(4.08503365959,-0.35,-1.40000000083));
#597 = LINE('',#598,#599);
#598 = CARTESIAN_POINT('',(2.21751682926,-0.349999999627,-1.4));
#599 = VECTOR('',#600,1.);
#600 = DIRECTION('',(1.,0.,0.));
#601 = ORIENTED_EDGE('',*,*,#602,.F.);
#602 = EDGE_CURVE('',#603,#595,#605,.T.);
#603 = VERTEX_POINT('',#604);
#604 = CARTESIAN_POINT('',(4.08503365959,0.35,-1.40000000083));
#605 = B_SPLINE_CURVE_WITH_KNOTS('',5,(#606,#607,#608,#609,#610,#611),
  .UNSPECIFIED.,.F.,.F.,(6,6),(0.,0.990552830758),
  .PIECEWISE_BEZIER_KNOTS.);
#606 = CARTESIAN_POINT('',(4.08503365889,0.349999999627,-1.4));
#607 = CARTESIAN_POINT('',(4.09699216222,0.21042603211,-1.4));
#608 = CARTESIAN_POINT('',(4.10298960488,7.03413809896E-02,-1.4));
#609 = CARTESIAN_POINT('',(4.10298961369,-7.03412781823E-02,-1.4));
#610 = CARTESIAN_POINT('',(4.09699216222,-0.21042603211,-1.4));
#611 = CARTESIAN_POINT('',(4.08503365889,-0.349999999627,-1.4));
#612 = ORIENTED_EDGE('',*,*,#613,.F.);
#613 = EDGE_CURVE('',#614,#603,#616,.T.);
#614 = VERTEX_POINT('',#615);
#615 = CARTESIAN_POINT('',(0.35,0.35,-1.4));
#616 = LINE('',#617,#618);
#617 = CARTESIAN_POINT('',(2.21751682926,0.349999999627,-1.4));
#618 = VECTOR('',#619,1.);
#619 = DIRECTION('',(1.,0.,0.));
#620 = ORIENTED_EDGE('',*,*,#621,.F.);
#621 = EDGE_CURVE('',#622,#614,#624,.T.);
#622 = VERTEX_POINT('',#623);
#623 = CARTESIAN_POINT('',(0.35,1.85,-1.4));
#624 = LINE('',#625,#626);
#625 = CARTESIAN_POINT('',(0.349999999627,1.09999999963,-1.4));
#626 = VECTOR('',#627,1.);
#627 = DIRECTION('',(0.,-1.,0.));
#628 = ORIENTED_EDGE('',*,*,#629,.T.);
#629 = EDGE_CURVE('',#622,#630,#632,.T.);
#630 = VERTEX_POINT('',#631);
#631 = CARTESIAN_POINT('',(3.6588932753,1.85,-1.40000000083));
#632 = LINE('',#633,#634);
#633 = CARTESIAN_POINT('',(2.00444663782,1.84999999963,-1.4));
#634 = VECTOR('',#635,1.);
#635 = DIRECTION('',(1.,0.,0.));
#636 = ORIENTED_EDGE('',*,*,#637,.F.);
#637 = EDGE_CURVE('',#638,#630,#640,.T.);
#638 = VERTEX_POINT('',#639);
#639 = CARTESIAN_POINT('',(-1.7763568394E-15,4.1,-1.40000000083));
#640 = B_SPLINE_CURVE_WITH_KNOTS('',5,(#641,#642,#643,#644,#645,#646,
    #647,#648,#649,#650,#651,#652),.UNSPECIFIED.,.F.,.F.,(6,3,3,6),(
    6.39349495164,8.41704037532,11.2227204981,12.7869953217),
  .UNSPECIFIED.);
#641 = CARTESIAN_POINT('',(-3.78065634354E-12,4.09999893659,-1.4));
#642 = CARTESIAN_POINT('',(0.286175844455,4.0999979194,-1.4));
#643 = CARTESIAN_POINT('',(0.572354464282,4.07502843102,-1.4));
#644 = CARTESIAN_POINT('',(0.855629976636,4.02509168514,-1.4));
#645 = CARTESIAN_POINT('',(1.51779109338,3.84754655011,-1.4));
#646 = CARTESIAN_POINT('',(2.13132394486,3.53637055815,-1.4));
#647 = CARTESIAN_POINT('',(2.46409799611,3.31310743217,-1.4));
#648 = CARTESIAN_POINT('',(2.93517216607,2.90615638315,-1.4));
#649 = CARTESIAN_POINT('',(3.32009326082,2.42087007459,-1.4));
#650 = CARTESIAN_POINT('',(3.44593875813,2.23811024845,-1.4));
#651 = CARTESIAN_POINT('',(3.55907365306,2.04742126836,-1.4));
#652 = CARTESIAN_POINT('',(3.65889327601,1.84999999963,-1.4));
#653 = ORIENTED_EDGE('',*,*,#654,.F.);
#654 = EDGE_CURVE('',#655,#638,#657,.T.);
#655 = VERTEX_POINT('',#656);
#656 = CARTESIAN_POINT('',(-3.6588932753,1.85,-1.40000000083));
#657 = B_SPLINE_CURVE_WITH_KNOTS('',5,(#658,#659,#660,#661,#662,#663,
    #664,#665,#666,#667,#668,#669),.UNSPECIFIED.,.F.,.F.,(6,3,3,6),(0.,
    2.80568013091,5.61136026152,6.39349495164),.UNSPECIFIED.);
#658 = CARTESIAN_POINT('',(-3.65889327601,1.84999999963,-1.4));
#659 = CARTESIAN_POINT('',(-3.47985700401,2.20409438429,-1.4));
#660 = CARTESIAN_POINT('',(-3.2579859603,2.53653030047,-1.4));
#661 = CARTESIAN_POINT('',(-2.99675367591,2.84040968797,-1.4));
#662 = CARTESIAN_POINT('',(-2.4060064667,3.37890941503,-1.4));
#663 = CARTESIAN_POINT('',(-1.70389510866,3.76101049388,-1.4));
#664 = CARTESIAN_POINT('',(-1.33128227816,3.90847122176,-1.4));
#665 = CARTESIAN_POINT('',(-0.836751823952,4.03752908007,-1.4));
#666 = CARTESIAN_POINT('',(-0.331666438905,4.08880952288,-1.4));
#667 = CARTESIAN_POINT('',(-0.221223238483,4.09626954854,-1.4));
#668 = CARTESIAN_POINT('',(-0.110611826557,4.09999932975,-1.4));
#669 = CARTESIAN_POINT('',(-3.78065634354E-12,4.09999893659,-1.4));
#670 = ORIENTED_EDGE('',*,*,#671,.F.);
#671 = EDGE_CURVE('',#672,#655,#674,.T.);
#672 = VERTEX_POINT('',#673);
#673 = CARTESIAN_POINT('',(-0.35,1.85,-1.4));
#674 = LINE('',#675,#676);
#675 = CARTESIAN_POINT('',(-2.00444663782,1.84999999963,-1.4));
#676 = VECTOR('',#677,1.);
#677 = DIRECTION('',(-1.,0.,0.));
#678 = ORIENTED_EDGE('',*,*,#679,.T.);
#679 = EDGE_CURVE('',#672,#680,#682,.T.);
#680 = VERTEX_POINT('',#681);
#681 = CARTESIAN_POINT('',(-0.35,0.35,-1.4));
#682 = LINE('',#683,#684);
#683 = CARTESIAN_POINT('',(-0.349999999627,1.09999999963,-1.4));
#684 = VECTOR('',#685,1.);
#685 = DIRECTION('',(0.,-1.,0.));
#686 = ORIENTED_EDGE('',*,*,#687,.T.);
#687 = EDGE_CURVE('',#680,#688,#690,.T.);
#688 = VERTEX_POINT('',#689);
#689 = CARTESIAN_POINT('',(-4.08503365959,0.35,-1.40000000083));
#690 = LINE('',#691,#692);
#691 = CARTESIAN_POINT('',(-2.21751682926,0.349999999627,-1.4));
#692 = VECTOR('',#693,1.);
#693 = DIRECTION('',(-1.,0.,0.));
#694 = ORIENTED_EDGE('',*,*,#695,.F.);
#695 = EDGE_CURVE('',#696,#688,#698,.T.);
#696 = VERTEX_POINT('',#697);
#697 = CARTESIAN_POINT('',(-4.08503365959,-0.35,-1.40000000083));
#698 = B_SPLINE_CURVE_WITH_KNOTS('',5,(#699,#700,#701,#702,#703,#704),
  .UNSPECIFIED.,.F.,.F.,(6,6),(0.,0.990552830758),
  .PIECEWISE_BEZIER_KNOTS.);
#699 = CARTESIAN_POINT('',(-4.08503365889,-0.349999999627,-1.4));
#700 = CARTESIAN_POINT('',(-4.09699216222,-0.21042603211,-1.4));
#701 = CARTESIAN_POINT('',(-4.10298960488,-7.03413809896E-02,-1.4));
#702 = CARTESIAN_POINT('',(-4.10298961369,7.03412781823E-02,-1.4));
#703 = CARTESIAN_POINT('',(-4.09699216222,0.21042603211,-1.4));
#704 = CARTESIAN_POINT('',(-4.08503365889,0.349999999627,-1.4));
#705 = ORIENTED_EDGE('',*,*,#706,.F.);
#706 = EDGE_CURVE('',#707,#696,#709,.T.);
#707 = VERTEX_POINT('',#708);
#708 = CARTESIAN_POINT('',(-0.35,-0.35,-1.4));
#709 = LINE('',#710,#711);
#710 = CARTESIAN_POINT('',(-2.21751682926,-0.349999999627,-1.4));
#711 = VECTOR('',#712,1.);
#712 = DIRECTION('',(-1.,0.,0.));
#713 = ORIENTED_EDGE('',*,*,#714,.F.);
#714 = EDGE_CURVE('',#715,#707,#717,.T.);
#715 = VERTEX_POINT('',#716);
#716 = CARTESIAN_POINT('',(-0.35,-1.85,-1.4));
#717 = LINE('',#718,#719);
#718 = CARTESIAN_POINT('',(-0.349999999627,-1.09999999963,-1.4));
#719 = VECTOR('',#720,1.);
#720 = DIRECTION('',(0.,1.,0.));
#721 = ORIENTED_EDGE('',*,*,#722,.T.);
#722 = EDGE_CURVE('',#715,#545,#723,.T.);
#723 = LINE('',#724,#725);
#724 = CARTESIAN_POINT('',(-2.00444663782,-1.84999999963,-1.4));
#725 = VECTOR('',#726,1.);
#726 = DIRECTION('',(-1.,0.,0.));
#727 = PLANE('',#728);
#728 = AXIS2_PLACEMENT_3D('',#729,#730,#731);
#729 = CARTESIAN_POINT('',(4.4408920985E-15,0.,-1.4));
#730 = DIRECTION('',(0.,0.,-1.));
#731 = DIRECTION('',(0.,1.,0.));
#732 = ADVANCED_FACE('',(#733),#839,.T.);
#733 = FACE_BOUND('',#734,.T.);
#734 = EDGE_LOOP('',(#735,#751,#757,#758,#766,#783,#797,#805,#816,#830)
  );
#735 = ORIENTED_EDGE('',*,*,#736,.T.);
#736 = EDGE_CURVE('',#737,#739,#741,.T.);
#737 = VERTEX_POINT('',#738);
#738 = CARTESIAN_POINT('',(-1.3458920059,-0.350000000529,11.0198684168)
  );
#739 = VERTEX_POINT('',#740);
#740 = CARTESIAN_POINT('',(-0.35,-0.35,11.6684232809));
#741 = B_SPLINE_CURVE_WITH_KNOTS('',5,(#742,#743,#744,#745,#746,#747,
    #748,#749,#750),.UNSPECIFIED.,.F.,.F.,(6,3,6),(0.,1.3749254888,
    1.718511139),.UNSPECIFIED.);
#742 = CARTESIAN_POINT('',(-1.34589200318,-0.35,11.0198684152));
#743 = CARTESIAN_POINT('',(-1.2316051533,-0.35,11.1771799467));
#744 = CARTESIAN_POINT('',(-1.09433490675,-0.35,11.317793291));
#745 = CARTESIAN_POINT('',(-0.937310930151,-0.35,11.4372365855));
#746 = CARTESIAN_POINT('',(-0.722136101176,-0.35,11.5556705216));
#747 = CARTESIAN_POINT('',(-0.491407519945,-0.35,11.632537782));
#748 = CARTESIAN_POINT('',(-0.444632357529,-0.35,11.6462431223));
#749 = CARTESIAN_POINT('',(-0.397502781313,-0.35,11.6582003774));
#750 = CARTESIAN_POINT('',(-0.35,-0.35,11.6684232805));
#751 = ORIENTED_EDGE('',*,*,#752,.F.);
#752 = EDGE_CURVE('',#707,#739,#753,.T.);
#753 = LINE('',#754,#755);
#754 = CARTESIAN_POINT('',(-0.35,-0.35,5.13421164025));
#755 = VECTOR('',#756,1.);
#756 = DIRECTION('',(0.,0.,1.));
#757 = ORIENTED_EDGE('',*,*,#706,.T.);
#758 = ORIENTED_EDGE('',*,*,#759,.F.);
#759 = EDGE_CURVE('',#760,#696,#762,.T.);
#760 = VERTEX_POINT('',#761);
#761 = CARTESIAN_POINT('',(-4.08503365959,-0.35,-0.7));
#762 = LINE('',#763,#764);
#763 = CARTESIAN_POINT('',(-4.08503365926,-0.35,-1.05000000037));
#764 = VECTOR('',#765,1.);
#765 = DIRECTION('',(0.,0.,-1.));
#766 = ORIENTED_EDGE('',*,*,#767,.F.);
#767 = EDGE_CURVE('',#768,#760,#770,.T.);
#768 = VERTEX_POINT('',#769);
#769 = CARTESIAN_POINT('',(-4.61173774189,-0.35,0.439901311518));
#770 = B_SPLINE_CURVE_WITH_KNOTS('',5,(#771,#772,#773,#774,#775,#776,
    #777,#778,#779,#780,#781,#782),.UNSPECIFIED.,.F.,.F.,(6,3,3,6),(0.,
    0.733726684339,1.4689258355,1.83580866149),.UNSPECIFIED.);
#771 = CARTESIAN_POINT('',(-4.61173774153,-0.35,0.439901311323));
#772 = CARTESIAN_POINT('',(-4.53299296456,-0.35,0.372772041854));
#773 = CARTESIAN_POINT('',(-4.46002243581,-0.35,0.298610711388));
#774 = CARTESIAN_POINT('',(-4.39327665443,-0.35,0.21814474421));
#775 = CARTESIAN_POINT('',(-4.27469452433,-0.35,4.72207537818E-02));
#776 = CARTESIAN_POINT('',(-4.18743540911,-0.35,-0.141370506682));
#777 = CARTESIAN_POINT('',(-4.15235785916,-0.35,-0.238941862525));
#778 = CARTESIAN_POINT('',(-4.11220546587,-0.35,-0.390138007108));
#779 = CARTESIAN_POINT('',(-4.09184151898,-0.35,-0.544686082153));
#780 = CARTESIAN_POINT('',(-4.08721141042,-0.35,-0.596509908432));
#781 = CARTESIAN_POINT('',(-4.08504137539,-0.35,-0.648307856454));
#782 = CARTESIAN_POINT('',(-4.08503365926,-0.35,-0.700000000745));
#783 = ORIENTED_EDGE('',*,*,#784,.T.);
#784 = EDGE_CURVE('',#768,#785,#787,.T.);
#785 = VERTEX_POINT('',#786);
#786 = CARTESIAN_POINT('',(-4.78722257682,-0.35,0.819868415138));
#787 = B_SPLINE_CURVE_WITH_KNOTS('',5,(#788,#789,#790,#791,#792,#793,
    #794,#795,#796),.UNSPECIFIED.,.F.,.F.,(6,3,6),(0.,0.36677071514,
    0.610847986586),.UNSPECIFIED.);
#788 = CARTESIAN_POINT('',(-4.61173774153,-0.35,0.439901311323));
#789 = CARTESIAN_POINT('',(-4.65111681677,-0.35,0.473465849751));
#790 = CARTESIAN_POINT('',(-4.68614529646,-0.35,0.512249536834));
#791 = CARTESIAN_POINT('',(-4.71606664996,-0.35,0.555156398906));
#792 = CARTESIAN_POINT('',(-4.75581238113,-0.35,0.632640467104));
#793 = CARTESIAN_POINT('',(-4.77817340572,-0.35,0.716453436883));
#794 = CARTESIAN_POINT('',(-4.78428096008,-0.35,0.751020769278));
#795 = CARTESIAN_POINT('',(-4.78720665452,-0.35,0.785424169131));
#796 = CARTESIAN_POINT('',(-4.78722257763,-0.35,0.819868415967));
#797 = ORIENTED_EDGE('',*,*,#798,.F.);
#798 = EDGE_CURVE('',#799,#785,#801,.T.);
#799 = VERTEX_POINT('',#800);
#800 = CARTESIAN_POINT('',(-4.78722257682,-0.35,2.01986841536));
#801 = LINE('',#802,#803);
#802 = CARTESIAN_POINT('',(-4.78722257763,-0.35,1.41986841559));
#803 = VECTOR('',#804,1.);
#804 = DIRECTION('',(0.,0.,-1.));
#805 = ORIENTED_EDGE('',*,*,#806,.F.);
#806 = EDGE_CURVE('',#807,#799,#809,.T.);
#807 = VERTEX_POINT('',#808);
#808 = CARTESIAN_POINT('',(-3.52553264302,-0.35000000014,7.82203777126)
  );
#809 = B_SPLINE_CURVE_WITH_KNOTS('',5,(#810,#811,#812,#813,#814,#815),
  .UNSPECIFIED.,.F.,.F.,(6,6),(0.,8.3972651832),
  .PIECEWISE_BEZIER_KNOTS.);
#810 = CARTESIAN_POINT('',(-3.52553264089,-0.35,7.82203777172));
#811 = CARTESIAN_POINT('',(-3.77818205546,-0.35,6.66167166257));
#812 = CARTESIAN_POINT('',(-4.03060746791,-0.35,5.50125678344));
#813 = CARTESIAN_POINT('',(-4.28292811908,-0.35,4.3408191025));
#814 = CARTESIAN_POINT('',(-4.53511327051,-0.35,3.18035199142));
#815 = CARTESIAN_POINT('',(-4.78722257763,-0.35,2.01986841522));
#816 = ORIENTED_EDGE('',*,*,#817,.F.);
#817 = EDGE_CURVE('',#818,#807,#820,.T.);
#818 = VERTEX_POINT('',#819);
#819 = CARTESIAN_POINT('',(-3.36542250793,-0.350000000012,8.18545544235)
  );
#820 = B_SPLINE_CURVE_WITH_KNOTS('',5,(#821,#822,#823,#824,#825,#826,
    #827,#828,#829),.UNSPECIFIED.,.F.,.F.,(6,3,6),(0.,0.452465216623,
    0.565537477514),.UNSPECIFIED.);
#821 = CARTESIAN_POINT('',(-3.36542250812,-0.35,8.18545544185));
#822 = CARTESIAN_POINT('',(-3.40221490434,-0.35,8.13340690851));
#823 = CARTESIAN_POINT('',(-3.43485557455,-0.35,8.07818055241));
#824 = CARTESIAN_POINT('',(-3.46338970933,-0.35,8.01983039629));
#825 = CARTESIAN_POINT('',(-3.49284277779,-0.35,7.945222216));
#826 = CARTESIAN_POINT('',(-3.51444458173,-0.35,7.86851669278));
#827 = CARTESIAN_POINT('',(-3.51844396356,-0.35,7.85309726617));
#828 = CARTESIAN_POINT('',(-3.52213649896,-0.35,7.83760726719));
#829 = CARTESIAN_POINT('',(-3.52553264089,-0.35,7.82203777172));
#830 = ORIENTED_EDGE('',*,*,#831,.F.);
#831 = EDGE_CURVE('',#737,#818,#832,.T.);
#832 = B_SPLINE_CURVE_WITH_KNOTS('',5,(#833,#834,#835,#836,#837,#838),
  .UNSPECIFIED.,.F.,.F.,(6,6),(0.,4.45292261886),
  .PIECEWISE_BEZIER_KNOTS.);
#833 = CARTESIAN_POINT('',(-1.34589200318,-0.35,11.0198684152));
#834 = CARTESIAN_POINT('',(-1.71597759799,-0.35,10.5103523182));
#835 = CARTESIAN_POINT('',(-2.08174547703,-0.35,9.99770732726));
#836 = CARTESIAN_POINT('',(-2.63812222644,-0.35,9.21371077072));
#837 = CARTESIAN_POINT('',(-3.00194850161,-0.35,8.69970891866));
#838 = CARTESIAN_POINT('',(-3.36542250812,-0.35,8.18545544185));
#839 = PLANE('',#840);
#840 = AXIS2_PLACEMENT_3D('',#841,#842,#843);
#841 = CARTESIAN_POINT('',(-20.35,-0.35,-1.4));
#842 = DIRECTION('',(-0.,1.,0.));
#843 = DIRECTION('',(1.,0.,0.));
#844 = ADVANCED_FACE('',(#845),#864,.F.);
#845 = FACE_BOUND('',#846,.F.);
#846 = EDGE_LOOP('',(#847,#855,#856,#857));
#847 = ORIENTED_EDGE('',*,*,#848,.T.);
#848 = EDGE_CURVE('',#849,#688,#851,.T.);
#849 = VERTEX_POINT('',#850);
#850 = CARTESIAN_POINT('',(-4.08503365959,0.35,-0.7));
#851 = LINE('',#852,#853);
#852 = CARTESIAN_POINT('',(-4.08503365959,0.35,81.5030760523));
#853 = VECTOR('',#854,1.);
#854 = DIRECTION('',(0.,0.,-1.));
#855 = ORIENTED_EDGE('',*,*,#695,.F.);
#856 = ORIENTED_EDGE('',*,*,#759,.F.);
#857 = ORIENTED_EDGE('',*,*,#858,.T.);
#858 = EDGE_CURVE('',#760,#849,#859,.T.);
#859 = CIRCLE('',#860,4.1);
#860 = AXIS2_PLACEMENT_3D('',#861,#862,#863);
#861 = CARTESIAN_POINT('',(-2.44249065418E-15,0.,-0.699999999711));
#862 = DIRECTION('',(0.,0.,-1.));
#863 = DIRECTION('',(-1.,0.,-0.));
#864 = CYLINDRICAL_SURFACE('',#865,4.1);
#865 = AXIS2_PLACEMENT_3D('',#866,#867,#868);
#866 = CARTESIAN_POINT('',(-2.44249065418E-15,0.,81.5030760518));
#867 = DIRECTION('',(0.,0.,-1.));
#868 = DIRECTION('',(1.22464679915E-16,-1.,0.));
#869 = ADVANCED_FACE('',(#870),#1070,.T.);
#870 = FACE_BOUND('',#871,.T.);
#871 = EDGE_LOOP('',(#872,#882,#899,#907,#924,#932,#949,#957,#974,#980,
    #981,#989,#1003,#1017,#1025,#1036,#1047,#1058));
#872 = ORIENTED_EDGE('',*,*,#873,.F.);
#873 = EDGE_CURVE('',#874,#876,#878,.T.);
#874 = VERTEX_POINT('',#875);
#875 = CARTESIAN_POINT('',(-0.35,1.85,6.69999999963));
#876 = VERTEX_POINT('',#877);
#877 = CARTESIAN_POINT('',(-0.350000000299,1.85000000158,10.3198962247)
  );
#878 = LINE('',#879,#880);
#879 = CARTESIAN_POINT('',(-0.35,1.85,8.50994811151));
#880 = VECTOR('',#881,1.);
#881 = DIRECTION('',(0.,0.,1.));
#882 = ORIENTED_EDGE('',*,*,#883,.F.);
#883 = EDGE_CURVE('',#884,#874,#886,.T.);
#884 = VERTEX_POINT('',#885);
#885 = CARTESIAN_POINT('',(-0.95,1.84999999963,7.3));
#886 = B_SPLINE_CURVE_WITH_KNOTS('',5,(#887,#888,#889,#890,#891,#892,
    #893,#894,#895,#896,#897,#898),.UNSPECIFIED.,.F.,.F.,(6,3,3,6),(0.,
    0.533131654864,1.06626330738,1.33228940496),.UNSPECIFIED.);
#887 = CARTESIAN_POINT('',(-0.949999999627,1.85,7.29999999925));
#888 = CARTESIAN_POINT('',(-0.874603797943,1.85,7.29999999925));
#889 = CARTESIAN_POINT('',(-0.799208294109,1.85,7.28815710922));
#890 = CARTESIAN_POINT('',(-0.726284107133,1.85,7.26446305808));
#891 = CARTESIAN_POINT('',(-0.590367209132,1.85,7.1949908856));
#892 = CARTESIAN_POINT('',(-0.482296873715,1.85,7.08719595684));
#893 = CARTESIAN_POINT('',(-0.437226979236,1.85,7.02516330409));
#894 = CARTESIAN_POINT('',(-0.385418697873,1.85,6.92316160611));
#895 = CARTESIAN_POINT('',(-0.358919034397,1.85,6.81293828842));
#896 = CARTESIAN_POINT('',(-0.352948745185,1.85,6.77524371641));
#897 = CARTESIAN_POINT('',(-0.35,1.85,6.73762177114));
#898 = CARTESIAN_POINT('',(-0.35,1.85,6.69999999963));
#899 = ORIENTED_EDGE('',*,*,#900,.F.);
#900 = EDGE_CURVE('',#901,#884,#903,.T.);
#901 = VERTEX_POINT('',#902);
#902 = CARTESIAN_POINT('',(-1.15000000075,1.85,7.29999999925));
#903 = LINE('',#904,#905);
#904 = CARTESIAN_POINT('',(-1.05000000019,1.85,7.29999999925));
#905 = VECTOR('',#906,1.);
#906 = DIRECTION('',(1.,0.,0.));
#907 = ORIENTED_EDGE('',*,*,#908,.F.);
#908 = EDGE_CURVE('',#909,#901,#911,.T.);
#909 = VERTEX_POINT('',#910);
#910 = CARTESIAN_POINT('',(-1.75000000037,1.85,6.69999999963));
#911 = B_SPLINE_CURVE_WITH_KNOTS('',5,(#912,#913,#914,#915,#916,#917,
    #918,#919,#920,#921,#922,#923),.UNSPECIFIED.,.F.,.F.,(6,3,3,6),(0.,
    0.53313162853,1.06626325723,1.3322893533),.UNSPECIFIED.);
#912 = CARTESIAN_POINT('',(-1.75000000037,1.85,6.69999999963));
#913 = CARTESIAN_POINT('',(-1.75000000037,1.85,6.77539619759));
#914 = CARTESIAN_POINT('',(-1.73815711151,1.85,6.8507916977));
#915 = CARTESIAN_POINT('',(-1.71446305576,1.85,6.9237159007));
#916 = CARTESIAN_POINT('',(-1.64499088561,1.85,7.05963279162));
#917 = CARTESIAN_POINT('',(-1.53719596277,1.85,7.16770312257));
#918 = CARTESIAN_POINT('',(-1.47516329727,1.85,7.21277302497));
#919 = CARTESIAN_POINT('',(-1.37316160227,1.85,7.26458130394));
#920 = CARTESIAN_POINT('',(-1.26293828809,1.85,7.29108096662));
#921 = CARTESIAN_POINT('',(-1.22524371711,1.85,7.2970512541));
#922 = CARTESIAN_POINT('',(-1.18762177205,1.85,7.29999999925));
#923 = CARTESIAN_POINT('',(-1.15000000075,1.85,7.29999999925));
#924 = ORIENTED_EDGE('',*,*,#925,.F.);
#925 = EDGE_CURVE('',#926,#909,#928,.T.);
#926 = VERTEX_POINT('',#927);
#927 = CARTESIAN_POINT('',(-1.75000000037,1.85,-0.300000000373));
#928 = LINE('',#929,#930);
#929 = CARTESIAN_POINT('',(-1.75000000037,1.85,3.19999999963));
#930 = VECTOR('',#931,1.);
#931 = DIRECTION('',(0.,0.,1.));
#932 = ORIENTED_EDGE('',*,*,#933,.F.);
#933 = EDGE_CURVE('',#934,#926,#936,.T.);
#934 = VERTEX_POINT('',#935);
#935 = CARTESIAN_POINT('',(-1.2,1.84999999963,-0.85));
#936 = B_SPLINE_CURVE_WITH_KNOTS('',5,(#937,#938,#939,#940,#941,#942,
    #943,#944,#945,#946,#947,#948),.UNSPECIFIED.,.F.,.F.,(6,3,3,6),(0.,
    0.48870402166,0.977408029658,1.22126528419),.UNSPECIFIED.);
#937 = CARTESIAN_POINT('',(-1.19999999963,1.85,-0.849999999255));
#938 = CARTESIAN_POINT('',(-1.26911318517,1.85,-0.849999999255));
#939 = CARTESIAN_POINT('',(-1.33822567286,1.85,-0.839144016522));
#940 = CARTESIAN_POINT('',(-1.40507285501,1.85,-0.817424504642));
#941 = CARTESIAN_POINT('',(-1.52966343879,1.85,-0.753741611804));
#942 = CARTESIAN_POINT('',(-1.6287278188,1.85,-0.654929662603));
#943 = CARTESIAN_POINT('',(-1.67004191961,1.85,-0.598066414199));
#944 = CARTESIAN_POINT('',(-1.71753287036,1.85,-0.504564775805));
#945 = CARTESIAN_POINT('',(-1.74182421488,1.85,-0.403526777136));
#946 = CARTESIAN_POINT('',(-1.74729698399,1.85,-0.368973421458));
#947 = CARTESIAN_POINT('',(-1.75000000037,1.85,-0.334486624037));
#948 = CARTESIAN_POINT('',(-1.75000000037,1.85,-0.300000000373));
#949 = ORIENTED_EDGE('',*,*,#950,.F.);
#950 = EDGE_CURVE('',#951,#934,#953,.T.);
#951 = VERTEX_POINT('',#952);
#952 = CARTESIAN_POINT('',(-0.900000000745,1.85,-0.849999999255));
#953 = LINE('',#954,#955);
#954 = CARTESIAN_POINT('',(-1.05000000019,1.85,-0.849999999255));
#955 = VECTOR('',#956,1.);
#956 = DIRECTION('',(-1.,0.,0.));
#957 = ORIENTED_EDGE('',*,*,#958,.F.);
#958 = EDGE_CURVE('',#959,#951,#961,.T.);
#959 = VERTEX_POINT('',#960);
#960 = CARTESIAN_POINT('',(-0.35,1.85,-0.300000000373));
#961 = B_SPLINE_CURVE_WITH_KNOTS('',5,(#962,#963,#964,#965,#966,#967,
    #968,#969,#970,#971,#972,#973),.UNSPECIFIED.,.F.,.F.,(6,3,3,6),(0.,
    0.488704006329,0.977408025291,1.22126528112),.UNSPECIFIED.);
#962 = CARTESIAN_POINT('',(-0.35,1.85,-0.300000000373));
#963 = CARTESIAN_POINT('',(-0.35,1.85,-0.369113183746));
#964 = CARTESIAN_POINT('',(-0.360855982052,1.85,-0.438225669271));
#965 = CARTESIAN_POINT('',(-0.382575496611,1.85,-0.505072857801));
#966 = CARTESIAN_POINT('',(-0.446258389715,1.85,-0.629663440622));
#967 = CARTESIAN_POINT('',(-0.545070338869,1.85,-0.7287278199));
#968 = CARTESIAN_POINT('',(-0.601933582257,1.85,-0.770041917071));
#969 = CARTESIAN_POINT('',(-0.695435222104,1.85,-0.817532868968));
#970 = CARTESIAN_POINT('',(-0.796473222477,1.85,-0.841824213853));
#971 = CARTESIAN_POINT('',(-0.831026579292,1.85,-0.847296982843));
#972 = CARTESIAN_POINT('',(-0.865513376897,1.85,-0.849999999255));
#973 = CARTESIAN_POINT('',(-0.900000000745,1.85,-0.849999999255));
#974 = ORIENTED_EDGE('',*,*,#975,.F.);
#975 = EDGE_CURVE('',#672,#959,#976,.T.);
#976 = LINE('',#977,#978);
#977 = CARTESIAN_POINT('',(-0.35,1.85,-0.850000000186));
#978 = VECTOR('',#979,1.);
#979 = DIRECTION('',(0.,0.,1.));
#980 = ORIENTED_EDGE('',*,*,#671,.T.);
#981 = ORIENTED_EDGE('',*,*,#982,.F.);
#982 = EDGE_CURVE('',#983,#655,#985,.T.);
#983 = VERTEX_POINT('',#984);
#984 = CARTESIAN_POINT('',(-3.6588932753,1.85,-0.7));
#985 = LINE('',#986,#987);
#986 = CARTESIAN_POINT('',(-3.65889327452,1.85,-1.05000000037));
#987 = VECTOR('',#988,1.);
#988 = DIRECTION('',(0.,0.,-1.));
#989 = ORIENTED_EDGE('',*,*,#990,.F.);
#990 = EDGE_CURVE('',#991,#983,#993,.T.);
#991 = VERTEX_POINT('',#992);
#992 = CARTESIAN_POINT('',(-4.23888251783,1.85,0.439901311518));
#993 = B_SPLINE_CURVE_WITH_KNOTS('',5,(#994,#995,#996,#997,#998,#999,
    #1000,#1001,#1002),.UNSPECIFIED.,.F.,.F.,(6,3,6),(0.,1.12549473374,
    1.87758268415),.UNSPECIFIED.);
#994 = CARTESIAN_POINT('',(-4.23888251781,1.85,0.439901311323));
#995 = CARTESIAN_POINT('',(-4.11395999385,1.85,0.342044387865));
#996 = CARTESIAN_POINT('',(-4.00095425822,1.85,0.228722852344));
#997 = CARTESIAN_POINT('',(-3.9021024572,1.85,0.102409574844));
#998 = CARTESIAN_POINT('',(-3.76763589613,1.85,-0.129496958609));
#999 = CARTESIAN_POINT('',(-3.69016508605,1.85,-0.384446186693));
#1000 = CARTESIAN_POINT('',(-3.66944743933,1.85,-0.487775623269));
#1001 = CARTESIAN_POINT('',(-3.65893022588,1.85,-0.593886070671));
#1002 = CARTESIAN_POINT('',(-3.65889327452,1.85,-0.700000000745));
#1003 = ORIENTED_EDGE('',*,*,#1004,.T.);
#1004 = EDGE_CURVE('',#991,#1005,#1007,.T.);
#1005 = VERTEX_POINT('',#1006);
#1006 = CARTESIAN_POINT('',(-4.4291647068,1.85,0.819868415138));
#1007 = B_SPLINE_CURVE_WITH_KNOTS('',5,(#1008,#1009,#1010,#1011,#1012,
    #1013,#1014,#1015,#1016),.UNSPECIFIED.,.F.,.F.,(6,3,6),(0.,
    0.373228424969,0.621831102368),.UNSPECIFIED.);
#1008 = CARTESIAN_POINT('',(-4.23888251781,1.85,0.439901311323));
#1009 = CARTESIAN_POINT('',(-4.2803269924,1.85,0.472377203213));
#1010 = CARTESIAN_POINT('',(-4.31776020582,1.85,0.510137608403));
#1011 = CARTESIAN_POINT('',(-4.35045278326,1.85,0.5526367728));
#1012 = CARTESIAN_POINT('',(-4.39411802602,1.85,0.629732804434));
#1013 = CARTESIAN_POINT('',(-4.41895544503,1.85,0.714523823326));
#1014 = CARTESIAN_POINT('',(-4.42589360019,1.85,0.749767522612));
#1015 = CARTESIAN_POINT('',(-4.42915259657,1.85,0.78481295875));
#1016 = CARTESIAN_POINT('',(-4.42916470617,1.85,0.819868415967));
#1017 = ORIENTED_EDGE('',*,*,#1018,.F.);
#1018 = EDGE_CURVE('',#1019,#1005,#1021,.T.);
#1019 = VERTEX_POINT('',#1020);
#1020 = CARTESIAN_POINT('',(-4.4291647068,1.85,2.01986841626));
#1021 = LINE('',#1022,#1023);
#1022 = CARTESIAN_POINT('',(-4.42916470617,1.85,1.41986841559));
#1023 = VECTOR('',#1024,1.);
#1024 = DIRECTION('',(0.,0.,-1.));
#1025 = ORIENTED_EDGE('',*,*,#1026,.F.);
#1026 = EDGE_CURVE('',#1027,#1019,#1029,.T.);
#1027 = VERTEX_POINT('',#1028);
#1028 = CARTESIAN_POINT('',(-3.02148645774,1.85000000074,7.82203777126)
  );
#1029 = B_SPLINE_CURVE_WITH_KNOTS('',5,(#1030,#1031,#1032,#1033,#1034,
    #1035),.UNSPECIFIED.,.F.,.F.,(6,6),(0.,8.74060040735),
  .PIECEWISE_BEZIER_KNOTS.);
#1030 = CARTESIAN_POINT('',(-3.02148645595,1.85,7.82203777172));
#1031 = CARTESIAN_POINT('',(-3.32590982759,1.85,6.62401320693));
#1032 = CARTESIAN_POINT('',(-3.61975459499,1.85,5.4233040964));
#1033 = CARTESIAN_POINT('',(-3.86134862056,1.85,4.42599096649));
#1034 = CARTESIAN_POINT('',(-4.14659758217,1.85,3.22323498107));
#1035 = CARTESIAN_POINT('',(-4.42916470617,1.85,2.01986841522));
#1036 = ORIENTED_EDGE('',*,*,#1037,.F.);
#1037 = EDGE_CURVE('',#1038,#1027,#1040,.T.);
#1038 = VERTEX_POINT('',#1039);
#1039 = CARTESIAN_POINT('',(-2.83303170767,1.85000000006,8.18545544235)
  );
#1040 = B_SPLINE_CURVE_WITH_KNOTS('',5,(#1041,#1042,#1043,#1044,#1045,
    #1046),.UNSPECIFIED.,.F.,.F.,(6,6),(0.,0.583628593187),
  .PIECEWISE_BEZIER_KNOTS.);
#1041 = CARTESIAN_POINT('',(-2.83303170688,1.85,8.18545544185));
#1042 = CARTESIAN_POINT('',(-2.88593187154,1.85,8.12245478203));
#1043 = CARTESIAN_POINT('',(-2.93228945027,1.85,8.05350159824));
#1044 = CARTESIAN_POINT('',(-2.97180077459,1.85,7.97896696952));
#1045 = CARTESIAN_POINT('',(-3.001171861,1.85,7.90179751075));
#1046 = CARTESIAN_POINT('',(-3.02148645595,1.85,7.82203777172));
#1047 = ORIENTED_EDGE('',*,*,#1048,.F.);
#1048 = EDGE_CURVE('',#1049,#1038,#1051,.T.);
#1049 = VERTEX_POINT('',#1050);
#1050 = CARTESIAN_POINT('',(-1.72013546851,1.85000000071,9.4049392444));
#1051 = B_SPLINE_CURVE_WITH_KNOTS('',5,(#1052,#1053,#1054,#1055,#1056,
    #1057),.UNSPECIFIED.,.F.,.F.,(6,6),(0.,2.35001414688),
  .PIECEWISE_BEZIER_KNOTS.);
#1052 = CARTESIAN_POINT('',(-1.7201354675,1.85,9.40493924394));
#1053 = CARTESIAN_POINT('',(-1.95764606735,1.85,9.17492075343));
#1054 = CARTESIAN_POINT('',(-2.18537841075,1.85,8.93553166921));
#1055 = CARTESIAN_POINT('',(-2.40570176986,1.85,8.6890410607));
#1056 = CARTESIAN_POINT('',(-2.62065358568,1.85,8.43836168078));
#1057 = CARTESIAN_POINT('',(-2.83303170688,1.85,8.18545544185));
#1058 = ORIENTED_EDGE('',*,*,#1059,.F.);
#1059 = EDGE_CURVE('',#876,#1049,#1060,.T.);
#1060 = B_SPLINE_CURVE_WITH_KNOTS('',5,(#1061,#1062,#1063,#1064,#1065,
    #1066,#1067,#1068,#1069),.UNSPECIFIED.,.F.,.F.,(6,3,6),(0.,
    1.87032214498,2.35620702534),.UNSPECIFIED.);
#1061 = CARTESIAN_POINT('',(-0.35,1.85,10.3198962234));
#1062 = CARTESIAN_POINT('',(-0.605238633293,1.85,10.2524154168));
#1063 = CARTESIAN_POINT('',(-0.844673833682,1.85,10.1375843202));
#1064 = CARTESIAN_POINT('',(-1.06730022393,1.85,9.98636011014));
#1065 = CARTESIAN_POINT('',(-1.32683527923,1.85,9.77408665004));
#1066 = CARTESIAN_POINT('',(-1.57161223164,1.85,9.54720797137));
#1067 = CARTESIAN_POINT('',(-1.62155214543,1.85,9.49997888488));
#1068 = CARTESIAN_POINT('',(-1.67102818466,1.85,9.45249747115));
#1069 = CARTESIAN_POINT('',(-1.7201354675,1.85,9.40493924394));
#1070 = PLANE('',#1071);
#1071 = AXIS2_PLACEMENT_3D('',#1072,#1073,#1074);
#1072 = CARTESIAN_POINT('',(-0.35,1.85,-1.4));
#1073 = DIRECTION('',(0.,1.,-0.));
#1074 = DIRECTION('',(-1.,0.,0.));
#1075 = ADVANCED_FACE('',(#1076),#1132,.F.);
#1076 = FACE_BOUND('',#1077,.F.);
#1077 = EDGE_LOOP('',(#1078,#1086,#1087,#1088,#1097,#1106,#1115,#1125));
#1078 = ORIENTED_EDGE('',*,*,#1079,.T.);
#1079 = EDGE_CURVE('',#1080,#638,#1082,.T.);
#1080 = VERTEX_POINT('',#1081);
#1081 = CARTESIAN_POINT('',(1.11022302463E-16,4.1,-0.7));
#1082 = LINE('',#1083,#1084);
#1083 = CARTESIAN_POINT('',(-3.44670102948E-15,4.1,81.5030760523));
#1084 = VECTOR('',#1085,1.);
#1085 = DIRECTION('',(0.,0.,-1.));
#1086 = ORIENTED_EDGE('',*,*,#654,.F.);
#1087 = ORIENTED_EDGE('',*,*,#982,.F.);
#1088 = ORIENTED_EDGE('',*,*,#1089,.T.);
#1089 = EDGE_CURVE('',#983,#1090,#1092,.T.);
#1090 = VERTEX_POINT('',#1091);
#1091 = CARTESIAN_POINT('',(-1.57749172176,3.78437839913,-0.7));
#1092 = CIRCLE('',#1093,4.1);
#1093 = AXIS2_PLACEMENT_3D('',#1094,#1095,#1096);
#1094 = CARTESIAN_POINT('',(-2.44249065418E-15,0.,-0.699999999711));
#1095 = DIRECTION('',(0.,0.,-1.));
#1096 = DIRECTION('',(-1.,0.,-0.));
#1097 = ORIENTED_EDGE('',*,*,#1098,.F.);
#1098 = EDGE_CURVE('',#1099,#1090,#1101,.T.);
#1099 = VERTEX_POINT('',#1100);
#1100 = CARTESIAN_POINT('',(-1.2,3.92045915678,-0.850000000084));
#1101 = B_SPLINE_CURVE_WITH_KNOTS('',3,(#1102,#1103,#1104,#1105),
  .UNSPECIFIED.,.F.,.F.,(4,4),(0.,0.62135160814),
  .PIECEWISE_BEZIER_KNOTS.);
#1102 = CARTESIAN_POINT('',(-1.2,3.92045915678,-0.850000000084));
#1103 = CARTESIAN_POINT('',(-1.33966628592,3.87770917868,-0.849828483051
    ));
#1104 = CARTESIAN_POINT('',(-1.47612880654,3.82663082285,-0.795776917695
    ));
#1105 = CARTESIAN_POINT('',(-1.57749172176,3.78437839913,-0.699999999711
    ));
#1106 = ORIENTED_EDGE('',*,*,#1107,.T.);
#1107 = EDGE_CURVE('',#1099,#1108,#1110,.T.);
#1108 = VERTEX_POINT('',#1109);
#1109 = CARTESIAN_POINT('',(-0.9,4.,-0.850000000084));
#1110 = CIRCLE('',#1111,4.1);
#1111 = AXIS2_PLACEMENT_3D('',#1112,#1113,#1114);
#1112 = CARTESIAN_POINT('',(-2.44249065418E-15,0.,-0.850000000084));
#1113 = DIRECTION('',(0.,0.,-1.));
#1114 = DIRECTION('',(-1.,0.,-0.));
#1115 = ORIENTED_EDGE('',*,*,#1116,.F.);
#1116 = EDGE_CURVE('',#1117,#1108,#1119,.T.);
#1117 = VERTEX_POINT('',#1118);
#1118 = CARTESIAN_POINT('',(-0.522508278236,4.06656920501,-0.7));
#1119 = B_SPLINE_CURVE_WITH_KNOTS('',4,(#1120,#1121,#1122,#1123,#1124),
  .UNSPECIFIED.,.F.,.F.,(5,5),(0.,0.598045702277),
  .PIECEWISE_BEZIER_KNOTS.);
#1120 = CARTESIAN_POINT('',(-0.522508278236,4.06656920501,
    -0.699999999711));
#1121 = CARTESIAN_POINT('',(-0.59867099931,4.05678315435,-0.771936971337
    ));
#1122 = CARTESIAN_POINT('',(-0.695119032575,4.04243596661,
    -0.824920020983));
#1123 = CARTESIAN_POINT('',(-0.79739475216,4.02308618076,-0.850074445713
    ));
#1124 = CARTESIAN_POINT('',(-0.9,4.,-0.850000000084));
#1125 = ORIENTED_EDGE('',*,*,#1126,.T.);
#1126 = EDGE_CURVE('',#1117,#1080,#1127,.T.);
#1127 = CIRCLE('',#1128,4.1);
#1128 = AXIS2_PLACEMENT_3D('',#1129,#1130,#1131);
#1129 = CARTESIAN_POINT('',(-2.44249065418E-15,0.,-0.699999999711));
#1130 = DIRECTION('',(0.,0.,-1.));
#1131 = DIRECTION('',(-1.,0.,-0.));
#1132 = CYLINDRICAL_SURFACE('',#1133,4.1);
#1133 = AXIS2_PLACEMENT_3D('',#1134,#1135,#1136);
#1134 = CARTESIAN_POINT('',(-2.44249065418E-15,0.,81.5030760518));
#1135 = DIRECTION('',(0.,0.,-1.));
#1136 = DIRECTION('',(1.22464679915E-16,-1.,0.));
#1137 = ADVANCED_FACE('',(#1138),#1194,.F.);
#1138 = FACE_BOUND('',#1139,.F.);
#1139 = EDGE_LOOP('',(#1140,#1141,#1150,#1160,#1169,#1178,#1187,#1193));
#1140 = ORIENTED_EDGE('',*,*,#1079,.F.);
#1141 = ORIENTED_EDGE('',*,*,#1142,.T.);
#1142 = EDGE_CURVE('',#1080,#1143,#1145,.T.);
#1143 = VERTEX_POINT('',#1144);
#1144 = CARTESIAN_POINT('',(0.5027864045,4.06905466066,-0.7));
#1145 = CIRCLE('',#1146,4.1);
#1146 = AXIS2_PLACEMENT_3D('',#1147,#1148,#1149);
#1147 = CARTESIAN_POINT('',(-2.44249065418E-15,0.,-0.699999999711));
#1148 = DIRECTION('',(0.,0.,-1.));
#1149 = DIRECTION('',(-1.,0.,-0.));
#1150 = ORIENTED_EDGE('',*,*,#1151,.T.);
#1151 = EDGE_CURVE('',#1143,#1152,#1154,.T.);
#1152 = VERTEX_POINT('',#1153);
#1153 = CARTESIAN_POINT('',(0.95,3.98842074009,-0.900000000829));
#1154 = B_SPLINE_CURVE_WITH_KNOTS('',4,(#1155,#1156,#1157,#1158,#1159),
  .UNSPECIFIED.,.F.,.F.,(5,5),(0.,0.724759560522),
  .PIECEWISE_BEZIER_KNOTS.);
#1155 = CARTESIAN_POINT('',(0.5027864045,4.06905466066,-0.699999999711)
  );
#1156 = CARTESIAN_POINT('',(0.587814447591,4.05854830289,-0.794866919827
    ));
#1157 = CARTESIAN_POINT('',(0.698805312142,4.04262192084,-0.865366500185
    ));
#1158 = CARTESIAN_POINT('',(0.825793500071,4.01800542602,-0.899992953048
    ));
#1159 = CARTESIAN_POINT('',(0.95,3.98842074009,-0.900000000829));
#1160 = ORIENTED_EDGE('',*,*,#1161,.T.);
#1161 = EDGE_CURVE('',#1152,#1162,#1164,.T.);
#1162 = VERTEX_POINT('',#1163);
#1163 = CARTESIAN_POINT('',(1.2,3.92045915678,-0.900000000829));
#1164 = CIRCLE('',#1165,4.1);
#1165 = AXIS2_PLACEMENT_3D('',#1166,#1167,#1168);
#1166 = CARTESIAN_POINT('',(-2.44249065418E-15,0.,-0.900000000829));
#1167 = DIRECTION('',(0.,0.,-1.));
#1168 = DIRECTION('',(-1.,0.,-0.));
#1169 = ORIENTED_EDGE('',*,*,#1170,.T.);
#1170 = EDGE_CURVE('',#1162,#1171,#1173,.T.);
#1171 = VERTEX_POINT('',#1172);
#1172 = CARTESIAN_POINT('',(1.6472135955,3.75455554904,-0.7));
#1173 = B_SPLINE_CURVE_WITH_KNOTS('',3,(#1174,#1175,#1176,#1177),
  .UNSPECIFIED.,.F.,.F.,(4,4),(0.,0.752229910666),
  .PIECEWISE_BEZIER_KNOTS.);
#1174 = CARTESIAN_POINT('',(1.2,3.92045915678,-0.900000000829));
#1175 = CARTESIAN_POINT('',(1.36914977712,3.86868467721,-0.899800068888)
  );
#1176 = CARTESIAN_POINT('',(1.53424684379,3.80411677321,-0.826378497774)
  );
#1177 = CARTESIAN_POINT('',(1.6472135955,3.75455554904,-0.699999999711)
  );
#1178 = ORIENTED_EDGE('',*,*,#1179,.T.);
#1179 = EDGE_CURVE('',#1171,#1180,#1182,.T.);
#1180 = VERTEX_POINT('',#1181);
#1181 = CARTESIAN_POINT('',(3.6588932753,1.85,-0.7));
#1182 = CIRCLE('',#1183,4.1);
#1183 = AXIS2_PLACEMENT_3D('',#1184,#1185,#1186);
#1184 = CARTESIAN_POINT('',(-2.44249065418E-15,0.,-0.699999999711));
#1185 = DIRECTION('',(0.,0.,-1.));
#1186 = DIRECTION('',(-1.,0.,-0.));
#1187 = ORIENTED_EDGE('',*,*,#1188,.T.);
#1188 = EDGE_CURVE('',#1180,#630,#1189,.T.);
#1189 = LINE('',#1190,#1191);
#1190 = CARTESIAN_POINT('',(3.6588932753,1.85,81.5030760523));
#1191 = VECTOR('',#1192,1.);
#1192 = DIRECTION('',(0.,0.,-1.));
#1193 = ORIENTED_EDGE('',*,*,#637,.F.);
#1194 = CYLINDRICAL_SURFACE('',#1195,4.1);
#1195 = AXIS2_PLACEMENT_3D('',#1196,#1197,#1198);
#1196 = CARTESIAN_POINT('',(-2.44249065418E-15,0.,81.5030760518));
#1197 = DIRECTION('',(0.,0.,-1.));
#1198 = DIRECTION('',(0.,1.,0.));
#1199 = ADVANCED_FACE('',(#1200),#1313,.T.);
#1200 = FACE_BOUND('',#1201,.T.);
#1201 = EDGE_LOOP('',(#1202,#1203,#1211,#1225,#1236,#1244,#1252,#1263,
    #1271,#1285,#1299,#1307));
#1202 = ORIENTED_EDGE('',*,*,#621,.T.);
#1203 = ORIENTED_EDGE('',*,*,#1204,.T.);
#1204 = EDGE_CURVE('',#614,#1205,#1207,.T.);
#1205 = VERTEX_POINT('',#1206);
#1206 = CARTESIAN_POINT('',(0.35,0.35,11.6684232809));
#1207 = LINE('',#1208,#1209);
#1208 = CARTESIAN_POINT('',(0.35,0.35,5.13421164025));
#1209 = VECTOR('',#1210,1.);
#1210 = DIRECTION('',(0.,0.,1.));
#1211 = ORIENTED_EDGE('',*,*,#1212,.T.);
#1212 = EDGE_CURVE('',#1205,#1213,#1215,.T.);
#1213 = VERTEX_POINT('',#1214);
#1214 = CARTESIAN_POINT('',(0.350000000529,1.3458920059,11.0198684168));
#1215 = B_SPLINE_CURVE_WITH_KNOTS('',5,(#1216,#1217,#1218,#1219,#1220,
    #1221,#1222,#1223,#1224),.UNSPECIFIED.,.F.,.F.,(6,3,6),(0.,
    1.37492549459,1.71851114388),.UNSPECIFIED.);
#1216 = CARTESIAN_POINT('',(0.35,0.35,11.6684232805));
#1217 = CARTESIAN_POINT('',(0.35,0.540091713821,11.6275143249));
#1218 = CARTESIAN_POINT('',(0.35,0.724205899361,11.5588324481));
#1219 = CARTESIAN_POINT('',(0.35,0.896946596648,11.4635230546));
#1220 = CARTESIAN_POINT('',(0.35,1.0922800734,11.3146216192));
#1221 = CARTESIAN_POINT('',(0.35,1.25588717849,11.1346856044));
#1222 = CARTESIAN_POINT('',(0.35,1.28733751495,11.0974481443));
#1223 = CARTESIAN_POINT('',(0.35,1.31733240352,11.0591796253));
#1224 = CARTESIAN_POINT('',(0.35,1.34589200318,11.0198684152));
#1225 = ORIENTED_EDGE('',*,*,#1226,.F.);
#1226 = EDGE_CURVE('',#1227,#1213,#1229,.T.);
#1227 = VERTEX_POINT('',#1228);
#1228 = CARTESIAN_POINT('',(0.350000000299,1.85000000158,10.3198962247)
  );
#1229 = B_SPLINE_CURVE_WITH_KNOTS('',5,(#1230,#1231,#1232,#1233,#1234,
    #1235),.UNSPECIFIED.,.F.,.F.,(6,6),(0.,1.21990931563),
  .PIECEWISE_BEZIER_KNOTS.);
#1230 = CARTESIAN_POINT('',(0.35,1.85,10.3198962234));
#1231 = CARTESIAN_POINT('',(0.35,1.74960344631,10.4601957945));
#1232 = CARTESIAN_POINT('',(0.35,1.649072003,10.6003994757));
#1233 = CARTESIAN_POINT('',(0.35,1.54832746416,10.7404514509));
#1234 = CARTESIAN_POINT('',(0.35,1.44729333207,10.8802933166));
#1235 = CARTESIAN_POINT('',(0.35,1.34589200318,11.0198684152));
#1236 = ORIENTED_EDGE('',*,*,#1237,.F.);
#1237 = EDGE_CURVE('',#1238,#1227,#1240,.T.);
#1238 = VERTEX_POINT('',#1239);
#1239 = CARTESIAN_POINT('',(0.35,1.85,6.7));
#1240 = LINE('',#1241,#1242);
#1241 = CARTESIAN_POINT('',(0.35,1.85,8.50994811151));
#1242 = VECTOR('',#1243,1.);
#1243 = DIRECTION('',(0.,0.,1.));
#1244 = ORIENTED_EDGE('',*,*,#1245,.F.);
#1245 = EDGE_CURVE('',#1246,#1238,#1248,.T.);
#1246 = VERTEX_POINT('',#1247);
#1247 = CARTESIAN_POINT('',(0.350000000105,3.76975863042,6.70000000025)
  );
#1248 = LINE('',#1249,#1250);
#1249 = CARTESIAN_POINT('',(0.35,2.80987931453,6.69999999963));
#1250 = VECTOR('',#1251,1.);
#1251 = DIRECTION('',(0.,-1.,0.));
#1252 = ORIENTED_EDGE('',*,*,#1253,.F.);
#1253 = EDGE_CURVE('',#1254,#1246,#1256,.T.);
#1254 = VERTEX_POINT('',#1255);
#1255 = CARTESIAN_POINT('',(0.35,4.78722257682,2.01986841536));
#1256 = B_SPLINE_CURVE_WITH_KNOTS('',5,(#1257,#1258,#1259,#1260,#1261,
    #1262),.UNSPECIFIED.,.F.,.F.,(6,6),(0.,6.77331007249),
  .PIECEWISE_BEZIER_KNOTS.);
#1257 = CARTESIAN_POINT('',(0.35,4.78722257763,2.01986841522));
#1258 = CARTESIAN_POINT('',(0.35,4.58386899614,2.95592498735));
#1259 = CARTESIAN_POINT('',(0.35,4.380461622,3.89196987394));
#1260 = CARTESIAN_POINT('',(0.35,4.17698674215,4.82800010198));
#1261 = CARTESIAN_POINT('',(0.35,3.97342819154,5.76401212851));
#1262 = CARTESIAN_POINT('',(0.35,3.76975862905,6.69999999963));
#1263 = ORIENTED_EDGE('',*,*,#1264,.F.);
#1264 = EDGE_CURVE('',#1265,#1254,#1267,.T.);
#1265 = VERTEX_POINT('',#1266);
#1266 = CARTESIAN_POINT('',(0.35,4.78722257682,0.819868415138));
#1267 = LINE('',#1268,#1269);
#1268 = CARTESIAN_POINT('',(0.35,4.78722257763,1.41986841559));
#1269 = VECTOR('',#1270,1.);
#1270 = DIRECTION('',(0.,0.,1.));
#1271 = ORIENTED_EDGE('',*,*,#1272,.T.);
#1272 = EDGE_CURVE('',#1265,#1273,#1275,.T.);
#1273 = VERTEX_POINT('',#1274);
#1274 = CARTESIAN_POINT('',(0.35,4.61173774189,0.439901311518));
#1275 = B_SPLINE_CURVE_WITH_KNOTS('',5,(#1276,#1277,#1278,#1279,#1280,
    #1281,#1282,#1283,#1284),.UNSPECIFIED.,.F.,.F.,(6,3,6),(0.,
    0.366081611096,0.610236247985),.UNSPECIFIED.);
#1276 = CARTESIAN_POINT('',(0.35,4.78722257763,0.819868415967));
#1277 = CARTESIAN_POINT('',(0.35,4.7872306318,0.768283943065));
#1278 = CARTESIAN_POINT('',(0.35,4.78052537086,0.716677166423));
#1279 = CARTESIAN_POINT('',(0.35,4.76695670335,0.665367227804));
#1280 = CARTESIAN_POINT('',(0.35,4.7338641323,0.584969101507));
#1281 = CARTESIAN_POINT('',(0.35,4.68455031487,0.51387291865));
#1282 = CARTESIAN_POINT('',(0.35,4.66218649921,0.486915703435));
#1283 = CARTESIAN_POINT('',(0.35,4.63790717592,0.462199918509));
#1284 = CARTESIAN_POINT('',(0.35,4.61173774153,0.439901311323));
#1285 = ORIENTED_EDGE('',*,*,#1286,.F.);
#1286 = EDGE_CURVE('',#1287,#1273,#1289,.T.);
#1287 = VERTEX_POINT('',#1288);
#1288 = CARTESIAN_POINT('',(0.35,4.13954681455,-0.3));
#1289 = B_SPLINE_CURVE_WITH_KNOTS('',5,(#1290,#1291,#1292,#1293,#1294,
    #1295,#1296,#1297,#1298),.UNSPECIFIED.,.F.,.F.,(6,3,6),(0.,
    1.00488632791,1.2568339349),.UNSPECIFIED.);
#1290 = CARTESIAN_POINT('',(0.35,4.13954681382,-0.300000000373));
#1291 = CARTESIAN_POINT('',(0.35,4.17753390524,-0.163424640194));
#1292 = CARTESIAN_POINT('',(0.35,4.23112765751,-3.16148545695E-02));
#1293 = CARTESIAN_POINT('',(0.35,4.30337282489,9.71792440237E-02));
#1294 = CARTESIAN_POINT('',(0.35,4.40843619607,0.241842840928));
#1295 = CARTESIAN_POINT('',(0.35,4.53266108369,0.368309258896));
#1296 = CARTESIAN_POINT('',(0.35,4.558342381,0.39295204628));
#1297 = CARTESIAN_POINT('',(0.35,4.58469936729,0.416806357517));
#1298 = CARTESIAN_POINT('',(0.35,4.61173774153,0.439901311323));
#1299 = ORIENTED_EDGE('',*,*,#1300,.F.);
#1300 = EDGE_CURVE('',#1301,#1287,#1303,.T.);
#1301 = VERTEX_POINT('',#1302);
#1302 = CARTESIAN_POINT('',(0.35,1.85,-0.300000000373));
#1303 = LINE('',#1304,#1305);
#1304 = CARTESIAN_POINT('',(0.35,2.99477340691,-0.300000000373));
#1305 = VECTOR('',#1306,1.);
#1306 = DIRECTION('',(0.,1.,0.));
#1307 = ORIENTED_EDGE('',*,*,#1308,.F.);
#1308 = EDGE_CURVE('',#622,#1301,#1309,.T.);
#1309 = LINE('',#1310,#1311);
#1310 = CARTESIAN_POINT('',(0.35,1.85,-0.850000000186));
#1311 = VECTOR('',#1312,1.);
#1312 = DIRECTION('',(0.,0.,1.));
#1313 = PLANE('',#1314);
#1314 = AXIS2_PLACEMENT_3D('',#1315,#1316,#1317);
#1315 = CARTESIAN_POINT('',(0.35,0.35,-1.4));
#1316 = DIRECTION('',(-1.,0.,0.));
#1317 = DIRECTION('',(0.,1.,0.));
#1318 = ADVANCED_FACE('',(#1319),#1418,.T.);
#1319 = FACE_BOUND('',#1320,.T.);
#1320 = EDGE_LOOP('',(#1321,#1335,#1336,#1337,#1345,#1362,#1376,#1384,
    #1395,#1409));
#1321 = ORIENTED_EDGE('',*,*,#1322,.T.);
#1322 = EDGE_CURVE('',#1323,#1205,#1325,.T.);
#1323 = VERTEX_POINT('',#1324);
#1324 = CARTESIAN_POINT('',(1.3458920059,0.350000000529,11.0198684168));
#1325 = B_SPLINE_CURVE_WITH_KNOTS('',5,(#1326,#1327,#1328,#1329,#1330,
    #1331,#1332,#1333,#1334),.UNSPECIFIED.,.F.,.F.,(6,3,6),(0.,
    1.3749254888,1.718511139),.UNSPECIFIED.);
#1326 = CARTESIAN_POINT('',(1.34589200318,0.35,11.0198684152));
#1327 = CARTESIAN_POINT('',(1.2316051533,0.35,11.1771799467));
#1328 = CARTESIAN_POINT('',(1.09433490675,0.35,11.317793291));
#1329 = CARTESIAN_POINT('',(0.937310930151,0.35,11.4372365855));
#1330 = CARTESIAN_POINT('',(0.722136101176,0.35,11.5556705216));
#1331 = CARTESIAN_POINT('',(0.491407519945,0.35,11.632537782));
#1332 = CARTESIAN_POINT('',(0.444632357529,0.35,11.6462431223));
#1333 = CARTESIAN_POINT('',(0.397502781313,0.35,11.6582003774));
#1334 = CARTESIAN_POINT('',(0.35,0.35,11.6684232805));
#1335 = ORIENTED_EDGE('',*,*,#1204,.F.);
#1336 = ORIENTED_EDGE('',*,*,#613,.T.);
#1337 = ORIENTED_EDGE('',*,*,#1338,.F.);
#1338 = EDGE_CURVE('',#1339,#603,#1341,.T.);
#1339 = VERTEX_POINT('',#1340);
#1340 = CARTESIAN_POINT('',(4.08503365959,0.35,-0.7));
#1341 = LINE('',#1342,#1343);
#1342 = CARTESIAN_POINT('',(4.08503365926,0.35,-1.05000000037));
#1343 = VECTOR('',#1344,1.);
#1344 = DIRECTION('',(0.,0.,-1.));
#1345 = ORIENTED_EDGE('',*,*,#1346,.F.);
#1346 = EDGE_CURVE('',#1347,#1339,#1349,.T.);
#1347 = VERTEX_POINT('',#1348);
#1348 = CARTESIAN_POINT('',(4.61173774189,0.35,0.439901311518));
#1349 = B_SPLINE_CURVE_WITH_KNOTS('',5,(#1350,#1351,#1352,#1353,#1354,
    #1355,#1356,#1357,#1358,#1359,#1360,#1361),.UNSPECIFIED.,.F.,.F.,(6,
    3,3,6),(0.,0.733726684339,1.4689258355,1.83580866149),
  .UNSPECIFIED.);
#1350 = CARTESIAN_POINT('',(4.61173774153,0.35,0.439901311323));
#1351 = CARTESIAN_POINT('',(4.53299296456,0.35,0.372772041854));
#1352 = CARTESIAN_POINT('',(4.46002243581,0.35,0.298610711388));
#1353 = CARTESIAN_POINT('',(4.39327665443,0.35,0.21814474421));
#1354 = CARTESIAN_POINT('',(4.27469452433,0.35,4.72207537818E-02));
#1355 = CARTESIAN_POINT('',(4.18743540911,0.35,-0.141370506682));
#1356 = CARTESIAN_POINT('',(4.15235785916,0.35,-0.238941862525));
#1357 = CARTESIAN_POINT('',(4.11220546587,0.35,-0.390138007108));
#1358 = CARTESIAN_POINT('',(4.09184151898,0.35,-0.544686082153));
#1359 = CARTESIAN_POINT('',(4.08721141042,0.35,-0.596509908432));
#1360 = CARTESIAN_POINT('',(4.08504137539,0.35,-0.648307856454));
#1361 = CARTESIAN_POINT('',(4.08503365926,0.35,-0.700000000745));
#1362 = ORIENTED_EDGE('',*,*,#1363,.T.);
#1363 = EDGE_CURVE('',#1347,#1364,#1366,.T.);
#1364 = VERTEX_POINT('',#1365);
#1365 = CARTESIAN_POINT('',(4.78722257682,0.35,0.819868415138));
#1366 = B_SPLINE_CURVE_WITH_KNOTS('',5,(#1367,#1368,#1369,#1370,#1371,
    #1372,#1373,#1374,#1375),.UNSPECIFIED.,.F.,.F.,(6,3,6),(0.,
    0.366234292009,0.61156844326),.UNSPECIFIED.);
#1367 = CARTESIAN_POINT('',(4.61173774153,0.35,0.439901311323));
#1368 = CARTESIAN_POINT('',(4.65100742988,0.35,0.473386249413));
#1369 = CARTESIAN_POINT('',(4.68595161331,0.35,0.511957503912));
#1370 = CARTESIAN_POINT('',(4.71614803909,0.35,0.555474351802));
#1371 = CARTESIAN_POINT('',(4.75605610685,0.35,0.632928262408));
#1372 = CARTESIAN_POINT('',(4.77823169666,0.35,0.716761410048));
#1373 = CARTESIAN_POINT('',(4.78409526103,0.35,0.750575217273));
#1374 = CARTESIAN_POINT('',(4.78724069617,0.35,0.785328506251));
#1375 = CARTESIAN_POINT('',(4.78722257763,0.35,0.819868415967));
#1376 = ORIENTED_EDGE('',*,*,#1377,.F.);
#1377 = EDGE_CURVE('',#1378,#1364,#1380,.T.);
#1378 = VERTEX_POINT('',#1379);
#1379 = CARTESIAN_POINT('',(4.78722257682,0.35,2.01986841536));
#1380 = LINE('',#1381,#1382);
#1381 = CARTESIAN_POINT('',(4.78722257763,0.35,1.41986841559));
#1382 = VECTOR('',#1383,1.);
#1383 = DIRECTION('',(0.,0.,-1.));
#1384 = ORIENTED_EDGE('',*,*,#1385,.F.);
#1385 = EDGE_CURVE('',#1386,#1378,#1388,.T.);
#1386 = VERTEX_POINT('',#1387);
#1387 = CARTESIAN_POINT('',(3.52553264302,0.35000000014,7.82203777126));
#1388 = B_SPLINE_CURVE_WITH_KNOTS('',5,(#1389,#1390,#1391,#1392,#1393,
    #1394),.UNSPECIFIED.,.F.,.F.,(6,6),(0.,8.3972651832),
  .PIECEWISE_BEZIER_KNOTS.);
#1389 = CARTESIAN_POINT('',(3.52553264089,0.35,7.82203777172));
#1390 = CARTESIAN_POINT('',(3.77818205546,0.35,6.66167166257));
#1391 = CARTESIAN_POINT('',(4.03060746791,0.35,5.50125678344));
#1392 = CARTESIAN_POINT('',(4.28292811908,0.35,4.3408191025));
#1393 = CARTESIAN_POINT('',(4.53511327051,0.35,3.18035199142));
#1394 = CARTESIAN_POINT('',(4.78722257763,0.35,2.01986841522));
#1395 = ORIENTED_EDGE('',*,*,#1396,.F.);
#1396 = EDGE_CURVE('',#1397,#1386,#1399,.T.);
#1397 = VERTEX_POINT('',#1398);
#1398 = CARTESIAN_POINT('',(3.36542250793,0.350000000012,8.18545544235)
  );
#1399 = B_SPLINE_CURVE_WITH_KNOTS('',5,(#1400,#1401,#1402,#1403,#1404,
    #1405,#1406,#1407,#1408),.UNSPECIFIED.,.F.,.F.,(6,3,6),(0.,
    0.452465216623,0.565537477514),.UNSPECIFIED.);
#1400 = CARTESIAN_POINT('',(3.36542250812,0.35,8.18545544185));
#1401 = CARTESIAN_POINT('',(3.40221490434,0.35,8.13340690851));
#1402 = CARTESIAN_POINT('',(3.43485557455,0.35,8.07818055241));
#1403 = CARTESIAN_POINT('',(3.46338970933,0.35,8.01983039629));
#1404 = CARTESIAN_POINT('',(3.49284277779,0.35,7.945222216));
#1405 = CARTESIAN_POINT('',(3.51444458173,0.35,7.86851669278));
#1406 = CARTESIAN_POINT('',(3.51844396356,0.35,7.85309726617));
#1407 = CARTESIAN_POINT('',(3.52213649896,0.35,7.83760726719));
#1408 = CARTESIAN_POINT('',(3.52553264089,0.35,7.82203777172));
#1409 = ORIENTED_EDGE('',*,*,#1410,.F.);
#1410 = EDGE_CURVE('',#1323,#1397,#1411,.T.);
#1411 = B_SPLINE_CURVE_WITH_KNOTS('',5,(#1412,#1413,#1414,#1415,#1416,
    #1417),.UNSPECIFIED.,.F.,.F.,(6,6),(0.,4.45292408031),
  .PIECEWISE_BEZIER_KNOTS.);
#1412 = CARTESIAN_POINT('',(1.34589200318,0.35,11.0198684152));
#1413 = CARTESIAN_POINT('',(1.71597771946,0.35,10.510352151));
#1414 = CARTESIAN_POINT('',(2.08174571712,0.35,9.99770699076));
#1415 = CARTESIAN_POINT('',(2.63812198763,0.35,9.21371110811));
#1416 = CARTESIAN_POINT('',(3.00194838232,0.35,8.69970908744));
#1417 = CARTESIAN_POINT('',(3.36542250812,0.35,8.18545544185));
#1418 = PLANE('',#1419);
#1419 = AXIS2_PLACEMENT_3D('',#1420,#1421,#1422);
#1420 = CARTESIAN_POINT('',(20.35,0.35,-1.4));
#1421 = DIRECTION('',(-0.,-1.,-0.));
#1422 = DIRECTION('',(-1.,0.,0.));
#1423 = ADVANCED_FACE('',(#1424),#1443,.F.);
#1424 = FACE_BOUND('',#1425,.F.);
#1425 = EDGE_LOOP('',(#1426,#1427,#1436,#1442));
#1426 = ORIENTED_EDGE('',*,*,#1338,.F.);
#1427 = ORIENTED_EDGE('',*,*,#1428,.T.);
#1428 = EDGE_CURVE('',#1339,#1429,#1431,.T.);
#1429 = VERTEX_POINT('',#1430);
#1430 = CARTESIAN_POINT('',(4.08503365959,-0.35,-0.7));
#1431 = CIRCLE('',#1432,4.1);
#1432 = AXIS2_PLACEMENT_3D('',#1433,#1434,#1435);
#1433 = CARTESIAN_POINT('',(-2.44249065418E-15,0.,-0.699999999711));
#1434 = DIRECTION('',(0.,0.,-1.));
#1435 = DIRECTION('',(-1.,0.,-0.));
#1436 = ORIENTED_EDGE('',*,*,#1437,.T.);
#1437 = EDGE_CURVE('',#1429,#595,#1438,.T.);
#1438 = LINE('',#1439,#1440);
#1439 = CARTESIAN_POINT('',(4.08503365959,-0.35,81.5030760523));
#1440 = VECTOR('',#1441,1.);
#1441 = DIRECTION('',(0.,0.,-1.));
#1442 = ORIENTED_EDGE('',*,*,#602,.F.);
#1443 = CYLINDRICAL_SURFACE('',#1444,4.1);
#1444 = AXIS2_PLACEMENT_3D('',#1445,#1446,#1447);
#1445 = CARTESIAN_POINT('',(-2.44249065418E-15,0.,81.5030760518));
#1446 = DIRECTION('',(0.,0.,-1.));
#1447 = DIRECTION('',(0.,1.,0.));
#1448 = ADVANCED_FACE('',(#1449),#1655,.T.);
#1449 = FACE_BOUND('',#1450,.T.);
#1450 = EDGE_LOOP('',(#1451,#1461,#1478,#1486,#1503,#1511,#1528,#1536,
    #1553,#1559,#1560,#1568,#1585,#1602,#1610,#1621,#1632,#1643));
#1451 = ORIENTED_EDGE('',*,*,#1452,.F.);
#1452 = EDGE_CURVE('',#1453,#1455,#1457,.T.);
#1453 = VERTEX_POINT('',#1454);
#1454 = CARTESIAN_POINT('',(0.35,-1.85,6.82000000067));
#1455 = VERTEX_POINT('',#1456);
#1456 = CARTESIAN_POINT('',(0.350000000299,-1.85000000158,10.3198962247)
  );
#1457 = LINE('',#1458,#1459);
#1458 = CARTESIAN_POINT('',(0.35,-1.85,8.56994811203));
#1459 = VECTOR('',#1460,1.);
#1460 = DIRECTION('',(0.,0.,1.));
#1461 = ORIENTED_EDGE('',*,*,#1462,.F.);
#1462 = EDGE_CURVE('',#1463,#1453,#1465,.T.);
#1463 = VERTEX_POINT('',#1464);
#1464 = CARTESIAN_POINT('',(0.83,-1.84999999963,7.3));
#1465 = B_SPLINE_CURVE_WITH_KNOTS('',5,(#1466,#1467,#1468,#1469,#1470,
    #1471,#1472,#1473,#1474,#1475,#1476,#1477),.UNSPECIFIED.,.F.,.F.,(6,
    3,3,6),(0.,0.426505332556,0.853010664031,1.06583154132),
  .UNSPECIFIED.);
#1466 = CARTESIAN_POINT('',(0.830000000447,-1.85,7.29999999925));
#1467 = CARTESIAN_POINT('',(0.769683037875,-1.85,7.29999999925));
#1468 = CARTESIAN_POINT('',(0.709366773151,-1.85,7.29052568686));
#1469 = CARTESIAN_POINT('',(0.651027400823,-1.85,7.27157053061));
#1470 = CARTESIAN_POINT('',(0.54229365407,-1.85,7.21599262766));
#1471 = CARTESIAN_POINT('',(0.455837609961,-1.85,7.12975684657));
#1472 = CARTESIAN_POINT('',(0.419781627734,-1.85,7.08013077828));
#1473 = CARTESIAN_POINT('',(0.378334937147,-1.85,6.99852921991));
#1474 = CARTESIAN_POINT('',(0.357135238305,-1.85,6.91035066386));
#1475 = CARTESIAN_POINT('',(0.352358996127,-1.85,6.88019500863));
#1476 = CARTESIAN_POINT('',(0.35,-1.85,6.85009741777));
#1477 = CARTESIAN_POINT('',(0.35,-1.85,6.82000000067));
#1478 = ORIENTED_EDGE('',*,*,#1479,.F.);
#1479 = EDGE_CURVE('',#1480,#1463,#1482,.T.);
#1480 = VERTEX_POINT('',#1481);
#1481 = CARTESIAN_POINT('',(1.32000000067,-1.85,7.29999999925));
#1482 = LINE('',#1483,#1484);
#1483 = CARTESIAN_POINT('',(1.07500000056,-1.85,7.29999999925));
#1484 = VECTOR('',#1485,1.);
#1485 = DIRECTION('',(-1.,0.,0.));
#1486 = ORIENTED_EDGE('',*,*,#1487,.F.);
#1487 = EDGE_CURVE('',#1488,#1480,#1490,.T.);
#1488 = VERTEX_POINT('',#1489);
#1489 = CARTESIAN_POINT('',(1.8,-1.84999999963,6.82));
#1490 = B_SPLINE_CURVE_WITH_KNOTS('',5,(#1491,#1492,#1493,#1494,#1495,
    #1496,#1497,#1498,#1499,#1500,#1501,#1502),.UNSPECIFIED.,.F.,.F.,(6,
    3,3,6),(0.,0.426505324428,0.853010634638,1.06583151172),
  .UNSPECIFIED.);
#1491 = CARTESIAN_POINT('',(1.79999999925,-1.85,6.82000000067));
#1492 = CARTESIAN_POINT('',(1.79999999925,-1.85,6.88031696209));
#1493 = CARTESIAN_POINT('',(1.79052568722,-1.85,6.94063322567));
#1494 = CARTESIAN_POINT('',(1.77157052955,-1.85,6.99897260237));
#1495 = CARTESIAN_POINT('',(1.71599262822,-1.85,7.10770634516));
#1496 = CARTESIAN_POINT('',(1.62975685087,-1.85,7.19416238685));
#1497 = CARTESIAN_POINT('',(1.58013077286,-1.85,7.23021837614));
#1498 = CARTESIAN_POINT('',(1.498529217,-1.85,7.27166506466));
#1499 = CARTESIAN_POINT('',(1.41035066391,-1.85,7.2928647628));
#1500 = CARTESIAN_POINT('',(1.38019500857,-1.85,7.29764100313));
#1501 = CARTESIAN_POINT('',(1.35009741774,-1.85,7.29999999925));
#1502 = CARTESIAN_POINT('',(1.32000000067,-1.85,7.29999999925));
#1503 = ORIENTED_EDGE('',*,*,#1504,.F.);
#1504 = EDGE_CURVE('',#1505,#1488,#1507,.T.);
#1505 = VERTEX_POINT('',#1506);
#1506 = CARTESIAN_POINT('',(1.79999999925,-1.85,-0.419999999553));
#1507 = LINE('',#1508,#1509);
#1508 = CARTESIAN_POINT('',(1.79999999925,-1.85,3.20000000056));
#1509 = VECTOR('',#1510,1.);
#1510 = DIRECTION('',(0.,0.,1.));
#1511 = ORIENTED_EDGE('',*,*,#1512,.F.);
#1512 = EDGE_CURVE('',#1513,#1505,#1515,.T.);
#1513 = VERTEX_POINT('',#1514);
#1514 = CARTESIAN_POINT('',(1.32000000067,-1.85,-0.9));
#1515 = B_SPLINE_CURVE_WITH_KNOTS('',5,(#1516,#1517,#1518,#1519,#1520,
    #1521,#1522,#1523,#1524,#1525,#1526,#1527),.UNSPECIFIED.,.F.,.F.,(6,
    3,3,6),(0.,0.426505328603,0.853010654263,1.06583153135),
  .UNSPECIFIED.);
#1516 = CARTESIAN_POINT('',(1.32000000067,-1.85,-0.9));
#1517 = CARTESIAN_POINT('',(1.38031696268,-1.85,-0.9));
#1518 = CARTESIAN_POINT('',(1.44063322685,-1.85,-0.890525687778));
#1519 = CARTESIAN_POINT('',(1.4989726013,-1.85,-0.871570528975));
#1520 = CARTESIAN_POINT('',(1.60770634671,-1.85,-0.815992626523));
#1521 = CARTESIAN_POINT('',(1.69416238998,-1.85,-0.729756846632));
#1522 = CARTESIAN_POINT('',(1.73021837414,-1.85,-0.680130775683));
#1523 = CARTESIAN_POINT('',(1.77166506415,-1.85,-0.598529218012));
#1524 = CARTESIAN_POINT('',(1.7928647628,-1.85,-0.510350662794));
#1525 = CARTESIAN_POINT('',(1.79764100313,-1.85,-0.480195007455));
#1526 = CARTESIAN_POINT('',(1.79999999925,-1.85,-0.450097416626));
#1527 = CARTESIAN_POINT('',(1.79999999925,-1.85,-0.419999999553));
#1528 = ORIENTED_EDGE('',*,*,#1529,.F.);
#1529 = EDGE_CURVE('',#1530,#1513,#1532,.T.);
#1530 = VERTEX_POINT('',#1531);
#1531 = CARTESIAN_POINT('',(0.830000000447,-1.85,-0.9));
#1532 = LINE('',#1533,#1534);
#1533 = CARTESIAN_POINT('',(1.07500000056,-1.85,-0.9));
#1534 = VECTOR('',#1535,1.);
#1535 = DIRECTION('',(1.,0.,0.));
#1536 = ORIENTED_EDGE('',*,*,#1537,.F.);
#1537 = EDGE_CURVE('',#1538,#1530,#1540,.T.);
#1538 = VERTEX_POINT('',#1539);
#1539 = CARTESIAN_POINT('',(0.35,-1.85,-0.419999999553));
#1540 = B_SPLINE_CURVE_WITH_KNOTS('',5,(#1541,#1542,#1543,#1544,#1545,
    #1546,#1547,#1548,#1549,#1550,#1551,#1552),.UNSPECIFIED.,.F.,.F.,(6,
    3,3,6),(0.,0.426505336723,0.853010683646,1.06583156093),
  .UNSPECIFIED.);
#1541 = CARTESIAN_POINT('',(0.35,-1.85,-0.419999999553));
#1542 = CARTESIAN_POINT('',(0.35,-1.85,-0.480316962715));
#1543 = CARTESIAN_POINT('',(0.359474312583,-1.85,-0.540633228028));
#1544 = CARTESIAN_POINT('',(0.378429469967,-1.85,-0.598972598115));
#1545 = CARTESIAN_POINT('',(0.434007374042,-1.85,-0.707706347476));
#1546 = CARTESIAN_POINT('',(0.520243157668,-1.85,-0.79416239317));
#1547 = CARTESIAN_POINT('',(0.569869218889,-1.85,-0.830218370264));
#1548 = CARTESIAN_POINT('',(0.651470779082,-1.85,-0.871665062341));
#1549 = CARTESIAN_POINT('',(0.739649337262,-1.85,-0.892864761695));
#1550 = CARTESIAN_POINT('',(0.769804992487,-1.85,-0.897641003873));
#1551 = CARTESIAN_POINT('',(0.799902583345,-1.85,-0.9));
#1552 = CARTESIAN_POINT('',(0.830000000447,-1.85,-0.9));
#1553 = ORIENTED_EDGE('',*,*,#1554,.F.);
#1554 = EDGE_CURVE('',#579,#1538,#1555,.T.);
#1555 = LINE('',#1556,#1557);
#1556 = CARTESIAN_POINT('',(0.35,-1.85,-0.909999999776));
#1557 = VECTOR('',#1558,1.);
#1558 = DIRECTION('',(0.,0.,1.));
#1559 = ORIENTED_EDGE('',*,*,#578,.T.);
#1560 = ORIENTED_EDGE('',*,*,#1561,.F.);
#1561 = EDGE_CURVE('',#1562,#562,#1564,.T.);
#1562 = VERTEX_POINT('',#1563);
#1563 = CARTESIAN_POINT('',(3.6588932753,-1.85,-0.7));
#1564 = LINE('',#1565,#1566);
#1565 = CARTESIAN_POINT('',(3.65889327452,-1.85,-1.05000000037));
#1566 = VECTOR('',#1567,1.);
#1567 = DIRECTION('',(0.,0.,-1.));
#1568 = ORIENTED_EDGE('',*,*,#1569,.F.);
#1569 = EDGE_CURVE('',#1570,#1562,#1572,.T.);
#1570 = VERTEX_POINT('',#1571);
#1571 = CARTESIAN_POINT('',(4.23888251783,-1.85,0.439901311513));
#1572 = B_SPLINE_CURVE_WITH_KNOTS('',5,(#1573,#1574,#1575,#1576,#1577,
    #1578,#1579,#1580,#1581,#1582,#1583,#1584),.UNSPECIFIED.,.F.,.F.,(6,
    3,3,6),(0.,0.375052125176,1.12627304636,1.8762648777),
  .UNSPECIFIED.);
#1573 = CARTESIAN_POINT('',(4.23888251781,-1.85,0.439901311323));
#1574 = CARTESIAN_POINT('',(4.19731426095,-1.85,0.407320915884));
#1575 = CARTESIAN_POINT('',(4.15695263477,-1.85,0.372956050613));
#1576 = CARTESIAN_POINT('',(4.11796206656,-1.85,0.336841635477));
#1577 = CARTESIAN_POINT('',(4.0056075485,-1.85,0.223907370834));
#1578 = CARTESIAN_POINT('',(3.90783512715,-1.85,9.74619373992E-02));
#1579 = CARTESIAN_POINT('',(3.85018856157,-1.85,8.06225378629E-03));
#1580 = CARTESIAN_POINT('',(3.75190299287,-1.85,-0.180504348027));
#1581 = CARTESIAN_POINT('',(3.69034184949,-1.85,-0.383914445408));
#1582 = CARTESIAN_POINT('',(3.66952853387,-1.85,-0.488414847856));
#1583 = CARTESIAN_POINT('',(3.65886369246,-1.85,-0.594274910376));
#1584 = CARTESIAN_POINT('',(3.65889327452,-1.85,-0.700000000745));
#1585 = ORIENTED_EDGE('',*,*,#1586,.T.);
#1586 = EDGE_CURVE('',#1570,#1587,#1589,.T.);
#1587 = VERTEX_POINT('',#1588);
#1588 = CARTESIAN_POINT('',(4.4291647068,-1.85,0.819868415138));
#1589 = B_SPLINE_CURVE_WITH_KNOTS('',5,(#1590,#1591,#1592,#1593,#1594,
    #1595,#1596,#1597,#1598,#1599,#1600,#1601),.UNSPECIFIED.,.F.,.F.,(6,
    3,3,6),(0.,0.373400460075,0.498096483136,0.622663706028),
  .UNSPECIFIED.);
#1590 = CARTESIAN_POINT('',(4.23888251781,-1.85,0.439901311323));
#1591 = CARTESIAN_POINT('',(4.2802716328,-1.85,0.472349580445));
#1592 = CARTESIAN_POINT('',(4.31763428571,-1.85,0.509878112746));
#1593 = CARTESIAN_POINT('',(4.35032319818,-1.85,0.552762020871));
#1594 = CARTESIAN_POINT('',(4.3855080489,-1.85,0.614478797068));
#1595 = CARTESIAN_POINT('',(4.40835309431,-1.85,0.681083612832));
#1596 = CARTESIAN_POINT('',(4.41330395025,-1.85,0.698073989831));
#1597 = CARTESIAN_POINT('',(4.42156947262,-1.85,0.73232030998));
#1598 = CARTESIAN_POINT('',(4.4266010383,-1.85,0.767172005535));
#1599 = CARTESIAN_POINT('',(4.42827111958,-1.85,0.784710372587));
#1600 = CARTESIAN_POINT('',(4.42917687781,-1.85,0.802347597213));
#1601 = CARTESIAN_POINT('',(4.42916470617,-1.85,0.819868415967));
#1602 = ORIENTED_EDGE('',*,*,#1603,.F.);
#1603 = EDGE_CURVE('',#1604,#1587,#1606,.T.);
#1604 = VERTEX_POINT('',#1605);
#1605 = CARTESIAN_POINT('',(4.4291647068,-1.85,2.01986841626));
#1606 = LINE('',#1607,#1608);
#1607 = CARTESIAN_POINT('',(4.42916470617,-1.85,1.41986841559));
#1608 = VECTOR('',#1609,1.);
#1609 = DIRECTION('',(0.,0.,-1.));
#1610 = ORIENTED_EDGE('',*,*,#1611,.F.);
#1611 = EDGE_CURVE('',#1612,#1604,#1614,.T.);
#1612 = VERTEX_POINT('',#1613);
#1613 = CARTESIAN_POINT('',(3.02148645774,-1.85000000074,7.82203777126)
  );
#1614 = B_SPLINE_CURVE_WITH_KNOTS('',5,(#1615,#1616,#1617,#1618,#1619,
    #1620),.UNSPECIFIED.,.F.,.F.,(6,6),(0.,8.74060040735),
  .PIECEWISE_BEZIER_KNOTS.);
#1615 = CARTESIAN_POINT('',(3.02148645595,-1.85,7.82203777172));
#1616 = CARTESIAN_POINT('',(3.32590982759,-1.85,6.62401320693));
#1617 = CARTESIAN_POINT('',(3.61975459499,-1.85,5.4233040964));
#1618 = CARTESIAN_POINT('',(3.86134862056,-1.85,4.42599096649));
#1619 = CARTESIAN_POINT('',(4.14659758217,-1.85,3.22323498107));
#1620 = CARTESIAN_POINT('',(4.42916470617,-1.85,2.01986841522));
#1621 = ORIENTED_EDGE('',*,*,#1622,.F.);
#1622 = EDGE_CURVE('',#1623,#1612,#1625,.T.);
#1623 = VERTEX_POINT('',#1624);
#1624 = CARTESIAN_POINT('',(2.83303170767,-1.85000000006,8.18545544235)
  );
#1625 = B_SPLINE_CURVE_WITH_KNOTS('',5,(#1626,#1627,#1628,#1629,#1630,
    #1631),.UNSPECIFIED.,.F.,.F.,(6,6),(0.,0.583628593187),
  .PIECEWISE_BEZIER_KNOTS.);
#1626 = CARTESIAN_POINT('',(2.83303170688,-1.85,8.18545544185));
#1627 = CARTESIAN_POINT('',(2.88593187154,-1.85,8.12245478203));
#1628 = CARTESIAN_POINT('',(2.93228945027,-1.85,8.05350159824));
#1629 = CARTESIAN_POINT('',(2.97180077459,-1.85,7.97896696952));
#1630 = CARTESIAN_POINT('',(3.001171861,-1.85,7.90179751075));
#1631 = CARTESIAN_POINT('',(3.02148645595,-1.85,7.82203777172));
#1632 = ORIENTED_EDGE('',*,*,#1633,.F.);
#1633 = EDGE_CURVE('',#1634,#1623,#1636,.T.);
#1634 = VERTEX_POINT('',#1635);
#1635 = CARTESIAN_POINT('',(1.72013546851,-1.85000000071,9.4049392444));
#1636 = B_SPLINE_CURVE_WITH_KNOTS('',5,(#1637,#1638,#1639,#1640,#1641,
    #1642),.UNSPECIFIED.,.F.,.F.,(6,6),(0.,2.35001414688),
  .PIECEWISE_BEZIER_KNOTS.);
#1637 = CARTESIAN_POINT('',(1.7201354675,-1.85,9.40493924394));
#1638 = CARTESIAN_POINT('',(1.95764606735,-1.85,9.17492075343));
#1639 = CARTESIAN_POINT('',(2.18537841075,-1.85,8.93553166921));
#1640 = CARTESIAN_POINT('',(2.40570176986,-1.85,8.6890410607));
#1641 = CARTESIAN_POINT('',(2.62065358568,-1.85,8.43836168078));
#1642 = CARTESIAN_POINT('',(2.83303170688,-1.85,8.18545544185));
#1643 = ORIENTED_EDGE('',*,*,#1644,.F.);
#1644 = EDGE_CURVE('',#1455,#1634,#1645,.T.);
#1645 = B_SPLINE_CURVE_WITH_KNOTS('',5,(#1646,#1647,#1648,#1649,#1650,
    #1651,#1652,#1653,#1654),.UNSPECIFIED.,.F.,.F.,(6,3,6),(0.,
    1.87032214498,2.35620702534),.UNSPECIFIED.);
#1646 = CARTESIAN_POINT('',(0.35,-1.85,10.3198962234));
#1647 = CARTESIAN_POINT('',(0.605238633293,-1.85,10.2524154168));
#1648 = CARTESIAN_POINT('',(0.844673833682,-1.85,10.1375843202));
#1649 = CARTESIAN_POINT('',(1.06730022393,-1.85,9.98636011014));
#1650 = CARTESIAN_POINT('',(1.32683527923,-1.85,9.77408665004));
#1651 = CARTESIAN_POINT('',(1.57161223164,-1.85,9.54720797137));
#1652 = CARTESIAN_POINT('',(1.62155214543,-1.85,9.49997888488));
#1653 = CARTESIAN_POINT('',(1.67102818466,-1.85,9.45249747115));
#1654 = CARTESIAN_POINT('',(1.7201354675,-1.85,9.40493924394));
#1655 = PLANE('',#1656);
#1656 = AXIS2_PLACEMENT_3D('',#1657,#1658,#1659);
#1657 = CARTESIAN_POINT('',(0.35,-1.85,-1.4));
#1658 = DIRECTION('',(0.,-1.,0.));
#1659 = DIRECTION('',(1.,0.,0.));
#1660 = ADVANCED_FACE('',(#1661),#1717,.F.);
#1661 = FACE_BOUND('',#1662,.F.);
#1662 = EDGE_LOOP('',(#1663,#1671,#1672,#1673,#1682,#1691,#1700,#1710));
#1663 = ORIENTED_EDGE('',*,*,#1664,.T.);
#1664 = EDGE_CURVE('',#1665,#543,#1667,.T.);
#1665 = VERTEX_POINT('',#1666);
#1666 = CARTESIAN_POINT('',(6.13127490113E-16,-4.1,-0.7));
#1667 = LINE('',#1668,#1669);
#1668 = CARTESIAN_POINT('',(-1.94038546652E-15,-4.1,81.5030760523));
#1669 = VECTOR('',#1670,1.);
#1670 = DIRECTION('',(0.,0.,-1.));
#1671 = ORIENTED_EDGE('',*,*,#561,.F.);
#1672 = ORIENTED_EDGE('',*,*,#1561,.F.);
#1673 = ORIENTED_EDGE('',*,*,#1674,.T.);
#1674 = EDGE_CURVE('',#1562,#1675,#1677,.T.);
#1675 = VERTEX_POINT('',#1676);
#1676 = CARTESIAN_POINT('',(1.70987177379,-3.72643777852,-0.7));
#1677 = CIRCLE('',#1678,4.1);
#1678 = AXIS2_PLACEMENT_3D('',#1679,#1680,#1681);
#1679 = CARTESIAN_POINT('',(-2.44249065418E-15,0.,-0.699999999711));
#1680 = DIRECTION('',(0.,0.,-1.));
#1681 = DIRECTION('',(-1.,0.,-0.));
#1682 = ORIENTED_EDGE('',*,*,#1683,.T.);
#1683 = EDGE_CURVE('',#1675,#1684,#1686,.T.);
#1684 = VERTEX_POINT('',#1685);
#1685 = CARTESIAN_POINT('',(1.32,-3.88170065822,-0.900000000829));
#1686 = B_SPLINE_CURVE_WITH_KNOTS('',3,(#1687,#1688,#1689,#1690),
  .UNSPECIFIED.,.F.,.F.,(4,4),(0.,0.681075876133),
  .PIECEWISE_BEZIER_KNOTS.);
#1687 = CARTESIAN_POINT('',(1.70987177379,-3.72643777852,-0.699999999711
    ));
#1688 = CARTESIAN_POINT('',(1.61953170291,-3.7678902182,-0.82558108849)
  );
#1689 = CARTESIAN_POINT('',(1.47151666659,-3.83017633486,-0.899990934767
    ));
#1690 = CARTESIAN_POINT('',(1.32,-3.88170065822,-0.900000000829));
#1691 = ORIENTED_EDGE('',*,*,#1692,.T.);
#1692 = EDGE_CURVE('',#1684,#1693,#1695,.T.);
#1693 = VERTEX_POINT('',#1694);
#1694 = CARTESIAN_POINT('',(0.83,-4.0151089649,-0.900000000829));
#1695 = CIRCLE('',#1696,4.1);
#1696 = AXIS2_PLACEMENT_3D('',#1697,#1698,#1699);
#1697 = CARTESIAN_POINT('',(-2.44249065418E-15,0.,-0.900000000829));
#1698 = DIRECTION('',(0.,0.,-1.));
#1699 = DIRECTION('',(-1.,0.,-0.));
#1700 = ORIENTED_EDGE('',*,*,#1701,.T.);
#1701 = EDGE_CURVE('',#1693,#1702,#1704,.T.);
#1702 = VERTEX_POINT('',#1703);
#1703 = CARTESIAN_POINT('',(0.440128226208,-4.07630802866,-0.7));
#1704 = B_SPLINE_CURVE_WITH_KNOTS('',4,(#1705,#1706,#1707,#1708,#1709),
  .UNSPECIFIED.,.F.,.F.,(5,5),(0.,0.651455184948),
  .PIECEWISE_BEZIER_KNOTS.);
#1705 = CARTESIAN_POINT('',(0.83,-4.0151089649,-0.900000000829));
#1706 = CARTESIAN_POINT('',(0.717526944057,-4.03835930187,
    -0.899900582329));
#1707 = CARTESIAN_POINT('',(0.604983133189,-4.05715482364,
    -0.865562228112));
#1708 = CARTESIAN_POINT('',(0.506999457617,-4.06908779008,
    -0.793035399263));
#1709 = CARTESIAN_POINT('',(0.440128226208,-4.07630802866,
    -0.699999999711));
#1710 = ORIENTED_EDGE('',*,*,#1711,.T.);
#1711 = EDGE_CURVE('',#1702,#1665,#1712,.T.);
#1712 = B_SPLINE_CURVE_WITH_KNOTS('',3,(#1713,#1714,#1715,#1716),
  .UNSPECIFIED.,.F.,.F.,(4,4),(-0.220488977633,0.220488977633),
  .PIECEWISE_BEZIER_KNOTS.);
#1713 = CARTESIAN_POINT('',(0.440128226208,-4.07630802866,
    -0.699999999711));
#1714 = CARTESIAN_POINT('',(0.293984975841,-4.09208744697,
    -0.699999999808));
#1715 = CARTESIAN_POINT('',(0.146992651756,-4.1,-0.699999999904));
#1716 = CARTESIAN_POINT('',(-1.94289029309E-15,-4.1,-0.7));
#1717 = CYLINDRICAL_SURFACE('',#1718,4.1);
#1718 = AXIS2_PLACEMENT_3D('',#1719,#1720,#1721);
#1719 = CARTESIAN_POINT('',(-2.44249065418E-15,0.,81.5030760518));
#1720 = DIRECTION('',(0.,0.,-1.));
#1721 = DIRECTION('',(0.,1.,0.));
#1722 = ADVANCED_FACE('',(#1723),#1765,.F.);
#1723 = FACE_BOUND('',#1724,.F.);
#1724 = EDGE_LOOP('',(#1725,#1741,#1748,#1749,#1758));
#1725 = ORIENTED_EDGE('',*,*,#1726,.F.);
#1726 = EDGE_CURVE('',#1727,#1729,#1731,.T.);
#1727 = VERTEX_POINT('',#1728);
#1728 = CARTESIAN_POINT('',(-3.36542250793,0.350000000012,8.18545544235)
  );
#1729 = VERTEX_POINT('',#1730);
#1730 = CARTESIAN_POINT('',(-1.3458920059,0.350000000529,11.0198684168)
  );
#1731 = B_SPLINE_CURVE_WITH_KNOTS('',5,(#1732,#1733,#1734,#1735,#1736,
    #1737,#1738,#1739,#1740),.UNSPECIFIED.,.F.,.F.,(6,3,6),(0.,
    6.45482921706,16.0231269836),.UNSPECIFIED.);
#1732 = CARTESIAN_POINT('',(-3.36542250793,0.350000000012,8.18545544235)
  );
#1733 = CARTESIAN_POINT('',(-3.03578876299,0.350000137761,8.65175990796)
  );
#1734 = CARTESIAN_POINT('',(-2.75434459145,0.349944017499,9.04929212272)
  );
#1735 = CARTESIAN_POINT('',(-2.52073116705,0.349907236682,9.37861212984)
  );
#1736 = CARTESIAN_POINT('',(-2.03469240121,0.349872074685,10.0624196607)
  );
#1737 = CARTESIAN_POINT('',(-1.7243497907,0.349936775984,10.4959496844)
  );
#1738 = CARTESIAN_POINT('',(-1.57446476626,0.350037156015,10.7043435142)
  );
#1739 = CARTESIAN_POINT('',(-1.45070623394,0.349996634561,10.8755967961)
  );
#1740 = CARTESIAN_POINT('',(-1.3458920059,0.350000000529,11.0198684168)
  );
#1741 = ORIENTED_EDGE('',*,*,#1742,.F.);
#1742 = EDGE_CURVE('',#818,#1727,#1743,.T.);
#1743 = CIRCLE('',#1744,3.38357335622);
#1744 = AXIS2_PLACEMENT_3D('',#1745,#1746,#1747);
#1745 = CARTESIAN_POINT('',(2.22044604925E-16,0.,8.18545544235));
#1746 = DIRECTION('',(0.,-6.62844197847E-17,-1.));
#1747 = DIRECTION('',(0.,-1.,6.62844197847E-17));
#1748 = ORIENTED_EDGE('',*,*,#831,.F.);
#1749 = ORIENTED_EDGE('',*,*,#1750,.T.);
#1750 = EDGE_CURVE('',#737,#1751,#1753,.T.);
#1751 = VERTEX_POINT('',#1752);
#1752 = CARTESIAN_POINT('',(-1.39065642482,-1.49061046665E-15,
    11.0198684168));
#1753 = CIRCLE('',#1754,1.39065642482);
#1754 = AXIS2_PLACEMENT_3D('',#1755,#1756,#1757);
#1755 = CARTESIAN_POINT('',(2.22044604925E-16,0.,11.0198684168));
#1756 = DIRECTION('',(0.,-6.62844197847E-17,-1.));
#1757 = DIRECTION('',(0.,-1.,6.62844197847E-17));
#1758 = ORIENTED_EDGE('',*,*,#1759,.T.);
#1759 = EDGE_CURVE('',#1751,#1729,#1760,.T.);
#1760 = CIRCLE('',#1761,1.39065642482);
#1761 = AXIS2_PLACEMENT_3D('',#1762,#1763,#1764);
#1762 = CARTESIAN_POINT('',(2.22044604925E-16,0.,11.0198684168));
#1763 = DIRECTION('',(0.,-6.62844197847E-17,-1.));
#1764 = DIRECTION('',(0.,-1.,6.62844197847E-17));
#1765 = CONICAL_SURFACE('',#1766,3.5,0.612813192365);
#1766 = AXIS2_PLACEMENT_3D('',#1767,#1768,#1769);
#1767 = CARTESIAN_POINT('',(2.22044604925E-16,0.,8.01986841536));
#1768 = DIRECTION('',(0.,0.,-1.));
#1769 = DIRECTION('',(1.22464679915E-16,-1.,0.));
#1770 = ADVANCED_FACE('',(#1771),#1791,.F.);
#1771 = FACE_BOUND('',#1772,.F.);
#1772 = EDGE_LOOP('',(#1773,#1774,#1775,#1784));
#1773 = ORIENTED_EDGE('',*,*,#817,.F.);
#1774 = ORIENTED_EDGE('',*,*,#1742,.T.);
#1775 = ORIENTED_EDGE('',*,*,#1776,.F.);
#1776 = EDGE_CURVE('',#1777,#1727,#1779,.T.);
#1777 = VERTEX_POINT('',#1778);
#1778 = CARTESIAN_POINT('',(-3.52553264302,0.35000000014,7.82203777126)
  );
#1779 = B_SPLINE_CURVE_WITH_KNOTS('',3,(#1780,#1781,#1782,#1783),
  .UNSPECIFIED.,.F.,.F.,(4,4),(0.,0.566405222707),
  .PIECEWISE_BEZIER_KNOTS.);
#1780 = CARTESIAN_POINT('',(-3.52553264161,0.35,7.82203777095));
#1781 = CARTESIAN_POINT('',(-3.49723924645,0.350000176059,7.95198380778)
  );
#1782 = CARTESIAN_POINT('',(-3.44224817969,0.350004255621,8.07677615109)
  );
#1783 = CARTESIAN_POINT('',(-3.36542250781,0.35,8.18545544227));
#1784 = ORIENTED_EDGE('',*,*,#1785,.T.);
#1785 = EDGE_CURVE('',#1777,#807,#1786,.T.);
#1786 = CIRCLE('',#1787,3.54286330629);
#1787 = AXIS2_PLACEMENT_3D('',#1788,#1789,#1790);
#1788 = CARTESIAN_POINT('',(2.22044604925E-16,0.,7.82203777095));
#1789 = DIRECTION('',(-0.,0.,1.));
#1790 = DIRECTION('',(1.,0.,0.));
#1791 = TOROIDAL_SURFACE('',#1792,2.56554016626,1.);
#1792 = AXIS2_PLACEMENT_3D('',#1793,#1794,#1795);
#1793 = CARTESIAN_POINT('',(2.22044604925E-16,0.,7.61028442394));
#1794 = DIRECTION('',(0.,0.,1.));
#1795 = DIRECTION('',(1.22464679915E-16,1.,-0.));
#1796 = ADVANCED_FACE('',(#1797),#1818,.F.);
#1797 = FACE_BOUND('',#1798,.F.);
#1798 = EDGE_LOOP('',(#1799,#1800,#1801,#1811));
#1799 = ORIENTED_EDGE('',*,*,#806,.F.);
#1800 = ORIENTED_EDGE('',*,*,#1785,.F.);
#1801 = ORIENTED_EDGE('',*,*,#1802,.F.);
#1802 = EDGE_CURVE('',#1803,#1777,#1805,.T.);
#1803 = VERTEX_POINT('',#1804);
#1804 = CARTESIAN_POINT('',(-4.78722257682,0.35,2.01986841536));
#1805 = B_SPLINE_CURVE_WITH_KNOTS('',4,(#1806,#1807,#1808,#1809,#1810),
  .UNSPECIFIED.,.F.,.F.,(5,5),(0.,8.78903079487),
  .PIECEWISE_BEZIER_KNOTS.);
#1806 = CARTESIAN_POINT('',(-4.78722257682,0.35,2.01986841536));
#1807 = CARTESIAN_POINT('',(-4.46562077344,0.350000008311,3.50023323532)
  );
#1808 = CARTESIAN_POINT('',(-4.14602918978,0.350013639863,4.97063428319)
  );
#1809 = CARTESIAN_POINT('',(-3.83037415972,0.34999990109,6.42195941479)
  );
#1810 = CARTESIAN_POINT('',(-3.52553264302,0.35000000014,7.82203777126)
  );
#1811 = ORIENTED_EDGE('',*,*,#1812,.F.);
#1812 = EDGE_CURVE('',#799,#1803,#1813,.T.);
#1813 = CIRCLE('',#1814,4.8);
#1814 = AXIS2_PLACEMENT_3D('',#1815,#1816,#1817);
#1815 = CARTESIAN_POINT('',(1.11022302463E-16,0.,2.01986841536));
#1816 = DIRECTION('',(0.,-1.87989299022E-16,-1.));
#1817 = DIRECTION('',(0.,-1.,1.87989299022E-16));
#1818 = CONICAL_SURFACE('',#1819,4.8,0.213368641908);
#1819 = AXIS2_PLACEMENT_3D('',#1820,#1821,#1822);
#1820 = CARTESIAN_POINT('',(1.11022302463E-16,0.,2.01986841536));
#1821 = DIRECTION('',(0.,0.,-1.));
#1822 = DIRECTION('',(1.22464679915E-16,-1.,0.));
#1823 = ADVANCED_FACE('',(#1824),#1843,.F.);
#1824 = FACE_BOUND('',#1825,.F.);
#1825 = EDGE_LOOP('',(#1826,#1834,#1841,#1842));
#1826 = ORIENTED_EDGE('',*,*,#1827,.T.);
#1827 = EDGE_CURVE('',#1803,#1828,#1830,.T.);
#1828 = VERTEX_POINT('',#1829);
#1829 = CARTESIAN_POINT('',(-4.78722257682,0.35,0.819868415138));
#1830 = LINE('',#1831,#1832);
#1831 = CARTESIAN_POINT('',(-4.78722257682,0.35,81.5030760523));
#1832 = VECTOR('',#1833,1.);
#1833 = DIRECTION('',(0.,0.,-1.));
#1834 = ORIENTED_EDGE('',*,*,#1835,.F.);
#1835 = EDGE_CURVE('',#785,#1828,#1836,.T.);
#1836 = CIRCLE('',#1837,4.8);
#1837 = AXIS2_PLACEMENT_3D('',#1838,#1839,#1840);
#1838 = CARTESIAN_POINT('',(-2.44249065418E-15,0.,0.819868415138));
#1839 = DIRECTION('',(0.,0.,-1.));
#1840 = DIRECTION('',(-1.,0.,-0.));
#1841 = ORIENTED_EDGE('',*,*,#798,.F.);
#1842 = ORIENTED_EDGE('',*,*,#1812,.T.);
#1843 = CYLINDRICAL_SURFACE('',#1844,4.8);
#1844 = AXIS2_PLACEMENT_3D('',#1845,#1846,#1847);
#1845 = CARTESIAN_POINT('',(-2.44249065418E-15,0.,81.5030760518));
#1846 = DIRECTION('',(0.,0.,-1.));
#1847 = DIRECTION('',(1.22464679915E-16,-1.,0.));
#1848 = ADVANCED_FACE('',(#1849),#1874,.T.);
#1849 = FACE_BOUND('',#1850,.T.);
#1850 = EDGE_LOOP('',(#1851,#1860,#1861,#1862));
#1851 = ORIENTED_EDGE('',*,*,#1852,.F.);
#1852 = EDGE_CURVE('',#768,#1853,#1855,.T.);
#1853 = VERTEX_POINT('',#1854);
#1854 = CARTESIAN_POINT('',(-4.61173774189,0.35,0.439901311518));
#1855 = CIRCLE('',#1856,4.625);
#1856 = AXIS2_PLACEMENT_3D('',#1857,#1858,#1859);
#1857 = CARTESIAN_POINT('',(1.11022302463E-16,0.,0.439901311518));
#1858 = DIRECTION('',(0.,0.,-1.));
#1859 = DIRECTION('',(-1.,0.,-0.));
#1860 = ORIENTED_EDGE('',*,*,#767,.T.);
#1861 = ORIENTED_EDGE('',*,*,#858,.T.);
#1862 = ORIENTED_EDGE('',*,*,#1863,.T.);
#1863 = EDGE_CURVE('',#849,#1853,#1864,.T.);
#1864 = B_SPLINE_CURVE_WITH_KNOTS('',5,(#1865,#1866,#1867,#1868,#1869,
    #1870,#1871,#1872,#1873),.UNSPECIFIED.,.F.,.F.,(6,3,6),(0.,
    1.10074172125,1.86503250858),.UNSPECIFIED.);
#1865 = CARTESIAN_POINT('',(-4.08503365959,0.35,-0.7));
#1866 = CARTESIAN_POINT('',(-4.08503330318,0.350004159911,
    -0.544723040611));
#1867 = CARTESIAN_POINT('',(-4.10520148661,0.34997935051,-0.389234793291
    ));
#1868 = CARTESIAN_POINT('',(-4.14549847494,0.350007710483,
    -0.237575264883));
#1869 = CARTESIAN_POINT('',(-4.24672074584,0.349977733075,
    8.39203825674E-03));
#1870 = CARTESIAN_POINT('',(-4.39827958398,0.349996506794,0.225559110165
    ));
#1871 = CARTESIAN_POINT('',(-4.45400007386,0.35000301162,0.292667963413)
  );
#1872 = CARTESIAN_POINT('',(-4.52968733235,0.349997068099,0.369921598326
    ));
#1873 = CARTESIAN_POINT('',(-4.61173774189,0.35,0.439901311518));
#1874 = TOROIDAL_SURFACE('',#1875,5.6,1.5);
#1875 = AXIS2_PLACEMENT_3D('',#1876,#1877,#1878);
#1876 = CARTESIAN_POINT('',(1.11022302463E-16,0.,-0.7));
#1877 = DIRECTION('',(0.,0.,-1.));
#1878 = DIRECTION('',(1.22464679915E-16,-1.,0.));
#1879 = ADVANCED_FACE('',(#1880),#1918,.F.);
#1880 = FACE_BOUND('',#1881,.F.);
#1881 = EDGE_LOOP('',(#1882,#1892,#1899,#1900,#1901,#1911));
#1882 = ORIENTED_EDGE('',*,*,#1883,.T.);
#1883 = EDGE_CURVE('',#1884,#1886,#1888,.T.);
#1884 = VERTEX_POINT('',#1885);
#1885 = CARTESIAN_POINT('',(3.33066907555E-16,1.39065642482,
    11.0198684168));
#1886 = VERTEX_POINT('',#1887);
#1887 = CARTESIAN_POINT('',(2.22044604925E-16,3.38357335622,
    8.18545544235));
#1888 = LINE('',#1889,#1890);
#1889 = CARTESIAN_POINT('',(-7.04383411673E-11,2.87587258877E+05,
    -4.09006086326E+05));
#1890 = VECTOR('',#1891,1.);
#1891 = DIRECTION('',(-1.40876269171E-16,0.575171017755,-0.81803319024)
  );
#1892 = ORIENTED_EDGE('',*,*,#1893,.F.);
#1893 = EDGE_CURVE('',#1038,#1886,#1894,.T.);
#1894 = CIRCLE('',#1895,3.38357335622);
#1895 = AXIS2_PLACEMENT_3D('',#1896,#1897,#1898);
#1896 = CARTESIAN_POINT('',(2.22044604925E-16,0.,8.18545544235));
#1897 = DIRECTION('',(0.,-6.62844197847E-17,-1.));
#1898 = DIRECTION('',(0.,-1.,6.62844197847E-17));
#1899 = ORIENTED_EDGE('',*,*,#1048,.F.);
#1900 = ORIENTED_EDGE('',*,*,#1059,.F.);
#1901 = ORIENTED_EDGE('',*,*,#1902,.F.);
#1902 = EDGE_CURVE('',#1903,#876,#1905,.T.);
#1903 = VERTEX_POINT('',#1904);
#1904 = CARTESIAN_POINT('',(-0.350000000529,1.3458920059,11.0198684168)
  );
#1905 = B_SPLINE_CURVE_WITH_KNOTS('',4,(#1906,#1907,#1908,#1909,#1910),
  .UNSPECIFIED.,.F.,.F.,(5,5),(0.,6.85219989849),
  .PIECEWISE_BEZIER_KNOTS.);
#1906 = CARTESIAN_POINT('',(-0.350000000529,1.3458920059,11.0198684168)
  );
#1907 = CARTESIAN_POINT('',(-0.350000000471,1.43972993311,10.8907040547)
  );
#1908 = CARTESIAN_POINT('',(-0.350000588841,1.54987926317,10.7383183208)
  );
#1909 = CARTESIAN_POINT('',(-0.350000000356,1.68149309805,10.5553768808)
  );
#1910 = CARTESIAN_POINT('',(-0.350000000299,1.85000000158,10.3198962247)
  );
#1911 = ORIENTED_EDGE('',*,*,#1912,.T.);
#1912 = EDGE_CURVE('',#1903,#1884,#1913,.T.);
#1913 = CIRCLE('',#1914,1.39065642482);
#1914 = AXIS2_PLACEMENT_3D('',#1915,#1916,#1917);
#1915 = CARTESIAN_POINT('',(2.22044604925E-16,0.,11.0198684168));
#1916 = DIRECTION('',(0.,-6.62844197847E-17,-1.));
#1917 = DIRECTION('',(0.,-1.,6.62844197847E-17));
#1918 = CONICAL_SURFACE('',#1919,3.5,0.612813192365);
#1919 = AXIS2_PLACEMENT_3D('',#1920,#1921,#1922);
#1920 = CARTESIAN_POINT('',(2.22044604925E-16,0.,8.01986841536));
#1921 = DIRECTION('',(0.,0.,-1.));
#1922 = DIRECTION('',(1.22464679915E-16,-1.,0.));
#1923 = ADVANCED_FACE('',(#1924),#1944,.F.);
#1924 = FACE_BOUND('',#1925,.F.);
#1925 = EDGE_LOOP('',(#1926,#1935,#1942,#1943));
#1926 = ORIENTED_EDGE('',*,*,#1927,.F.);
#1927 = EDGE_CURVE('',#1928,#1886,#1930,.T.);
#1928 = VERTEX_POINT('',#1929);
#1929 = CARTESIAN_POINT('',(1.11022302463E-16,3.5428633077,7.82203777126
    ));
#1930 = CIRCLE('',#1931,1.);
#1931 = AXIS2_PLACEMENT_3D('',#1932,#1933,#1934);
#1932 = CARTESIAN_POINT('',(5.36232660195E-16,2.56554016626,
    7.61028442394));
#1933 = DIRECTION('',(1.,-1.22464679915E-16,0.));
#1934 = DIRECTION('',(1.22464679915E-16,1.,0.));
#1935 = ORIENTED_EDGE('',*,*,#1936,.T.);
#1936 = EDGE_CURVE('',#1928,#1027,#1937,.T.);
#1937 = CIRCLE('',#1938,3.54286330629);
#1938 = AXIS2_PLACEMENT_3D('',#1939,#1940,#1941);
#1939 = CARTESIAN_POINT('',(2.22044604925E-16,0.,7.82203777095));
#1940 = DIRECTION('',(-0.,0.,1.));
#1941 = DIRECTION('',(1.,0.,0.));
#1942 = ORIENTED_EDGE('',*,*,#1037,.F.);
#1943 = ORIENTED_EDGE('',*,*,#1893,.T.);
#1944 = TOROIDAL_SURFACE('',#1945,2.56554016626,1.);
#1945 = AXIS2_PLACEMENT_3D('',#1946,#1947,#1948);
#1946 = CARTESIAN_POINT('',(2.22044604925E-16,0.,7.61028442394));
#1947 = DIRECTION('',(0.,0.,1.));
#1948 = DIRECTION('',(1.22464679915E-16,1.,-0.));
#1949 = ADVANCED_FACE('',(#1950),#2067,.F.);
#1950 = FACE_BOUND('',#1951,.F.);
#1951 = EDGE_LOOP('',(#1952,#1960,#1969,#1978,#2007,#2016,#2048,#2058,
    #2065,#2066));
#1952 = ORIENTED_EDGE('',*,*,#1953,.T.);
#1953 = EDGE_CURVE('',#1928,#1954,#1956,.T.);
#1954 = VERTEX_POINT('',#1955);
#1955 = CARTESIAN_POINT('',(1.11022302463E-16,4.8,2.01986841536));
#1956 = LINE('',#1957,#1958);
#1957 = CARTESIAN_POINT('',(-2.59327826409E-11,1.05879073384E+05,
    -4.88648473248E+05));
#1958 = VECTOR('',#1959,1.);
#1959 = DIRECTION('',(-5.186461166552E-17,0.211753346768,-0.977323140078
    ));
#1960 = ORIENTED_EDGE('',*,*,#1961,.F.);
#1961 = EDGE_CURVE('',#1962,#1954,#1964,.T.);
#1962 = VERTEX_POINT('',#1963);
#1963 = CARTESIAN_POINT('',(-0.35,4.78722257682,2.01986841536));
#1964 = CIRCLE('',#1965,4.8);
#1965 = AXIS2_PLACEMENT_3D('',#1966,#1967,#1968);
#1966 = CARTESIAN_POINT('',(1.11022302463E-16,0.,2.01986841536));
#1967 = DIRECTION('',(0.,-1.87989299022E-16,-1.));
#1968 = DIRECTION('',(0.,-1.,1.87989299022E-16));
#1969 = ORIENTED_EDGE('',*,*,#1970,.F.);
#1970 = EDGE_CURVE('',#1971,#1962,#1973,.T.);
#1971 = VERTEX_POINT('',#1972);
#1972 = CARTESIAN_POINT('',(-0.350000000105,3.76975863042,6.70000000025)
  );
#1973 = B_SPLINE_CURVE_WITH_KNOTS('',3,(#1974,#1975,#1976,#1977),
  .UNSPECIFIED.,.F.,.F.,(4,4),(0.,7.05062358424),
  .PIECEWISE_BEZIER_KNOTS.);
#1974 = CARTESIAN_POINT('',(-0.350000000105,3.76975863042,6.70000000025)
  );
#1975 = CARTESIAN_POINT('',(-0.349999999235,4.10148734847,5.17550089538)
  );
#1976 = CARTESIAN_POINT('',(-0.350000000553,4.44323420345,3.60328082775)
  );
#1977 = CARTESIAN_POINT('',(-0.35,4.78722257682,2.01986841536));
#1978 = ORIENTED_EDGE('',*,*,#1979,.T.);
#1979 = EDGE_CURVE('',#1971,#1980,#1982,.T.);
#1980 = VERTEX_POINT('',#1981);
#1981 = CARTESIAN_POINT('',(-0.950000000334,3.5303863166,7.30000000028)
  );
#1982 = B_SPLINE_CURVE_WITH_KNOTS('',5,(#1983,#1984,#1985,#1986,#1987,
    #1988,#1989,#1990,#1991,#1992,#1993,#1994,#1995,#1996,#1997,#1998,
    #1999,#2000,#2001,#2002,#2003,#2004,#2005,#2006),.UNSPECIFIED.,.F.,
  .F.,(6,3,3,3,3,3,3,6),(0.,6.06075627395E-02,0.121215125479,
    0.49675443364,0.965168481265,3.51323887654,7.26547003324,
    17.2731110545),.UNSPECIFIED.);
#1983 = CARTESIAN_POINT('',(-0.350000000105,3.76975863042,6.70000000025)
  );
#1984 = CARTESIAN_POINT('',(-0.350006387172,3.7680595844,6.70780544476)
  );
#1985 = CARTESIAN_POINT('',(-0.350012591696,3.76636054648,6.71561088927)
  );
#1986 = CARTESIAN_POINT('',(-0.350353573739,3.76511587565,6.72118521018)
  );
#1987 = CARTESIAN_POINT('',(-0.35083165534,3.76270929285,6.73204009838)
  );
#1988 = CARTESIAN_POINT('',(-0.351418627135,3.76068778506,6.7410779078)
  );
#1989 = CARTESIAN_POINT('',(-0.351730101024,3.75973962163,6.74530122325)
  );
#1990 = CARTESIAN_POINT('',(-0.354049949804,3.75335769705,6.77362985886)
  );
#1991 = CARTESIAN_POINT('',(-0.356882833623,3.74933687005,6.7908743897)
  );
#1992 = CARTESIAN_POINT('',(-0.358619382377,3.74668488928,6.80229692312)
  );
#1993 = CARTESIAN_POINT('',(-0.364144866741,3.73990054486,6.83102162451)
  );
#1994 = CARTESIAN_POINT('',(-0.369850137837,3.73441692537,6.85363225178)
  );
#1995 = CARTESIAN_POINT('',(-0.37304472326,3.73158889618,6.86516069201)
  );
#1996 = CARTESIAN_POINT('',(-0.393738054423,3.71460109959,6.93360550769)
  );
#1997 = CARTESIAN_POINT('',(-0.415080536934,3.70363374852,6.9733362226)
  );
#1998 = CARTESIAN_POINT('',(-0.428885025995,3.69619756196,7.00021344814)
  );
#1999 = CARTESIAN_POINT('',(-0.473399784711,3.67571717617,7.06960898126)
  );
#2000 = CARTESIAN_POINT('',(-0.518032626547,3.65888397011,7.11885944452)
  );
#2001 = CARTESIAN_POINT('',(-0.544604971325,3.6494436383,7.14432835031)
  );
#2002 = CARTESIAN_POINT('',(-0.641988138216,3.61662225758,7.22518850984)
  );
#2003 = CARTESIAN_POINT('',(-0.739158742983,3.58852449009,7.26865813194)
  );
#2004 = CARTESIAN_POINT('',(-0.808880743709,3.5687925595,7.28963576149)
  );
#2005 = CARTESIAN_POINT('',(-0.879387016966,3.54939100363,7.29998541574)
  );
#2006 = CARTESIAN_POINT('',(-0.950000000334,3.5303863166,7.30000000028)
  );
#2007 = ORIENTED_EDGE('',*,*,#2008,.F.);
#2008 = EDGE_CURVE('',#2009,#1980,#2011,.T.);
#2009 = VERTEX_POINT('',#2010);
#2010 = CARTESIAN_POINT('',(-1.1500000004,3.47039299563,7.30000000028));
#2011 = CIRCLE('',#2012,3.65597149128);
#2012 = AXIS2_PLACEMENT_3D('',#2013,#2014,#2015);
#2013 = CARTESIAN_POINT('',(1.11022302463E-16,0.,7.30000000028));
#2014 = DIRECTION('',(0.,-1.87989299022E-16,-1.));
#2015 = DIRECTION('',(0.,-1.,1.87989299022E-16));
#2016 = ORIENTED_EDGE('',*,*,#2017,.T.);
#2017 = EDGE_CURVE('',#2009,#2018,#2020,.T.);
#2018 = VERTEX_POINT('',#2019);
#2019 = CARTESIAN_POINT('',(-1.75000000053,3.35724293578,6.70000000025)
  );
#2020 = B_SPLINE_CURVE_WITH_KNOTS('',5,(#2021,#2022,#2023,#2024,#2025,
    #2026,#2027,#2028,#2029,#2030,#2031,#2032,#2033,#2034,#2035,#2036,
    #2037,#2038,#2039,#2040,#2041,#2042,#2043,#2044,#2045,#2046,#2047),
  .UNSPECIFIED.,.F.,.F.,(6,3,3,3,3,3,3,3,6),(0.,9.91719313966,
    13.6098076049,14.6781450225,15.7680448371,16.2692452475,
    16.3592638447,16.4492824419,16.5294482074),.UNSPECIFIED.);
#2021 = CARTESIAN_POINT('',(-1.1500000004,3.47039299563,7.30000000028));
#2022 = CARTESIAN_POINT('',(-1.21879003077,3.4476093357,7.29994914846));
#2023 = CARTESIAN_POINT('',(-1.28768766146,3.42514800759,7.29004342353)
  );
#2024 = CARTESIAN_POINT('',(-1.35385655578,3.40406592007,7.27062654636)
  );
#2025 = CARTESIAN_POINT('',(-1.44921001943,3.37401006101,7.23009122038)
  );
#2026 = CARTESIAN_POINT('',(-1.54738241158,3.34800565678,7.15149886587)
  );
#2027 = CARTESIAN_POINT('',(-1.57322754256,3.34169306942,7.1274766771));
#2028 = CARTESIAN_POINT('',(-1.60835103818,3.33376112591,7.09065469037)
  );
#2029 = CARTESIAN_POINT('',(-1.64480071336,3.32810902103,7.03976482289)
  );
#2030 = CARTESIAN_POINT('',(-1.65306188759,3.32698254503,7.02749379877)
  );
#2031 = CARTESIAN_POINT('',(-1.6699445718,3.32505544331,7.00066960303));
#2032 = CARTESIAN_POINT('',(-1.68741184288,3.32421141069,6.96777201899)
  );
#2033 = CARTESIAN_POINT('',(-1.69557403783,3.32422604161,6.9506277811));
#2034 = CARTESIAN_POINT('',(-1.70899996472,3.32461367954,6.92078914232)
  );
#2035 = CARTESIAN_POINT('',(-1.7238005796,3.32784475168,6.87616744132));
#2036 = CARTESIAN_POINT('',(-1.72655792951,3.32901290059,6.86552567175)
  );
#2037 = CARTESIAN_POINT('',(-1.73218946076,3.3302406259,6.84851117895));
#2038 = CARTESIAN_POINT('',(-1.73929138899,3.33520258572,6.81305085316)
  );
#2039 = CARTESIAN_POINT('',(-1.74043551736,3.33609505065,6.80695662968)
  );
#2040 = CARTESIAN_POINT('',(-1.74280882884,3.33813564233,6.79353925467)
  );
#2041 = CARTESIAN_POINT('',(-1.74552947465,3.34146582667,6.77410218976)
  );
#2042 = CARTESIAN_POINT('',(-1.74812280148,3.3462396353,6.74903130942));
#2043 = CARTESIAN_POINT('',(-1.74939337095,3.35031117098,6.72966002178)
  );
#2044 = CARTESIAN_POINT('',(-1.74982241807,3.35343239814,6.71597303844)
  );
#2045 = CARTESIAN_POINT('',(-1.74994523425,3.35480427381,6.7100971757));
#2046 = CARTESIAN_POINT('',(-1.74999707655,3.35605872839,6.70485288193)
  );
#2047 = CARTESIAN_POINT('',(-1.75000000053,3.35724293578,6.70000000025)
  );
#2048 = ORIENTED_EDGE('',*,*,#2049,.F.);
#2049 = EDGE_CURVE('',#2050,#2018,#2052,.T.);
#2050 = VERTEX_POINT('',#2051);
#2051 = CARTESIAN_POINT('',(-1.75,4.46961967062,2.01986841626));
#2052 = B_SPLINE_CURVE_WITH_KNOTS('',4,(#2053,#2054,#2055,#2056,#2057),
  .UNSPECIFIED.,.F.,.F.,(5,5),(0.,12.7284441633),
  .PIECEWISE_BEZIER_KNOTS.);
#2053 = CARTESIAN_POINT('',(-1.75,4.46961967062,2.01986841536));
#2054 = CARTESIAN_POINT('',(-1.75000000012,4.1456887821,3.41202983144));
#2055 = CARTESIAN_POINT('',(-1.74986686798,3.85252567018,4.65423860837)
  );
#2056 = CARTESIAN_POINT('',(-1.75000000039,3.59160796472,5.74080670103)
  );
#2057 = CARTESIAN_POINT('',(-1.75000000053,3.35724293578,6.70000000025)
  );
#2058 = ORIENTED_EDGE('',*,*,#2059,.F.);
#2059 = EDGE_CURVE('',#1019,#2050,#2060,.T.);
#2060 = CIRCLE('',#2061,4.8);
#2061 = AXIS2_PLACEMENT_3D('',#2062,#2063,#2064);
#2062 = CARTESIAN_POINT('',(1.11022302463E-16,0.,2.01986841536));
#2063 = DIRECTION('',(0.,-1.87989299022E-16,-1.));
#2064 = DIRECTION('',(0.,-1.,1.87989299022E-16));
#2065 = ORIENTED_EDGE('',*,*,#1026,.F.);
#2066 = ORIENTED_EDGE('',*,*,#1936,.F.);
#2067 = CONICAL_SURFACE('',#2068,4.8,0.213368641908);
#2068 = AXIS2_PLACEMENT_3D('',#2069,#2070,#2071);
#2069 = CARTESIAN_POINT('',(1.11022302463E-16,0.,2.01986841536));
#2070 = DIRECTION('',(0.,0.,-1.));
#2071 = DIRECTION('',(1.22464679915E-16,-1.,0.));
#2072 = ADVANCED_FACE('',(#2073),#2092,.F.);
#2073 = FACE_BOUND('',#2074,.F.);
#2074 = EDGE_LOOP('',(#2075,#2083,#2090,#2091));
#2075 = ORIENTED_EDGE('',*,*,#2076,.T.);
#2076 = EDGE_CURVE('',#2050,#2077,#2079,.T.);
#2077 = VERTEX_POINT('',#2078);
#2078 = CARTESIAN_POINT('',(-1.75,4.46961967062,0.819868415138));
#2079 = LINE('',#2080,#2081);
#2080 = CARTESIAN_POINT('',(-1.75,4.46961967062,81.5030760523));
#2081 = VECTOR('',#2082,1.);
#2082 = DIRECTION('',(0.,0.,-1.));
#2083 = ORIENTED_EDGE('',*,*,#2084,.F.);
#2084 = EDGE_CURVE('',#1005,#2077,#2085,.T.);
#2085 = CIRCLE('',#2086,4.8);
#2086 = AXIS2_PLACEMENT_3D('',#2087,#2088,#2089);
#2087 = CARTESIAN_POINT('',(-2.44249065418E-15,0.,0.819868415138));
#2088 = DIRECTION('',(0.,0.,-1.));
#2089 = DIRECTION('',(-1.,0.,-0.));
#2090 = ORIENTED_EDGE('',*,*,#1018,.F.);
#2091 = ORIENTED_EDGE('',*,*,#2059,.T.);
#2092 = CYLINDRICAL_SURFACE('',#2093,4.8);
#2093 = AXIS2_PLACEMENT_3D('',#2094,#2095,#2096);
#2094 = CARTESIAN_POINT('',(-2.44249065418E-15,0.,81.5030760518));
#2095 = DIRECTION('',(0.,0.,-1.));
#2096 = DIRECTION('',(1.22464679915E-16,-1.,0.));
#2097 = ADVANCED_FACE('',(#2098),#2128,.T.);
#2098 = FACE_BOUND('',#2099,.T.);
#2099 = EDGE_LOOP('',(#2100,#2109,#2110,#2111,#2121));
#2100 = ORIENTED_EDGE('',*,*,#2101,.F.);
#2101 = EDGE_CURVE('',#991,#2102,#2104,.T.);
#2102 = VERTEX_POINT('',#2103);
#2103 = CARTESIAN_POINT('',(-1.75,4.28113594739,0.439901311518));
#2104 = CIRCLE('',#2105,4.625);
#2105 = AXIS2_PLACEMENT_3D('',#2106,#2107,#2108);
#2106 = CARTESIAN_POINT('',(1.11022302463E-16,0.,0.439901311518));
#2107 = DIRECTION('',(0.,0.,-1.));
#2108 = DIRECTION('',(-1.,0.,-0.));
#2109 = ORIENTED_EDGE('',*,*,#990,.T.);
#2110 = ORIENTED_EDGE('',*,*,#1089,.T.);
#2111 = ORIENTED_EDGE('',*,*,#2112,.T.);
#2112 = EDGE_CURVE('',#1090,#2113,#2115,.T.);
#2113 = VERTEX_POINT('',#2114);
#2114 = CARTESIAN_POINT('',(-1.75,3.76773776022,-0.3));
#2115 = B_SPLINE_CURVE_WITH_KNOTS('',4,(#2116,#2117,#2118,#2119,#2120),
  .UNSPECIFIED.,.F.,.F.,(5,5),(0.,0.669643409736),
  .PIECEWISE_BEZIER_KNOTS.);
#2116 = CARTESIAN_POINT('',(-1.57749172176,3.78437839913,-0.7));
#2117 = CARTESIAN_POINT('',(-1.65105805822,3.75371278525,-0.630639945928
    ));
#2118 = CARTESIAN_POINT('',(-1.71560577942,3.72692912198,-0.539488785059
    ));
#2119 = CARTESIAN_POINT('',(-1.74994634664,3.7334419925,-0.412499397565)
  );
#2120 = CARTESIAN_POINT('',(-1.75,3.76773776022,-0.3));
#2121 = ORIENTED_EDGE('',*,*,#2122,.T.);
#2122 = EDGE_CURVE('',#2113,#2102,#2123,.T.);
#2123 = B_SPLINE_CURVE_WITH_KNOTS('',3,(#2124,#2125,#2126,#2127),
  .UNSPECIFIED.,.F.,.F.,(4,4),(0.,1.30690476935),
  .PIECEWISE_BEZIER_KNOTS.);
#2124 = CARTESIAN_POINT('',(-1.75,3.76773776022,-0.3));
#2125 = CARTESIAN_POINT('',(-1.74993388084,3.85713027735,
    -7.08193830803E-03));
#2126 = CARTESIAN_POINT('',(-1.74991662325,4.04266562932,0.251066943222)
  );
#2127 = CARTESIAN_POINT('',(-1.75,4.28113594739,0.439901311518));
#2128 = TOROIDAL_SURFACE('',#2129,5.6,1.5);
#2129 = AXIS2_PLACEMENT_3D('',#2130,#2131,#2132);
#2130 = CARTESIAN_POINT('',(1.11022302463E-16,0.,-0.7));
#2131 = DIRECTION('',(0.,0.,-1.));
#2132 = DIRECTION('',(1.22464679915E-16,-1.,0.));
#2133 = ADVANCED_FACE('',(#2134),#2160,.T.);
#2134 = FACE_BOUND('',#2135,.T.);
#2135 = EDGE_LOOP('',(#2136,#2144,#2145,#2151,#2152));
#2136 = ORIENTED_EDGE('',*,*,#2137,.T.);
#2137 = EDGE_CURVE('',#2138,#959,#2140,.T.);
#2138 = VERTEX_POINT('',#2139);
#2139 = CARTESIAN_POINT('',(-0.35,4.13954681455,-0.3));
#2140 = LINE('',#2141,#2142);
#2141 = CARTESIAN_POINT('',(-0.35,6.,-0.3));
#2142 = VECTOR('',#2143,1.);
#2143 = DIRECTION('',(0.,-1.,0.));
#2144 = ORIENTED_EDGE('',*,*,#958,.T.);
#2145 = ORIENTED_EDGE('',*,*,#2146,.F.);
#2146 = EDGE_CURVE('',#1108,#951,#2147,.T.);
#2147 = LINE('',#2148,#2149);
#2148 = CARTESIAN_POINT('',(-0.9,6.,-0.85));
#2149 = VECTOR('',#2150,1.);
#2150 = DIRECTION('',(0.,-1.,0.));
#2151 = ORIENTED_EDGE('',*,*,#1116,.F.);
#2152 = ORIENTED_EDGE('',*,*,#2153,.F.);
#2153 = EDGE_CURVE('',#2138,#1117,#2154,.T.);
#2154 = B_SPLINE_CURVE_WITH_KNOTS('',4,(#2155,#2156,#2157,#2158,#2159),
  .UNSPECIFIED.,.F.,.F.,(5,5),(0.,0.652510859987),
  .PIECEWISE_BEZIER_KNOTS.);
#2155 = CARTESIAN_POINT('',(-0.35,4.13954681531,-0.3));
#2156 = CARTESIAN_POINT('',(-0.35,4.10877597186,-0.410883704707));
#2157 = CARTESIAN_POINT('',(-0.378502047841,4.0883648275,-0.518955268716
    ));
#2158 = CARTESIAN_POINT('',(-0.439287372298,4.07726636576,
    -0.621461992327));
#2159 = CARTESIAN_POINT('',(-0.522508278236,4.06656920537,-0.7));
#2160 = CYLINDRICAL_SURFACE('',#2161,0.55);
#2161 = AXIS2_PLACEMENT_3D('',#2162,#2163,#2164);
#2162 = CARTESIAN_POINT('',(-0.9,6.,-0.3));
#2163 = DIRECTION('',(-0.,-1.,-0.));
#2164 = DIRECTION('',(-1.,0.,0.));
#2165 = ADVANCED_FACE('',(#2166),#2177,.T.);
#2166 = FACE_BOUND('',#2167,.T.);
#2167 = EDGE_LOOP('',(#2168,#2169,#2170,#2176));
#2168 = ORIENTED_EDGE('',*,*,#2146,.T.);
#2169 = ORIENTED_EDGE('',*,*,#950,.T.);
#2170 = ORIENTED_EDGE('',*,*,#2171,.T.);
#2171 = EDGE_CURVE('',#934,#1099,#2172,.T.);
#2172 = LINE('',#2173,#2174);
#2173 = CARTESIAN_POINT('',(-1.20000000037,2.88522957824,-0.85));
#2174 = VECTOR('',#2175,1.);
#2175 = DIRECTION('',(0.,1.,0.));
#2176 = ORIENTED_EDGE('',*,*,#1107,.T.);
#2177 = PLANE('',#2178);
#2178 = AXIS2_PLACEMENT_3D('',#2179,#2180,#2181);
#2179 = CARTESIAN_POINT('',(-1.8,6.,-0.85));
#2180 = DIRECTION('',(0.,0.,-1.));
#2181 = DIRECTION('',(0.,1.,0.));
#2182 = ADVANCED_FACE('',(#2183),#2195,.T.);
#2183 = FACE_BOUND('',#2184,.T.);
#2184 = EDGE_LOOP('',(#2185,#2186,#2187,#2188,#2194));
#2185 = ORIENTED_EDGE('',*,*,#1098,.F.);
#2186 = ORIENTED_EDGE('',*,*,#2171,.F.);
#2187 = ORIENTED_EDGE('',*,*,#933,.T.);
#2188 = ORIENTED_EDGE('',*,*,#2189,.F.);
#2189 = EDGE_CURVE('',#2113,#926,#2190,.T.);
#2190 = LINE('',#2191,#2192);
#2191 = CARTESIAN_POINT('',(-1.75,6.,-0.3));
#2192 = VECTOR('',#2193,1.);
#2193 = DIRECTION('',(0.,-1.,0.));
#2194 = ORIENTED_EDGE('',*,*,#2112,.F.);
#2195 = CYLINDRICAL_SURFACE('',#2196,0.55);
#2196 = AXIS2_PLACEMENT_3D('',#2197,#2198,#2199);
#2197 = CARTESIAN_POINT('',(-1.2,6.,-0.3));
#2198 = DIRECTION('',(-0.,-1.,-0.));
#2199 = DIRECTION('',(-1.,0.,0.));
#2200 = ADVANCED_FACE('',(#2201),#2226,.T.);
#2201 = FACE_BOUND('',#2202,.T.);
#2202 = EDGE_LOOP('',(#2203,#2204,#2216,#2217,#2218,#2219,#2225));
#2203 = ORIENTED_EDGE('',*,*,#2076,.T.);
#2204 = ORIENTED_EDGE('',*,*,#2205,.T.);
#2205 = EDGE_CURVE('',#2077,#2102,#2206,.T.);
#2206 = B_SPLINE_CURVE_WITH_KNOTS('',5,(#2207,#2208,#2209,#2210,#2211,
    #2212,#2213,#2214,#2215),.UNSPECIFIED.,.F.,.F.,(6,3,6),(0.,
    0.371854805631,0.619759792668),.UNSPECIFIED.);
#2207 = CARTESIAN_POINT('',(-1.75,4.46961967088,0.819868414849));
#2208 = CARTESIAN_POINT('',(-1.75,4.4695998773,0.767402617829));
#2209 = CARTESIAN_POINT('',(-1.75,4.46229393734,0.714979830217));
#2210 = CARTESIAN_POINT('',(-1.75,4.44707954862,0.662832673891));
#2211 = CARTESIAN_POINT('',(-1.75,4.4108297997,0.582223005881));
#2212 = CARTESIAN_POINT('',(-1.75,4.35798568956,0.51207480078));
#2213 = CARTESIAN_POINT('',(-1.75,4.33417553689,0.485615440948));
#2214 = CARTESIAN_POINT('',(-1.75,4.30855839799,0.461601897872));
#2215 = CARTESIAN_POINT('',(-1.75,4.28113594651,0.439901312068));
#2216 = ORIENTED_EDGE('',*,*,#2122,.F.);
#2217 = ORIENTED_EDGE('',*,*,#2189,.T.);
#2218 = ORIENTED_EDGE('',*,*,#925,.T.);
#2219 = ORIENTED_EDGE('',*,*,#2220,.F.);
#2220 = EDGE_CURVE('',#2018,#909,#2221,.T.);
#2221 = LINE('',#2222,#2223);
#2222 = CARTESIAN_POINT('',(-1.75,2.60362146702,6.70000000037));
#2223 = VECTOR('',#2224,1.);
#2224 = DIRECTION('',(0.,-1.,0.));
#2225 = ORIENTED_EDGE('',*,*,#2049,.F.);
#2226 = PLANE('',#2227);
#2227 = AXIS2_PLACEMENT_3D('',#2228,#2229,#2230);
#2228 = CARTESIAN_POINT('',(-1.75,6.,7.3));
#2229 = DIRECTION('',(-1.,0.,2.77555756156E-16));
#2230 = DIRECTION('',(2.77555756156E-16,0.,1.));
#2231 = ADVANCED_FACE('',(#2232),#2243,.T.);
#2232 = FACE_BOUND('',#2233,.T.);
#2233 = EDGE_LOOP('',(#2234,#2235,#2236,#2242));
#2234 = ORIENTED_EDGE('',*,*,#2220,.T.);
#2235 = ORIENTED_EDGE('',*,*,#908,.T.);
#2236 = ORIENTED_EDGE('',*,*,#2237,.T.);
#2237 = EDGE_CURVE('',#901,#2009,#2238,.T.);
#2238 = LINE('',#2239,#2240);
#2239 = CARTESIAN_POINT('',(-1.15,6.,7.3));
#2240 = VECTOR('',#2241,1.);
#2241 = DIRECTION('',(0.,1.,0.));
#2242 = ORIENTED_EDGE('',*,*,#2017,.T.);
#2243 = CYLINDRICAL_SURFACE('',#2244,0.6);
#2244 = AXIS2_PLACEMENT_3D('',#2245,#2246,#2247);
#2245 = CARTESIAN_POINT('',(-1.15,6.,6.7));
#2246 = DIRECTION('',(-0.,1.,0.));
#2247 = DIRECTION('',(-1.,0.,-1.22464679915E-16));
#2248 = ADVANCED_FACE('',(#2249),#2260,.T.);
#2249 = FACE_BOUND('',#2250,.T.);
#2250 = EDGE_LOOP('',(#2251,#2252,#2253,#2259));
#2251 = ORIENTED_EDGE('',*,*,#2237,.F.);
#2252 = ORIENTED_EDGE('',*,*,#900,.T.);
#2253 = ORIENTED_EDGE('',*,*,#2254,.F.);
#2254 = EDGE_CURVE('',#1980,#884,#2255,.T.);
#2255 = LINE('',#2256,#2257);
#2256 = CARTESIAN_POINT('',(-0.950000000373,2.69019315764,7.3));
#2257 = VECTOR('',#2258,1.);
#2258 = DIRECTION('',(0.,-1.,0.));
#2259 = ORIENTED_EDGE('',*,*,#2008,.F.);
#2260 = PLANE('',#2261);
#2261 = AXIS2_PLACEMENT_3D('',#2262,#2263,#2264);
#2262 = CARTESIAN_POINT('',(-0.3,6.,7.3));
#2263 = DIRECTION('',(-0.,0.,1.));
#2264 = DIRECTION('',(0.,-1.,0.));
#2265 = ADVANCED_FACE('',(#2266),#2277,.T.);
#2266 = FACE_BOUND('',#2267,.T.);
#2267 = EDGE_LOOP('',(#2268,#2269,#2270,#2276));
#2268 = ORIENTED_EDGE('',*,*,#2254,.T.);
#2269 = ORIENTED_EDGE('',*,*,#883,.T.);
#2270 = ORIENTED_EDGE('',*,*,#2271,.T.);
#2271 = EDGE_CURVE('',#874,#1971,#2272,.T.);
#2272 = LINE('',#2273,#2274);
#2273 = CARTESIAN_POINT('',(-0.35,6.,6.7));
#2274 = VECTOR('',#2275,1.);
#2275 = DIRECTION('',(0.,1.,0.));
#2276 = ORIENTED_EDGE('',*,*,#1979,.T.);
#2277 = CYLINDRICAL_SURFACE('',#2278,0.6);
#2278 = AXIS2_PLACEMENT_3D('',#2279,#2280,#2281);
#2279 = CARTESIAN_POINT('',(-0.95,6.,6.7));
#2280 = DIRECTION('',(-0.,1.,0.));
#2281 = DIRECTION('',(-1.,0.,-1.22464679915E-16));
#2282 = ADVANCED_FACE('',(#2283),#2312,.T.);
#2283 = FACE_BOUND('',#2284,.T.);
#2284 = EDGE_LOOP('',(#2285,#2294,#2303,#2310,#2311));
#2285 = ORIENTED_EDGE('',*,*,#2286,.T.);
#2286 = EDGE_CURVE('',#1080,#2287,#2289,.T.);
#2287 = VERTEX_POINT('',#2288);
#2288 = CARTESIAN_POINT('',(2.22044604925E-16,4.625,0.439901311518));
#2289 = CIRCLE('',#2290,1.5);
#2290 = AXIS2_PLACEMENT_3D('',#2291,#2292,#2293);
#2291 = CARTESIAN_POINT('',(-1.26058211258E-15,5.6,-0.7));
#2292 = DIRECTION('',(-1.,-2.44929359829E-16,0.));
#2293 = DIRECTION('',(2.44929359829E-16,-1.,0.));
#2294 = ORIENTED_EDGE('',*,*,#2295,.F.);
#2295 = EDGE_CURVE('',#2296,#2287,#2298,.T.);
#2296 = VERTEX_POINT('',#2297);
#2297 = CARTESIAN_POINT('',(-0.35,4.61173774189,0.439901311518));
#2298 = CIRCLE('',#2299,4.625);
#2299 = AXIS2_PLACEMENT_3D('',#2300,#2301,#2302);
#2300 = CARTESIAN_POINT('',(1.11022302463E-16,0.,0.439901311518));
#2301 = DIRECTION('',(0.,0.,-1.));
#2302 = DIRECTION('',(-1.,0.,-0.));
#2303 = ORIENTED_EDGE('',*,*,#2304,.T.);
#2304 = EDGE_CURVE('',#2296,#2138,#2305,.T.);
#2305 = B_SPLINE_CURVE_WITH_KNOTS('',3,(#2306,#2307,#2308,#2309),
  .UNSPECIFIED.,.F.,.F.,(4,4),(0.,1.26245947694),
  .PIECEWISE_BEZIER_KNOTS.);
#2306 = CARTESIAN_POINT('',(-0.35,4.61173774189,0.439901311518));
#2307 = CARTESIAN_POINT('',(-0.349991123773,4.38602508712,0.247393909793
    ));
#2308 = CARTESIAN_POINT('',(-0.349976955739,4.21896265334,
    -1.40021202658E-02));
#2309 = CARTESIAN_POINT('',(-0.35,4.13954681455,-0.3));
#2310 = ORIENTED_EDGE('',*,*,#2153,.T.);
#2311 = ORIENTED_EDGE('',*,*,#1126,.T.);
#2312 = TOROIDAL_SURFACE('',#2313,5.6,1.5);
#2313 = AXIS2_PLACEMENT_3D('',#2314,#2315,#2316);
#2314 = CARTESIAN_POINT('',(1.11022302463E-16,0.,-0.7));
#2315 = DIRECTION('',(0.,0.,-1.));
#2316 = DIRECTION('',(1.22464679915E-16,-1.,0.));
#2317 = ADVANCED_FACE('',(#2318),#2338,.T.);
#2318 = FACE_BOUND('',#2319,.T.);
#2319 = EDGE_LOOP('',(#2320,#2321,#2322,#2330,#2331));
#2320 = ORIENTED_EDGE('',*,*,#2286,.F.);
#2321 = ORIENTED_EDGE('',*,*,#1142,.T.);
#2322 = ORIENTED_EDGE('',*,*,#2323,.F.);
#2323 = EDGE_CURVE('',#1287,#1143,#2324,.T.);
#2324 = B_SPLINE_CURVE_WITH_KNOTS('',4,(#2325,#2326,#2327,#2328,#2329),
  .UNSPECIFIED.,.F.,.F.,(5,5),(0.,0.650212090644),
  .PIECEWISE_BEZIER_KNOTS.);
#2325 = CARTESIAN_POINT('',(0.35,4.13954681455,-0.3));
#2326 = CARTESIAN_POINT('',(0.350126877604,4.10886808721,-0.410446458082
    ));
#2327 = CARTESIAN_POINT('',(0.377490515056,4.08778761704,-0.52375826037)
  );
#2328 = CARTESIAN_POINT('',(0.433145313486,4.07765975366,-0.62217844435)
  );
#2329 = CARTESIAN_POINT('',(0.5027864045,4.06905466066,-0.7));
#2330 = ORIENTED_EDGE('',*,*,#1286,.T.);
#2331 = ORIENTED_EDGE('',*,*,#2332,.F.);
#2332 = EDGE_CURVE('',#2287,#1273,#2333,.T.);
#2333 = CIRCLE('',#2334,4.625);
#2334 = AXIS2_PLACEMENT_3D('',#2335,#2336,#2337);
#2335 = CARTESIAN_POINT('',(1.11022302463E-16,0.,0.439901311518));
#2336 = DIRECTION('',(0.,0.,-1.));
#2337 = DIRECTION('',(-1.,0.,-0.));
#2338 = TOROIDAL_SURFACE('',#2339,5.6,1.5);
#2339 = AXIS2_PLACEMENT_3D('',#2340,#2341,#2342);
#2340 = CARTESIAN_POINT('',(1.11022302463E-16,0.,-0.7));
#2341 = DIRECTION('',(0.,0.,-1.));
#2342 = DIRECTION('',(0.,1.,0.));
#2343 = ADVANCED_FACE('',(#2344),#2364,.T.);
#2344 = FACE_BOUND('',#2345,.T.);
#2345 = EDGE_LOOP('',(#2346,#2347,#2355,#2362,#2363));
#2346 = ORIENTED_EDGE('',*,*,#1151,.T.);
#2347 = ORIENTED_EDGE('',*,*,#2348,.F.);
#2348 = EDGE_CURVE('',#2349,#1152,#2351,.T.);
#2349 = VERTEX_POINT('',#2350);
#2350 = CARTESIAN_POINT('',(0.95,1.84999999963,-0.9));
#2351 = LINE('',#2352,#2353);
#2352 = CARTESIAN_POINT('',(0.95,6.,-0.9));
#2353 = VECTOR('',#2354,1.);
#2354 = DIRECTION('',(0.,1.,0.));
#2355 = ORIENTED_EDGE('',*,*,#2356,.T.);
#2356 = EDGE_CURVE('',#2349,#1301,#2357,.T.);
#2357 = CIRCLE('',#2358,0.6);
#2358 = AXIS2_PLACEMENT_3D('',#2359,#2360,#2361);
#2359 = CARTESIAN_POINT('',(0.95,1.84999999963,-0.3));
#2360 = DIRECTION('',(-0.,1.,0.));
#2361 = DIRECTION('',(0.,0.,1.));
#2362 = ORIENTED_EDGE('',*,*,#1300,.T.);
#2363 = ORIENTED_EDGE('',*,*,#2323,.T.);
#2364 = CYLINDRICAL_SURFACE('',#2365,0.6);
#2365 = AXIS2_PLACEMENT_3D('',#2366,#2367,#2368);
#2366 = CARTESIAN_POINT('',(0.95,6.,-0.3));
#2367 = DIRECTION('',(-0.,1.,0.));
#2368 = DIRECTION('',(1.,0.,0.));
#2369 = ADVANCED_FACE('',(#2370),#2406,.T.);
#2370 = FACE_BOUND('',#2371,.T.);
#2371 = EDGE_LOOP('',(#2372,#2382,#2390,#2399,#2405));
#2372 = ORIENTED_EDGE('',*,*,#2373,.T.);
#2373 = EDGE_CURVE('',#1171,#2374,#2376,.T.);
#2374 = VERTEX_POINT('',#2375);
#2375 = CARTESIAN_POINT('',(1.8,3.74410841587,-0.3));
#2376 = B_SPLINE_CURVE_WITH_KNOTS('',4,(#2377,#2378,#2379,#2380,#2381),
  .UNSPECIFIED.,.F.,.F.,(5,5),(0.,0.631991021982),
  .PIECEWISE_BEZIER_KNOTS.);
#2377 = CARTESIAN_POINT('',(1.6472135955,3.75455554947,-0.7));
#2378 = CARTESIAN_POINT('',(1.71851952111,3.72339875257,-0.620277551573)
  );
#2379 = CARTESIAN_POINT('',(1.77327805026,3.70209475862,-0.522745201989)
  );
#2380 = CARTESIAN_POINT('',(1.8,3.7115125587,-0.406463710391));
#2381 = CARTESIAN_POINT('',(1.8,3.74410841614,-0.3));
#2382 = ORIENTED_EDGE('',*,*,#2383,.F.);
#2383 = EDGE_CURVE('',#2384,#2374,#2386,.T.);
#2384 = VERTEX_POINT('',#2385);
#2385 = CARTESIAN_POINT('',(1.8,1.84999999963,-0.3));
#2386 = LINE('',#2387,#2388);
#2387 = CARTESIAN_POINT('',(1.8,6.,-0.3));
#2388 = VECTOR('',#2389,1.);
#2389 = DIRECTION('',(0.,1.,0.));
#2390 = ORIENTED_EDGE('',*,*,#2391,.T.);
#2391 = EDGE_CURVE('',#2384,#2392,#2394,.T.);
#2392 = VERTEX_POINT('',#2393);
#2393 = CARTESIAN_POINT('',(1.19999999963,1.85,-0.9));
#2394 = CIRCLE('',#2395,0.6);
#2395 = AXIS2_PLACEMENT_3D('',#2396,#2397,#2398);
#2396 = CARTESIAN_POINT('',(1.2,1.84999999963,-0.3));
#2397 = DIRECTION('',(-0.,1.,0.));
#2398 = DIRECTION('',(0.,0.,1.));
#2399 = ORIENTED_EDGE('',*,*,#2400,.T.);
#2400 = EDGE_CURVE('',#2392,#1162,#2401,.T.);
#2401 = LINE('',#2402,#2403);
#2402 = CARTESIAN_POINT('',(1.2,6.,-0.9));
#2403 = VECTOR('',#2404,1.);
#2404 = DIRECTION('',(0.,1.,0.));
#2405 = ORIENTED_EDGE('',*,*,#1170,.T.);
#2406 = CYLINDRICAL_SURFACE('',#2407,0.6);
#2407 = AXIS2_PLACEMENT_3D('',#2408,#2409,#2410);
#2408 = CARTESIAN_POINT('',(1.2,6.,-0.3));
#2409 = DIRECTION('',(-0.,1.,0.));
#2410 = DIRECTION('',(1.,0.,0.));
#2411 = ADVANCED_FACE('',(#2412),#2443,.T.);
#2412 = FACE_BOUND('',#2413,.T.);
#2413 = EDGE_LOOP('',(#2414,#2415,#2416,#2426,#2435));
#2414 = ORIENTED_EDGE('',*,*,#2373,.F.);
#2415 = ORIENTED_EDGE('',*,*,#1179,.T.);
#2416 = ORIENTED_EDGE('',*,*,#2417,.T.);
#2417 = EDGE_CURVE('',#1180,#2418,#2420,.T.);
#2418 = VERTEX_POINT('',#2419);
#2419 = CARTESIAN_POINT('',(4.23888251783,1.85,0.439901311518));
#2420 = B_SPLINE_CURVE_WITH_KNOTS('',4,(#2421,#2422,#2423,#2424,#2425),
  .UNSPECIFIED.,.F.,.F.,(5,5),(0.,1.88874261367),
  .PIECEWISE_BEZIER_KNOTS.);
#2421 = CARTESIAN_POINT('',(3.6588932753,1.85,-0.7));
#2422 = CARTESIAN_POINT('',(3.65888811596,1.85001020404,-0.367197198587)
  );
#2423 = CARTESIAN_POINT('',(3.76960171959,1.85000338806,
    -3.98326926417E-02));
#2424 = CARTESIAN_POINT('',(3.97956695582,1.84989389682,0.236579892113)
  );
#2425 = CARTESIAN_POINT('',(4.23888251783,1.85,0.439901311518));
#2426 = ORIENTED_EDGE('',*,*,#2427,.F.);
#2427 = EDGE_CURVE('',#2428,#2418,#2430,.T.);
#2428 = VERTEX_POINT('',#2429);
#2429 = CARTESIAN_POINT('',(1.8,4.26035503215,0.439901311518));
#2430 = CIRCLE('',#2431,4.625);
#2431 = AXIS2_PLACEMENT_3D('',#2432,#2433,#2434);
#2432 = CARTESIAN_POINT('',(1.11022302463E-16,0.,0.439901311518));
#2433 = DIRECTION('',(0.,0.,-1.));
#2434 = DIRECTION('',(-1.,0.,-0.));
#2435 = ORIENTED_EDGE('',*,*,#2436,.T.);
#2436 = EDGE_CURVE('',#2428,#2374,#2437,.T.);
#2437 = B_SPLINE_CURVE_WITH_KNOTS('',4,(#2438,#2439,#2440,#2441,#2442),
  .UNSPECIFIED.,.F.,.F.,(5,5),(0.,1.30313071724),
  .PIECEWISE_BEZIER_KNOTS.);
#2438 = CARTESIAN_POINT('',(1.8,4.26035503215,0.439901311518));
#2439 = CARTESIAN_POINT('',(1.79999272934,4.0816568393,0.299102482322));
#2440 = CARTESIAN_POINT('',(1.80000250354,3.92645106511,0.122764876486)
  );
#2441 = CARTESIAN_POINT('',(1.79996045522,3.81142985021,
    -8.0773697824E-02));
#2442 = CARTESIAN_POINT('',(1.8,3.74410841587,-0.3));
#2443 = TOROIDAL_SURFACE('',#2444,5.6,1.5);
#2444 = AXIS2_PLACEMENT_3D('',#2445,#2446,#2447);
#2445 = CARTESIAN_POINT('',(1.11022302463E-16,0.,-0.7));
#2446 = DIRECTION('',(0.,0.,-1.));
#2447 = DIRECTION('',(0.,1.,0.));
#2448 = ADVANCED_FACE('',(#2449),#2474,.F.);
#2449 = FACE_BOUND('',#2450,.F.);
#2450 = EDGE_LOOP('',(#2451,#2459,#2466,#2467));
#2451 = ORIENTED_EDGE('',*,*,#2452,.F.);
#2452 = EDGE_CURVE('',#1954,#2453,#2455,.T.);
#2453 = VERTEX_POINT('',#2454);
#2454 = CARTESIAN_POINT('',(-2.44249065418E-15,4.8,0.819868415138));
#2455 = LINE('',#2456,#2457);
#2456 = CARTESIAN_POINT('',(-2.44249065418E-15,4.8,81.5030760523));
#2457 = VECTOR('',#2458,1.);
#2458 = DIRECTION('',(0.,0.,-1.));
#2459 = ORIENTED_EDGE('',*,*,#2460,.T.);
#2460 = EDGE_CURVE('',#1954,#1254,#2461,.T.);
#2461 = CIRCLE('',#2462,4.8);
#2462 = AXIS2_PLACEMENT_3D('',#2463,#2464,#2465);
#2463 = CARTESIAN_POINT('',(-2.44249065418E-15,0.,2.01986841626));
#2464 = DIRECTION('',(0.,0.,-1.));
#2465 = DIRECTION('',(-1.,0.,-0.));
#2466 = ORIENTED_EDGE('',*,*,#1264,.F.);
#2467 = ORIENTED_EDGE('',*,*,#2468,.F.);
#2468 = EDGE_CURVE('',#2453,#1265,#2469,.T.);
#2469 = CIRCLE('',#2470,4.8);
#2470 = AXIS2_PLACEMENT_3D('',#2471,#2472,#2473);
#2471 = CARTESIAN_POINT('',(-2.44249065418E-15,0.,0.819868415138));
#2472 = DIRECTION('',(0.,0.,-1.));
#2473 = DIRECTION('',(-1.,0.,-0.));
#2474 = CYLINDRICAL_SURFACE('',#2475,4.8);
#2475 = AXIS2_PLACEMENT_3D('',#2476,#2477,#2478);
#2476 = CARTESIAN_POINT('',(-2.44249065418E-15,0.,81.5030760518));
#2477 = DIRECTION('',(0.,0.,-1.));
#2478 = DIRECTION('',(0.,1.,0.));
#2479 = ADVANCED_FACE('',(#2480),#2588,.F.);
#2480 = FACE_BOUND('',#2481,.F.);
#2481 = EDGE_LOOP('',(#2482,#2483,#2492,#2502,#2511,#2521,#2553,#2562,
    #2586,#2587));
#2482 = ORIENTED_EDGE('',*,*,#1953,.F.);
#2483 = ORIENTED_EDGE('',*,*,#2484,.T.);
#2484 = EDGE_CURVE('',#1928,#2485,#2487,.T.);
#2485 = VERTEX_POINT('',#2486);
#2486 = CARTESIAN_POINT('',(3.02148645774,1.85000000074,7.82203777126));
#2487 = CIRCLE('',#2488,3.5428633077);
#2488 = AXIS2_PLACEMENT_3D('',#2489,#2490,#2491);
#2489 = CARTESIAN_POINT('',(1.11022302463E-16,0.,7.82203777126));
#2490 = DIRECTION('',(0.,-1.87989299022E-16,-1.));
#2491 = DIRECTION('',(0.,-1.,1.87989299022E-16));
#2492 = ORIENTED_EDGE('',*,*,#2493,.F.);
#2493 = EDGE_CURVE('',#2494,#2485,#2496,.T.);
#2494 = VERTEX_POINT('',#2495);
#2495 = CARTESIAN_POINT('',(4.4291647068,1.85,2.01986841626));
#2496 = B_SPLINE_CURVE_WITH_KNOTS('',4,(#2497,#2498,#2499,#2500,#2501),
  .UNSPECIFIED.,.F.,.F.,(5,5),(0.,17.6052175942),
  .PIECEWISE_BEZIER_KNOTS.);
#2497 = CARTESIAN_POINT('',(4.4291647068,1.85,2.01986841536));
#2498 = CARTESIAN_POINT('',(3.99465273274,1.85000414034,3.87036595654));
#2499 = CARTESIAN_POINT('',(3.61902729508,1.84977627341,5.43425193166));
#2500 = CARTESIAN_POINT('',(3.29984682176,1.84997643784,6.72642006997));
#2501 = CARTESIAN_POINT('',(3.02148645774,1.85000000074,7.82203777126));
#2502 = ORIENTED_EDGE('',*,*,#2503,.F.);
#2503 = EDGE_CURVE('',#2504,#2494,#2506,.T.);
#2504 = VERTEX_POINT('',#2505);
#2505 = CARTESIAN_POINT('',(1.8,4.44971909226,2.01986841626));
#2506 = CIRCLE('',#2507,4.8);
#2507 = AXIS2_PLACEMENT_3D('',#2508,#2509,#2510);
#2508 = CARTESIAN_POINT('',(1.11022302463E-16,0.,2.01986841536));
#2509 = DIRECTION('',(0.,-1.87989299022E-16,-1.));
#2510 = DIRECTION('',(0.,-1.,1.87989299022E-16));
#2511 = ORIENTED_EDGE('',*,*,#2512,.F.);
#2512 = EDGE_CURVE('',#2513,#2504,#2515,.T.);
#2513 = VERTEX_POINT('',#2514);
#2514 = CARTESIAN_POINT('',(1.80000000056,3.30111884251,6.82000000025));
#2515 = B_SPLINE_CURVE_WITH_KNOTS('',4,(#2516,#2517,#2518,#2519,#2520),
  .UNSPECIFIED.,.F.,.F.,(5,5),(0.,13.4590209066),
  .PIECEWISE_BEZIER_KNOTS.);
#2516 = CARTESIAN_POINT('',(1.80000000056,3.30111884251,6.82000000025));
#2517 = CARTESIAN_POINT('',(1.80000000042,3.54101836057,5.84789342334));
#2518 = CARTESIAN_POINT('',(1.79982908779,3.80915341943,4.74027800705));
#2519 = CARTESIAN_POINT('',(1.80000000013,4.11241189116,3.46306292903));
#2520 = CARTESIAN_POINT('',(1.8,4.44971909226,2.01986841536));
#2521 = ORIENTED_EDGE('',*,*,#2522,.T.);
#2522 = EDGE_CURVE('',#2513,#2523,#2525,.T.);
#2523 = VERTEX_POINT('',#2524);
#2524 = CARTESIAN_POINT('',(1.32000000046,3.40935881711,7.30000000028));
#2525 = B_SPLINE_CURVE_WITH_KNOTS('',5,(#2526,#2527,#2528,#2529,#2530,
    #2531,#2532,#2533,#2534,#2535,#2536,#2537,#2538,#2539,#2540,#2541,
    #2542,#2543,#2544,#2545,#2546,#2547,#2548,#2549,#2550,#2551,#2552),
  .UNSPECIFIED.,.F.,.F.,(6,3,3,3,3,3,3,3,6),(0.,8.1784296589E-02,
    0.163107703472,0.291015057035,0.480644159803,1.40278756623,
    2.2845475817,5.30867564212,13.3589671763),.UNSPECIFIED.);
#2526 = CARTESIAN_POINT('',(1.80000000056,3.30111884251,6.82000000025));
#2527 = CARTESIAN_POINT('',(1.7999966671,3.29994847257,6.8247498691));
#2528 = CARTESIAN_POINT('',(1.7999335069,3.29869411049,6.82997179701));
#2529 = CARTESIAN_POINT('',(1.8001211417,3.29764669657,6.83380017044));
#2530 = CARTESIAN_POINT('',(1.79893315115,3.29390550822,6.85158298069));
#2531 = CARTESIAN_POINT('',(1.79774338241,3.29016507777,6.86936579094));
#2532 = CARTESIAN_POINT('',(1.79476758608,3.2864576635,6.89096680438));
#2533 = CARTESIAN_POINT('',(1.79180705835,3.28359977397,6.9090919018));
#2534 = CARTESIAN_POINT('',(1.78931383273,3.28205565831,6.92085861655));
#2535 = CARTESIAN_POINT('',(1.78783883345,3.28121654037,6.92751707386));
#2536 = CARTESIAN_POINT('',(1.78438030912,3.27955029929,6.94190554162));
#2537 = CARTESIAN_POINT('',(1.78119309691,3.27848147283,6.95326566765));
#2538 = CARTESIAN_POINT('',(1.77934048816,3.27795341052,6.95948799837));
#2539 = CARTESIAN_POINT('',(1.76876973116,3.27542434226,6.99301158784));
#2540 = CARTESIAN_POINT('',(1.75941837041,3.27537167923,7.01370307636));
#2541 = CARTESIAN_POINT('',(1.75334862562,3.27527401487,7.02733898394));
#2542 = CARTESIAN_POINT('',(1.73871809182,3.27610041199,7.05576142958));
#2543 = CARTESIAN_POINT('',(1.7246392209,3.27792609078,7.07864119022));
#2544 = CARTESIAN_POINT('',(1.71784598152,3.27897601399,7.08892525328));
#2545 = CARTESIAN_POINT('',(1.68809166209,3.28420517829,7.13110113451));
#2546 = CARTESIAN_POINT('',(1.65953043723,3.29147478869,7.1610884007));
#2547 = CARTESIAN_POINT('',(1.63865843735,3.29719711758,7.18059194814));
#2548 = CARTESIAN_POINT('',(1.55958435171,3.32072914468,7.24405692463));
#2549 = CARTESIAN_POINT('',(1.48298761599,3.34802075312,7.27655343025));
#2550 = CARTESIAN_POINT('',(1.42990427151,3.36738082431,7.29207094346));
#2551 = CARTESIAN_POINT('',(1.37485457656,3.38811842804,7.30001018461));
#2552 = CARTESIAN_POINT('',(1.32000000046,3.40935881711,7.30000000028));
#2553 = ORIENTED_EDGE('',*,*,#2554,.F.);
#2554 = EDGE_CURVE('',#2555,#2523,#2557,.T.);
#2555 = VERTEX_POINT('',#2556);
#2556 = CARTESIAN_POINT('',(0.950000000335,3.5303863166,7.30000000028));
#2557 = CIRCLE('',#2558,3.65597149128);
#2558 = AXIS2_PLACEMENT_3D('',#2559,#2560,#2561);
#2559 = CARTESIAN_POINT('',(1.11022302463E-16,0.,7.30000000028));
#2560 = DIRECTION('',(0.,-1.87989299022E-16,-1.));
#2561 = DIRECTION('',(0.,-1.,1.87989299022E-16));
#2562 = ORIENTED_EDGE('',*,*,#2563,.T.);
#2563 = EDGE_CURVE('',#2555,#1246,#2564,.T.);
#2564 = B_SPLINE_CURVE_WITH_KNOTS('',5,(#2565,#2566,#2567,#2568,#2569,
    #2570,#2571,#2572,#2573,#2574,#2575,#2576,#2577,#2578,#2579,#2580,
    #2581,#2582,#2583,#2584,#2585),.UNSPECIFIED.,.F.,.F.,(6,3,3,3,3,3,6)
  ,(0.,10.0444996567,13.8021607185,16.3614220058,17.1183618365,
    17.2991443805,17.3601040825),.UNSPECIFIED.);
#2565 = CARTESIAN_POINT('',(0.950000000335,3.5303863166,7.30000000028));
#2566 = CARTESIAN_POINT('',(0.879129331614,3.54947051857,7.29994007277)
  );
#2567 = CARTESIAN_POINT('',(0.808369258787,3.56896910057,7.28940005951)
  );
#2568 = CARTESIAN_POINT('',(0.740343105195,3.58820419265,7.26903951033)
  );
#2569 = CARTESIAN_POINT('',(0.642874212964,3.61636245742,7.22568354705)
  );
#2570 = CARTESIAN_POINT('',(0.545189171164,3.64923236487,7.14489664702)
  );
#2571 = CARTESIAN_POINT('',(0.518581499389,3.65869466273,7.11937128644)
  );
#2572 = CARTESIAN_POINT('',(0.473829530714,3.67554382404,7.0701533148));
#2573 = CARTESIAN_POINT('',(0.429192981721,3.69602414082,7.00084755086)
  );
#2574 = CARTESIAN_POINT('',(0.415392221813,3.70344499261,6.97404453118)
  );
#2575 = CARTESIAN_POINT('',(0.391938435767,3.71555818723,6.93011236892)
  );
#2576 = CARTESIAN_POINT('',(0.369243735881,3.73476025264,6.85234874988)
  );
#2577 = CARTESIAN_POINT('',(0.365838048642,3.73839082385,6.83721261767)
  );
#2578 = CARTESIAN_POINT('',(0.359409225913,3.7443682919,6.81260624143));
#2579 = CARTESIAN_POINT('',(0.35372782354,3.75468844592,6.76765180665));
#2580 = CARTESIAN_POINT('',(0.352678706134,3.75698483237,6.75755308336)
  );
#2581 = CARTESIAN_POINT('',(0.351292600523,3.76025567423,6.74311847941)
  );
#2582 = CARTESIAN_POINT('',(0.350344939543,3.76506886162,6.72140495731)
  );
#2583 = CARTESIAN_POINT('',(0.35000271906,3.76633206805,6.71574597948));
#2584 = CARTESIAN_POINT('',(0.350001449604,3.76804534511,6.70787298986)
  );
#2585 = CARTESIAN_POINT('',(0.350000000105,3.76975863042,6.70000000025)
  );
#2586 = ORIENTED_EDGE('',*,*,#1253,.F.);
#2587 = ORIENTED_EDGE('',*,*,#2460,.F.);
#2588 = CONICAL_SURFACE('',#2589,4.8,0.213368641908);
#2589 = AXIS2_PLACEMENT_3D('',#2590,#2591,#2592);
#2590 = CARTESIAN_POINT('',(1.11022302463E-16,0.,2.01986841536));
#2591 = DIRECTION('',(0.,0.,-1.));
#2592 = DIRECTION('',(1.2325950086E-32,1.,0.));
#2593 = ADVANCED_FACE('',(#2594),#2613,.T.);
#2594 = FACE_BOUND('',#2595,.T.);
#2595 = EDGE_LOOP('',(#2596,#2597,#2606,#2612));
#2596 = ORIENTED_EDGE('',*,*,#1245,.T.);
#2597 = ORIENTED_EDGE('',*,*,#2598,.T.);
#2598 = EDGE_CURVE('',#1238,#2599,#2601,.T.);
#2599 = VERTEX_POINT('',#2600);
#2600 = CARTESIAN_POINT('',(0.949999999627,1.85,7.29999999925));
#2601 = CIRCLE('',#2602,0.6);
#2602 = AXIS2_PLACEMENT_3D('',#2603,#2604,#2605);
#2603 = CARTESIAN_POINT('',(0.95,1.85,6.7));
#2604 = DIRECTION('',(-0.,1.,0.));
#2605 = DIRECTION('',(0.,0.,1.));
#2606 = ORIENTED_EDGE('',*,*,#2607,.T.);
#2607 = EDGE_CURVE('',#2599,#2555,#2608,.T.);
#2608 = LINE('',#2609,#2610);
#2609 = CARTESIAN_POINT('',(0.95,0.349999999627,7.3));
#2610 = VECTOR('',#2611,1.);
#2611 = DIRECTION('',(0.,1.,0.));
#2612 = ORIENTED_EDGE('',*,*,#2563,.T.);
#2613 = CYLINDRICAL_SURFACE('',#2614,0.6);
#2614 = AXIS2_PLACEMENT_3D('',#2615,#2616,#2617);
#2615 = CARTESIAN_POINT('',(0.95,0.35,6.7));
#2616 = DIRECTION('',(-0.,1.,0.));
#2617 = DIRECTION('',(-1.,0.,-1.22464679915E-16));
#2618 = ADVANCED_FACE('',(#2619),#2658,.F.);
#2619 = FACE_BOUND('',#2620,.F.);
#2620 = EDGE_LOOP('',(#2621,#2622,#2629,#2630,#2641,#2651));
#2621 = ORIENTED_EDGE('',*,*,#1883,.F.);
#2622 = ORIENTED_EDGE('',*,*,#2623,.T.);
#2623 = EDGE_CURVE('',#1884,#1213,#2624,.T.);
#2624 = CIRCLE('',#2625,1.39065642482);
#2625 = AXIS2_PLACEMENT_3D('',#2626,#2627,#2628);
#2626 = CARTESIAN_POINT('',(2.22044604925E-16,0.,11.0198684168));
#2627 = DIRECTION('',(0.,-6.62844197847E-17,-1.));
#2628 = DIRECTION('',(0.,-1.,6.62844197847E-17));
#2629 = ORIENTED_EDGE('',*,*,#1226,.F.);
#2630 = ORIENTED_EDGE('',*,*,#2631,.F.);
#2631 = EDGE_CURVE('',#2632,#1227,#2634,.T.);
#2632 = VERTEX_POINT('',#2633);
#2633 = CARTESIAN_POINT('',(1.71606117881,1.85000000071,9.40888250444));
#2634 = B_SPLINE_CURVE_WITH_KNOTS('',5,(#2635,#2636,#2637,#2638,#2639,
    #2640),.UNSPECIFIED.,.F.,.F.,(6,6),(0.,56.0771287436),
  .PIECEWISE_BEZIER_KNOTS.);
#2635 = CARTESIAN_POINT('',(1.71606117881,1.85000000071,9.40888250444));
#2636 = CARTESIAN_POINT('',(1.3308120525,1.85000000098,9.78150447071));
#2637 = CARTESIAN_POINT('',(1.03517928806,1.84143362314,10.0202504399));
#2638 = CARTESIAN_POINT('',(0.791868707866,1.84829987918,10.1631316614)
  );
#2639 = CARTESIAN_POINT('',(0.564865068979,1.85000000151,10.2630895104)
  );
#2640 = CARTESIAN_POINT('',(0.350000000299,1.85000000158,10.3198962247)
  );
#2641 = ORIENTED_EDGE('',*,*,#2642,.F.);
#2642 = EDGE_CURVE('',#2643,#2632,#2645,.T.);
#2643 = VERTEX_POINT('',#2644);
#2644 = CARTESIAN_POINT('',(2.83303170767,1.85000000006,8.18545544235));
#2645 = B_SPLINE_CURVE_WITH_KNOTS('',4,(#2646,#2647,#2648,#2649,#2650),
  .UNSPECIFIED.,.F.,.F.,(5,5),(0.,24.5328410893),
  .PIECEWISE_BEZIER_KNOTS.);
#2646 = CARTESIAN_POINT('',(2.83303170767,1.85000000006,8.18545544235));
#2647 = CARTESIAN_POINT('',(2.45677065529,1.85000000024,8.63351839342));
#2648 = CARTESIAN_POINT('',(2.16908570893,1.84894506892,8.95349211589));
#2649 = CARTESIAN_POINT('',(1.92673654253,1.85000000057,9.20511236478));
#2650 = CARTESIAN_POINT('',(1.71606117881,1.85000000071,9.40888250444));
#2651 = ORIENTED_EDGE('',*,*,#2652,.F.);
#2652 = EDGE_CURVE('',#1886,#2643,#2653,.T.);
#2653 = CIRCLE('',#2654,3.38357335621);
#2654 = AXIS2_PLACEMENT_3D('',#2655,#2656,#2657);
#2655 = CARTESIAN_POINT('',(2.22044604925E-16,0.,8.18545544235));
#2656 = DIRECTION('',(0.,-6.62844197847E-17,-1.));
#2657 = DIRECTION('',(0.,-1.,6.62844197847E-17));
#2658 = CONICAL_SURFACE('',#2659,3.5,0.612813192365);
#2659 = AXIS2_PLACEMENT_3D('',#2660,#2661,#2662);
#2660 = CARTESIAN_POINT('',(2.22044604925E-16,0.,8.01986841536));
#2661 = DIRECTION('',(0.,0.,-1.));
#2662 = DIRECTION('',(3.08148701227E-33,1.,0.));
#2663 = ADVANCED_FACE('',(#2664),#2706,.F.);
#2664 = FACE_BOUND('',#2665,.F.);
#2665 = EDGE_LOOP('',(#2666,#2682,#2689,#2690,#2699));
#2666 = ORIENTED_EDGE('',*,*,#2667,.F.);
#2667 = EDGE_CURVE('',#2668,#2670,#2672,.T.);
#2668 = VERTEX_POINT('',#2669);
#2669 = CARTESIAN_POINT('',(3.36542250793,-0.350000000012,8.18545544235)
  );
#2670 = VERTEX_POINT('',#2671);
#2671 = CARTESIAN_POINT('',(1.3458920059,-0.350000000529,11.0198684168)
  );
#2672 = B_SPLINE_CURVE_WITH_KNOTS('',5,(#2673,#2674,#2675,#2676,#2677,
    #2678,#2679,#2680,#2681),.UNSPECIFIED.,.F.,.F.,(6,3,6),(0.,
    6.45482921621,16.0231269828),.UNSPECIFIED.);
#2673 = CARTESIAN_POINT('',(3.36542250793,-0.350000000012,8.18545544235)
  );
#2674 = CARTESIAN_POINT('',(3.03578876304,-0.350000137761,8.6517599079)
  );
#2675 = CARTESIAN_POINT('',(2.75434459151,-0.349944017496,9.04929212264)
  );
#2676 = CARTESIAN_POINT('',(2.52073116698,-0.34990723668,9.37861212993)
  );
#2677 = CARTESIAN_POINT('',(2.03469240122,-0.349872074688,10.0624196607)
  );
#2678 = CARTESIAN_POINT('',(1.72434979068,-0.349936775979,10.4959496845)
  );
#2679 = CARTESIAN_POINT('',(1.57446476626,-0.350037156016,10.7043435142)
  );
#2680 = CARTESIAN_POINT('',(1.45070623394,-0.349996634561,10.8755967961)
  );
#2681 = CARTESIAN_POINT('',(1.3458920059,-0.350000000529,11.0198684168)
  );
#2682 = ORIENTED_EDGE('',*,*,#2683,.F.);
#2683 = EDGE_CURVE('',#1397,#2668,#2684,.T.);
#2684 = CIRCLE('',#2685,3.38357335622);
#2685 = AXIS2_PLACEMENT_3D('',#2686,#2687,#2688);
#2686 = CARTESIAN_POINT('',(2.22044604925E-16,0.,8.18545544235));
#2687 = DIRECTION('',(0.,-6.62844197847E-17,-1.));
#2688 = DIRECTION('',(0.,-1.,6.62844197847E-17));
#2689 = ORIENTED_EDGE('',*,*,#1410,.F.);
#2690 = ORIENTED_EDGE('',*,*,#2691,.T.);
#2691 = EDGE_CURVE('',#1323,#2692,#2694,.T.);
#2692 = VERTEX_POINT('',#2693);
#2693 = CARTESIAN_POINT('',(1.39065642482,7.02728659842E-16,
    11.0198684168));
#2694 = CIRCLE('',#2695,1.39065642482);
#2695 = AXIS2_PLACEMENT_3D('',#2696,#2697,#2698);
#2696 = CARTESIAN_POINT('',(2.22044604925E-16,0.,11.0198684168));
#2697 = DIRECTION('',(0.,-6.62844197847E-17,-1.));
#2698 = DIRECTION('',(0.,-1.,6.62844197847E-17));
#2699 = ORIENTED_EDGE('',*,*,#2700,.T.);
#2700 = EDGE_CURVE('',#2692,#2670,#2701,.T.);
#2701 = CIRCLE('',#2702,1.39065642482);
#2702 = AXIS2_PLACEMENT_3D('',#2703,#2704,#2705);
#2703 = CARTESIAN_POINT('',(2.22044604925E-16,0.,11.0198684168));
#2704 = DIRECTION('',(0.,-6.62844197847E-17,-1.));
#2705 = DIRECTION('',(0.,-1.,6.62844197847E-17));
#2706 = CONICAL_SURFACE('',#2707,3.5,0.612813192365);
#2707 = AXIS2_PLACEMENT_3D('',#2708,#2709,#2710);
#2708 = CARTESIAN_POINT('',(2.22044604925E-16,0.,8.01986841536));
#2709 = DIRECTION('',(0.,0.,-1.));
#2710 = DIRECTION('',(3.08148701227E-33,1.,0.));
#2711 = ADVANCED_FACE('',(#2712),#2732,.F.);
#2712 = FACE_BOUND('',#2713,.F.);
#2713 = EDGE_LOOP('',(#2714,#2715,#2716,#2725));
#2714 = ORIENTED_EDGE('',*,*,#1396,.F.);
#2715 = ORIENTED_EDGE('',*,*,#2683,.T.);
#2716 = ORIENTED_EDGE('',*,*,#2717,.F.);
#2717 = EDGE_CURVE('',#2718,#2668,#2720,.T.);
#2718 = VERTEX_POINT('',#2719);
#2719 = CARTESIAN_POINT('',(3.52553264302,-0.35000000014,7.82203777126)
  );
#2720 = B_SPLINE_CURVE_WITH_KNOTS('',3,(#2721,#2722,#2723,#2724),
  .UNSPECIFIED.,.F.,.F.,(4,4),(0.,0.566405222707),
  .PIECEWISE_BEZIER_KNOTS.);
#2721 = CARTESIAN_POINT('',(3.52553264161,-0.35,7.82203777095));
#2722 = CARTESIAN_POINT('',(3.49723924645,-0.350000176059,7.95198380778)
  );
#2723 = CARTESIAN_POINT('',(3.44224817969,-0.350004255621,8.07677615109)
  );
#2724 = CARTESIAN_POINT('',(3.36542250781,-0.35,8.18545544227));
#2725 = ORIENTED_EDGE('',*,*,#2726,.T.);
#2726 = EDGE_CURVE('',#2718,#1386,#2727,.T.);
#2727 = CIRCLE('',#2728,3.54286330629);
#2728 = AXIS2_PLACEMENT_3D('',#2729,#2730,#2731);
#2729 = CARTESIAN_POINT('',(2.22044604925E-16,0.,7.82203777095));
#2730 = DIRECTION('',(-0.,0.,1.));
#2731 = DIRECTION('',(1.,0.,0.));
#2732 = TOROIDAL_SURFACE('',#2733,2.56554016626,1.);
#2733 = AXIS2_PLACEMENT_3D('',#2734,#2735,#2736);
#2734 = CARTESIAN_POINT('',(2.22044604925E-16,0.,7.61028442394));
#2735 = DIRECTION('',(0.,0.,1.));
#2736 = DIRECTION('',(0.,-1.,0.));
#2737 = ADVANCED_FACE('',(#2738),#2759,.F.);
#2738 = FACE_BOUND('',#2739,.F.);
#2739 = EDGE_LOOP('',(#2740,#2741,#2742,#2752));
#2740 = ORIENTED_EDGE('',*,*,#1385,.F.);
#2741 = ORIENTED_EDGE('',*,*,#2726,.F.);
#2742 = ORIENTED_EDGE('',*,*,#2743,.F.);
#2743 = EDGE_CURVE('',#2744,#2718,#2746,.T.);
#2744 = VERTEX_POINT('',#2745);
#2745 = CARTESIAN_POINT('',(4.78722257682,-0.35,2.01986841536));
#2746 = B_SPLINE_CURVE_WITH_KNOTS('',4,(#2747,#2748,#2749,#2750,#2751),
  .UNSPECIFIED.,.F.,.F.,(5,5),(0.,8.78903079487),
  .PIECEWISE_BEZIER_KNOTS.);
#2747 = CARTESIAN_POINT('',(4.78722257682,-0.35,2.01986841536));
#2748 = CARTESIAN_POINT('',(4.46562077344,-0.350000008311,3.50023323532)
  );
#2749 = CARTESIAN_POINT('',(4.14602918979,-0.350013639871,4.97063428317)
  );
#2750 = CARTESIAN_POINT('',(3.83037415972,-0.34999990109,6.42195941479)
  );
#2751 = CARTESIAN_POINT('',(3.52553264302,-0.35000000014,7.82203777126)
  );
#2752 = ORIENTED_EDGE('',*,*,#2753,.F.);
#2753 = EDGE_CURVE('',#1378,#2744,#2754,.T.);
#2754 = CIRCLE('',#2755,4.8);
#2755 = AXIS2_PLACEMENT_3D('',#2756,#2757,#2758);
#2756 = CARTESIAN_POINT('',(1.11022302463E-16,0.,2.01986841536));
#2757 = DIRECTION('',(0.,-1.87989299022E-16,-1.));
#2758 = DIRECTION('',(0.,-1.,1.87989299022E-16));
#2759 = CONICAL_SURFACE('',#2760,4.8,0.213368641908);
#2760 = AXIS2_PLACEMENT_3D('',#2761,#2762,#2763);
#2761 = CARTESIAN_POINT('',(1.11022302463E-16,0.,2.01986841536));
#2762 = DIRECTION('',(0.,0.,-1.));
#2763 = DIRECTION('',(1.2325950086E-32,1.,0.));
#2764 = ADVANCED_FACE('',(#2765),#2784,.F.);
#2765 = FACE_BOUND('',#2766,.F.);
#2766 = EDGE_LOOP('',(#2767,#2768,#2769,#2777));
#2767 = ORIENTED_EDGE('',*,*,#1377,.F.);
#2768 = ORIENTED_EDGE('',*,*,#2753,.T.);
#2769 = ORIENTED_EDGE('',*,*,#2770,.T.);
#2770 = EDGE_CURVE('',#2744,#2771,#2773,.T.);
#2771 = VERTEX_POINT('',#2772);
#2772 = CARTESIAN_POINT('',(4.78722257682,-0.35,0.819868415138));
#2773 = LINE('',#2774,#2775);
#2774 = CARTESIAN_POINT('',(4.78722257682,-0.35,81.5030760523));
#2775 = VECTOR('',#2776,1.);
#2776 = DIRECTION('',(0.,0.,-1.));
#2777 = ORIENTED_EDGE('',*,*,#2778,.F.);
#2778 = EDGE_CURVE('',#1364,#2771,#2779,.T.);
#2779 = CIRCLE('',#2780,4.8);
#2780 = AXIS2_PLACEMENT_3D('',#2781,#2782,#2783);
#2781 = CARTESIAN_POINT('',(-2.44249065418E-15,0.,0.819868415138));
#2782 = DIRECTION('',(0.,0.,-1.));
#2783 = DIRECTION('',(-1.,0.,-0.));
#2784 = CYLINDRICAL_SURFACE('',#2785,4.8);
#2785 = AXIS2_PLACEMENT_3D('',#2786,#2787,#2788);
#2786 = CARTESIAN_POINT('',(-2.44249065418E-15,0.,81.5030760518));
#2787 = DIRECTION('',(0.,0.,-1.));
#2788 = DIRECTION('',(0.,1.,0.));
#2789 = ADVANCED_FACE('',(#2790),#2815,.T.);
#2790 = FACE_BOUND('',#2791,.T.);
#2791 = EDGE_LOOP('',(#2792,#2793,#2807,#2814));
#2792 = ORIENTED_EDGE('',*,*,#1428,.T.);
#2793 = ORIENTED_EDGE('',*,*,#2794,.T.);
#2794 = EDGE_CURVE('',#1429,#2795,#2797,.T.);
#2795 = VERTEX_POINT('',#2796);
#2796 = CARTESIAN_POINT('',(4.61173774189,-0.35,0.439901311518));
#2797 = B_SPLINE_CURVE_WITH_KNOTS('',5,(#2798,#2799,#2800,#2801,#2802,
    #2803,#2804,#2805,#2806),.UNSPECIFIED.,.F.,.F.,(6,3,6),(0.,
    1.10074172125,1.86503249389),.UNSPECIFIED.);
#2798 = CARTESIAN_POINT('',(4.08503365959,-0.35,-0.7));
#2799 = CARTESIAN_POINT('',(4.08503330318,-0.350004159911,
    -0.544723040611));
#2800 = CARTESIAN_POINT('',(4.10520148661,-0.34997935051,-0.389234793293
    ));
#2801 = CARTESIAN_POINT('',(4.14549847494,-0.350007710483,
    -0.237575264882));
#2802 = CARTESIAN_POINT('',(4.24672074504,-0.349977733075,
    8.39203632053E-03));
#2803 = CARTESIAN_POINT('',(4.39827958159,-0.349996506793,0.225559106745
    ));
#2804 = CARTESIAN_POINT('',(4.45400007677,-0.35000301162,0.292667966382)
  );
#2805 = CARTESIAN_POINT('',(4.52968733393,-0.349997068099,0.369921599671
    ));
#2806 = CARTESIAN_POINT('',(4.61173774189,-0.35,0.439901311518));
#2807 = ORIENTED_EDGE('',*,*,#2808,.F.);
#2808 = EDGE_CURVE('',#1347,#2795,#2809,.T.);
#2809 = CIRCLE('',#2810,4.625);
#2810 = AXIS2_PLACEMENT_3D('',#2811,#2812,#2813);
#2811 = CARTESIAN_POINT('',(1.11022302463E-16,0.,0.439901311518));
#2812 = DIRECTION('',(0.,0.,-1.));
#2813 = DIRECTION('',(-1.,0.,-0.));
#2814 = ORIENTED_EDGE('',*,*,#1346,.T.);
#2815 = TOROIDAL_SURFACE('',#2816,5.6,1.5);
#2816 = AXIS2_PLACEMENT_3D('',#2817,#2818,#2819);
#2817 = CARTESIAN_POINT('',(1.11022302463E-16,0.,-0.7));
#2818 = DIRECTION('',(0.,0.,-1.));
#2819 = DIRECTION('',(0.,1.,0.));
#2820 = ADVANCED_FACE('',(#2821),#2857,.F.);
#2821 = FACE_BOUND('',#2822,.F.);
#2822 = EDGE_LOOP('',(#2823,#2831,#2838,#2839,#2840,#2850));
#2823 = ORIENTED_EDGE('',*,*,#2824,.T.);
#2824 = EDGE_CURVE('',#2825,#212,#2827,.T.);
#2825 = VERTEX_POINT('',#2826);
#2826 = CARTESIAN_POINT('',(1.42953927591E-15,-1.39065642272,
    11.0198684154));
#2827 = LINE('',#2828,#2829);
#2828 = CARTESIAN_POINT('',(3.52195036506E-11,-2.87587258877E+05,
    -4.09006086326E+05));
#2829 = VECTOR('',#2830,1.);
#2830 = DIRECTION('',(7.043813458562E-17,-0.575171017755,-0.81803319024)
  );
#2831 = ORIENTED_EDGE('',*,*,#2832,.F.);
#2832 = EDGE_CURVE('',#1623,#212,#2833,.T.);
#2833 = CIRCLE('',#2834,3.38357335622);
#2834 = AXIS2_PLACEMENT_3D('',#2835,#2836,#2837);
#2835 = CARTESIAN_POINT('',(2.22044604925E-16,0.,8.18545544235));
#2836 = DIRECTION('',(0.,-6.62844197847E-17,-1.));
#2837 = DIRECTION('',(0.,-1.,6.62844197847E-17));
#2838 = ORIENTED_EDGE('',*,*,#1633,.F.);
#2839 = ORIENTED_EDGE('',*,*,#1644,.F.);
#2840 = ORIENTED_EDGE('',*,*,#2841,.F.);
#2841 = EDGE_CURVE('',#2842,#1455,#2844,.T.);
#2842 = VERTEX_POINT('',#2843);
#2843 = CARTESIAN_POINT('',(0.35,-1.34589200386,11.0198684154));
#2844 = B_SPLINE_CURVE_WITH_KNOTS('',4,(#2845,#2846,#2847,#2848,#2849),
  .UNSPECIFIED.,.F.,.F.,(5,5),(0.,6.85219989849),
  .PIECEWISE_BEZIER_KNOTS.);
#2845 = CARTESIAN_POINT('',(0.350000000529,-1.3458920059,11.0198684168)
  );
#2846 = CARTESIAN_POINT('',(0.350000000471,-1.43972993311,10.8907040547)
  );
#2847 = CARTESIAN_POINT('',(0.350000588841,-1.54987926316,10.7383183208)
  );
#2848 = CARTESIAN_POINT('',(0.350000000356,-1.68149309805,10.5553768808)
  );
#2849 = CARTESIAN_POINT('',(0.350000000299,-1.85000000158,10.3198962247)
  );
#2850 = ORIENTED_EDGE('',*,*,#2851,.T.);
#2851 = EDGE_CURVE('',#2842,#2825,#2852,.T.);
#2852 = CIRCLE('',#2853,1.39065642482);
#2853 = AXIS2_PLACEMENT_3D('',#2854,#2855,#2856);
#2854 = CARTESIAN_POINT('',(2.22044604925E-16,0.,11.0198684168));
#2855 = DIRECTION('',(0.,-6.62844197847E-17,-1.));
#2856 = DIRECTION('',(0.,-1.,6.62844197847E-17));
#2857 = CONICAL_SURFACE('',#2858,3.5,0.612813192365);
#2858 = AXIS2_PLACEMENT_3D('',#2859,#2860,#2861);
#2859 = CARTESIAN_POINT('',(2.22044604925E-16,0.,8.01986841536));
#2860 = DIRECTION('',(0.,0.,-1.));
#2861 = DIRECTION('',(3.08148701227E-33,1.,0.));
#2862 = ADVANCED_FACE('',(#2863),#2890,.F.);
#2863 = FACE_BOUND('',#2864,.F.);
#2864 = EDGE_LOOP('',(#2865,#2875,#2882,#2883));
#2865 = ORIENTED_EDGE('',*,*,#2866,.T.);
#2866 = EDGE_CURVE('',#2867,#2869,#2871,.T.);
#2867 = VERTEX_POINT('',#2868);
#2868 = CARTESIAN_POINT('',(1.8,-4.44971909226,2.01986841626));
#2869 = VERTEX_POINT('',#2870);
#2870 = CARTESIAN_POINT('',(1.8,-4.44971909226,0.819868415138));
#2871 = LINE('',#2872,#2873);
#2872 = CARTESIAN_POINT('',(1.8,-4.44971909226,81.5030760523));
#2873 = VECTOR('',#2874,1.);
#2874 = DIRECTION('',(0.,0.,-1.));
#2875 = ORIENTED_EDGE('',*,*,#2876,.F.);
#2876 = EDGE_CURVE('',#1587,#2869,#2877,.T.);
#2877 = CIRCLE('',#2878,4.8);
#2878 = AXIS2_PLACEMENT_3D('',#2879,#2880,#2881);
#2879 = CARTESIAN_POINT('',(-2.44249065418E-15,0.,0.819868415138));
#2880 = DIRECTION('',(0.,0.,-1.));
#2881 = DIRECTION('',(-1.,0.,-0.));
#2882 = ORIENTED_EDGE('',*,*,#1603,.F.);
#2883 = ORIENTED_EDGE('',*,*,#2884,.T.);
#2884 = EDGE_CURVE('',#1604,#2867,#2885,.T.);
#2885 = CIRCLE('',#2886,4.8);
#2886 = AXIS2_PLACEMENT_3D('',#2887,#2888,#2889);
#2887 = CARTESIAN_POINT('',(-2.44249065418E-15,0.,2.01986841626));
#2888 = DIRECTION('',(0.,0.,-1.));
#2889 = DIRECTION('',(-1.,0.,-0.));
#2890 = CYLINDRICAL_SURFACE('',#2891,4.8);
#2891 = AXIS2_PLACEMENT_3D('',#2892,#2893,#2894);
#2892 = CARTESIAN_POINT('',(-2.44249065418E-15,0.,81.5030760518));
#2893 = DIRECTION('',(0.,0.,-1.));
#2894 = DIRECTION('',(0.,1.,0.));
#2895 = ADVANCED_FACE('',(#2896),#2927,.T.);
#2896 = FACE_BOUND('',#2897,.T.);
#2897 = EDGE_LOOP('',(#2898,#2907,#2908,#2909,#2919));
#2898 = ORIENTED_EDGE('',*,*,#2899,.F.);
#2899 = EDGE_CURVE('',#1570,#2900,#2902,.T.);
#2900 = VERTEX_POINT('',#2901);
#2901 = CARTESIAN_POINT('',(1.8,-4.26035503215,0.439901311518));
#2902 = CIRCLE('',#2903,4.62499999999);
#2903 = AXIS2_PLACEMENT_3D('',#2904,#2905,#2906);
#2904 = CARTESIAN_POINT('',(1.11022302463E-16,0.,0.439901311513));
#2905 = DIRECTION('',(0.,0.,-1.));
#2906 = DIRECTION('',(-1.,0.,-0.));
#2907 = ORIENTED_EDGE('',*,*,#1569,.T.);
#2908 = ORIENTED_EDGE('',*,*,#1674,.T.);
#2909 = ORIENTED_EDGE('',*,*,#2910,.F.);
#2910 = EDGE_CURVE('',#2911,#1675,#2913,.T.);
#2911 = VERTEX_POINT('',#2912);
#2912 = CARTESIAN_POINT('',(1.8,-3.71306994686,-0.42));
#2913 = B_SPLINE_CURVE_WITH_KNOTS('',4,(#2914,#2915,#2916,#2917,#2918),
  .UNSPECIFIED.,.F.,.F.,(5,5),(0.,0.436964018871),
  .PIECEWISE_BEZIER_KNOTS.);
#2914 = CARTESIAN_POINT('',(1.8,-3.71306994686,-0.42));
#2915 = CARTESIAN_POINT('',(1.79994290776,-3.69720362691,-0.495271486251
    ));
#2916 = CARTESIAN_POINT('',(1.78299150595,-3.69464144509,-0.57713958191)
  );
#2917 = CARTESIAN_POINT('',(1.75004502905,-3.70800432563,-0.64407424749)
  );
#2918 = CARTESIAN_POINT('',(1.70987177379,-3.72643777852,-0.7));
#2919 = ORIENTED_EDGE('',*,*,#2920,.T.);
#2920 = EDGE_CURVE('',#2911,#2900,#2921,.T.);
#2921 = B_SPLINE_CURVE_WITH_KNOTS('',4,(#2922,#2923,#2924,#2925,#2926),
  .UNSPECIFIED.,.F.,.F.,(5,5),(0.,1.4808369677),
  .PIECEWISE_BEZIER_KNOTS.);
#2922 = CARTESIAN_POINT('',(1.8,-3.71306994686,-0.42));
#2923 = CARTESIAN_POINT('',(1.79996493941,-3.76697740153,-0.164783207187
    ));
#2924 = CARTESIAN_POINT('',(1.79996337311,-3.88809862982,
    7.93456335884E-02));
#2925 = CARTESIAN_POINT('',(1.80002228466,-4.0573897368,0.279992256921)
  );
#2926 = CARTESIAN_POINT('',(1.8,-4.26035503215,0.439901311518));
#2927 = TOROIDAL_SURFACE('',#2928,5.6,1.5);
#2928 = AXIS2_PLACEMENT_3D('',#2929,#2930,#2931);
#2929 = CARTESIAN_POINT('',(1.11022302463E-16,0.,-0.7));
#2930 = DIRECTION('',(0.,0.,-1.));
#2931 = DIRECTION('',(0.,1.,0.));
#2932 = ADVANCED_FACE('',(#2933),#2958,.T.);
#2933 = FACE_BOUND('',#2934,.T.);
#2934 = EDGE_LOOP('',(#2935,#2944,#2950,#2951,#2957));
#2935 = ORIENTED_EDGE('',*,*,#2936,.T.);
#2936 = EDGE_CURVE('',#1702,#2937,#2939,.T.);
#2937 = VERTEX_POINT('',#2938);
#2938 = CARTESIAN_POINT('',(0.35,-4.11149467107,-0.42));
#2939 = B_SPLINE_CURVE_WITH_KNOTS('',3,(#2940,#2941,#2942,#2943),
  .UNSPECIFIED.,.F.,.F.,(4,4),(0.,0.433802106791),
  .PIECEWISE_BEZIER_KNOTS.);
#2940 = CARTESIAN_POINT('',(0.440128226208,-4.07630802915,-0.7));
#2941 = CARTESIAN_POINT('',(0.380772736051,-4.08273401158,
    -0.617353463458));
#2942 = CARTESIAN_POINT('',(0.35,-4.09241119011,-0.520170343586));
#2943 = CARTESIAN_POINT('',(0.35,-4.11149467193,-0.42));
#2944 = ORIENTED_EDGE('',*,*,#2945,.F.);
#2945 = EDGE_CURVE('',#1538,#2937,#2946,.T.);
#2946 = LINE('',#2947,#2948);
#2947 = CARTESIAN_POINT('',(0.35,-0.349999999627,-0.42));
#2948 = VECTOR('',#2949,1.);
#2949 = DIRECTION('',(0.,-1.,0.));
#2950 = ORIENTED_EDGE('',*,*,#1537,.T.);
#2951 = ORIENTED_EDGE('',*,*,#2952,.T.);
#2952 = EDGE_CURVE('',#1530,#1693,#2953,.T.);
#2953 = LINE('',#2954,#2955);
#2954 = CARTESIAN_POINT('',(0.83,-0.349999999627,-0.9));
#2955 = VECTOR('',#2956,1.);
#2956 = DIRECTION('',(0.,-1.,0.));
#2957 = ORIENTED_EDGE('',*,*,#1701,.T.);
#2958 = CYLINDRICAL_SURFACE('',#2959,0.48);
#2959 = AXIS2_PLACEMENT_3D('',#2960,#2961,#2962);
#2960 = CARTESIAN_POINT('',(0.83,-0.35,-0.42));
#2961 = DIRECTION('',(-0.,-1.,-0.));
#2962 = DIRECTION('',(-1.,0.,0.));
#2963 = ADVANCED_FACE('',(#2964),#2975,.T.);
#2964 = FACE_BOUND('',#2965,.T.);
#2965 = EDGE_LOOP('',(#2966,#2972,#2973,#2974));
#2966 = ORIENTED_EDGE('',*,*,#2967,.F.);
#2967 = EDGE_CURVE('',#1684,#1513,#2968,.T.);
#2968 = LINE('',#2969,#2970);
#2969 = CARTESIAN_POINT('',(1.31999999955,-2.86585032847,-0.9));
#2970 = VECTOR('',#2971,1.);
#2971 = DIRECTION('',(0.,1.,0.));
#2972 = ORIENTED_EDGE('',*,*,#1692,.T.);
#2973 = ORIENTED_EDGE('',*,*,#2952,.F.);
#2974 = ORIENTED_EDGE('',*,*,#1529,.T.);
#2975 = PLANE('',#2976);
#2976 = AXIS2_PLACEMENT_3D('',#2977,#2978,#2979);
#2977 = CARTESIAN_POINT('',(1.8,-6.,-0.9));
#2978 = DIRECTION('',(-0.,-0.,-1.));
#2979 = DIRECTION('',(0.,-1.,0.));
#2980 = ADVANCED_FACE('',(#2981),#2993,.T.);
#2981 = FACE_BOUND('',#2982,.T.);
#2982 = EDGE_LOOP('',(#2983,#2984,#2985,#2986,#2992));
#2983 = ORIENTED_EDGE('',*,*,#1683,.T.);
#2984 = ORIENTED_EDGE('',*,*,#2967,.T.);
#2985 = ORIENTED_EDGE('',*,*,#1512,.T.);
#2986 = ORIENTED_EDGE('',*,*,#2987,.T.);
#2987 = EDGE_CURVE('',#1505,#2911,#2988,.T.);
#2988 = LINE('',#2989,#2990);
#2989 = CARTESIAN_POINT('',(1.8,-6.,-0.42));
#2990 = VECTOR('',#2991,1.);
#2991 = DIRECTION('',(0.,-1.,0.));
#2992 = ORIENTED_EDGE('',*,*,#2910,.T.);
#2993 = CYLINDRICAL_SURFACE('',#2994,0.48);
#2994 = AXIS2_PLACEMENT_3D('',#2995,#2996,#2997);
#2995 = CARTESIAN_POINT('',(1.32,-6.,-0.42));
#2996 = DIRECTION('',(-0.,-1.,-0.));
#2997 = DIRECTION('',(-1.,0.,0.));
#2998 = ADVANCED_FACE('',(#2999),#3034,.T.);
#2999 = FACE_BOUND('',#3000,.T.);
#3000 = EDGE_LOOP('',(#3001,#3009,#3018,#3019,#3031,#3032,#3033));
#3001 = ORIENTED_EDGE('',*,*,#3002,.F.);
#3002 = EDGE_CURVE('',#3003,#1488,#3005,.T.);
#3003 = VERTEX_POINT('',#3004);
#3004 = CARTESIAN_POINT('',(1.80000000056,-3.30111884251,6.82000000026)
  );
#3005 = LINE('',#3006,#3007);
#3006 = CARTESIAN_POINT('',(1.8,-2.57555942051,6.81999999955));
#3007 = VECTOR('',#3008,1.);
#3008 = DIRECTION('',(0.,1.,0.));
#3009 = ORIENTED_EDGE('',*,*,#3010,.F.);
#3010 = EDGE_CURVE('',#2867,#3003,#3011,.T.);
#3011 = B_SPLINE_CURVE_WITH_KNOTS('',5,(#3012,#3013,#3014,#3015,#3016,
    #3017),.UNSPECIFIED.,.F.,.F.,(6,6),(0.,7.181950173),
  .PIECEWISE_BEZIER_KNOTS.);
#3012 = CARTESIAN_POINT('',(1.8,-4.44971909188,2.01986841597));
#3013 = CARTESIAN_POINT('',(1.8,-4.21856109075,3.00889008902));
#3014 = CARTESIAN_POINT('',(1.8,-3.98560139652,3.99749838039));
#3015 = CARTESIAN_POINT('',(1.8,-3.78266283744,4.84654354009));
#3016 = CARTESIAN_POINT('',(1.8,-3.54448548944,5.83391138206));
#3017 = CARTESIAN_POINT('',(1.8,-3.30111884139,6.81999999955));
#3018 = ORIENTED_EDGE('',*,*,#2866,.T.);
#3019 = ORIENTED_EDGE('',*,*,#3020,.T.);
#3020 = EDGE_CURVE('',#2869,#2900,#3021,.T.);
#3021 = B_SPLINE_CURVE_WITH_KNOTS('',5,(#3022,#3023,#3024,#3025,#3026,
    #3027,#3028,#3029,#3030),.UNSPECIFIED.,.F.,.F.,(6,3,6),(0.,
    0.374874869735,0.623257560122),.UNSPECIFIED.);
#3022 = CARTESIAN_POINT('',(1.8,-4.44971909188,0.819868414849));
#3023 = CARTESIAN_POINT('',(1.8,-4.44972753267,0.767010566726));
#3024 = CARTESIAN_POINT('',(1.8,-4.44211807321,0.714104836907));
#3025 = CARTESIAN_POINT('',(1.8,-4.42737824754,0.663722794793));
#3026 = CARTESIAN_POINT('',(1.8,-4.39084584387,0.582597423065));
#3027 = CARTESIAN_POINT('',(1.8,-4.3376045926,0.511998255892));
#3028 = CARTESIAN_POINT('',(1.8,-4.31362591867,0.485608368016));
#3029 = CARTESIAN_POINT('',(1.8,-4.28787688284,0.461635151964));
#3030 = CARTESIAN_POINT('',(1.8,-4.26035503298,0.439901312068));
#3031 = ORIENTED_EDGE('',*,*,#2920,.F.);
#3032 = ORIENTED_EDGE('',*,*,#2987,.F.);
#3033 = ORIENTED_EDGE('',*,*,#1504,.T.);
#3034 = PLANE('',#3035);
#3035 = AXIS2_PLACEMENT_3D('',#3036,#3037,#3038);
#3036 = CARTESIAN_POINT('',(1.8,-6.,7.3));
#3037 = DIRECTION('',(1.,0.,2.22044604925E-16));
#3038 = DIRECTION('',(-2.22044604925E-16,0.,1.));
#3039 = ADVANCED_FACE('',(#3040),#3061,.T.);
#3040 = FACE_BOUND('',#3041,.T.);
#3041 = EDGE_LOOP('',(#3042,#3043,#3044,#3052));
#3042 = ORIENTED_EDGE('',*,*,#3002,.T.);
#3043 = ORIENTED_EDGE('',*,*,#1487,.T.);
#3044 = ORIENTED_EDGE('',*,*,#3045,.T.);
#3045 = EDGE_CURVE('',#1480,#3046,#3048,.T.);
#3046 = VERTEX_POINT('',#3047);
#3047 = CARTESIAN_POINT('',(1.32000000046,-3.40935881711,7.30000000028)
  );
#3048 = LINE('',#3049,#3050);
#3049 = CARTESIAN_POINT('',(1.32,-6.,7.3));
#3050 = VECTOR('',#3051,1.);
#3051 = DIRECTION('',(0.,-1.,0.));
#3052 = ORIENTED_EDGE('',*,*,#3053,.T.);
#3053 = EDGE_CURVE('',#3046,#3003,#3054,.T.);
#3054 = B_SPLINE_CURVE_WITH_KNOTS('',5,(#3055,#3056,#3057,#3058,#3059,
    #3060),.UNSPECIFIED.,.F.,.F.,(6,6),(0.,1.09453093282),
  .PIECEWISE_BEZIER_KNOTS.);
#3055 = CARTESIAN_POINT('',(1.32,-3.40935881622,7.3));
#3056 = CARTESIAN_POINT('',(1.46387746963,-3.35366083823,7.3));
#3057 = CARTESIAN_POINT('',(1.61033977888,-3.30125450417,7.24665020984)
  );
#3058 = CARTESIAN_POINT('',(1.74085295614,-3.25653519844,7.13141389649)
  );
#3059 = CARTESIAN_POINT('',(1.8,-3.26423502159,6.96969327624));
#3060 = CARTESIAN_POINT('',(1.8,-3.30111884139,6.82));
#3061 = CYLINDRICAL_SURFACE('',#3062,0.48);
#3062 = AXIS2_PLACEMENT_3D('',#3063,#3064,#3065);
#3063 = CARTESIAN_POINT('',(1.32,-6.,6.82));
#3064 = DIRECTION('',(-0.,-1.,-0.));
#3065 = DIRECTION('',(1.,0.,-1.22464679915E-16));
#3066 = ADVANCED_FACE('',(#3067),#3088,.T.);
#3067 = FACE_BOUND('',#3068,.T.);
#3068 = EDGE_LOOP('',(#3069,#3070,#3071,#3079));
#3069 = ORIENTED_EDGE('',*,*,#3045,.F.);
#3070 = ORIENTED_EDGE('',*,*,#1479,.T.);
#3071 = ORIENTED_EDGE('',*,*,#3072,.F.);
#3072 = EDGE_CURVE('',#3073,#1463,#3075,.T.);
#3073 = VERTEX_POINT('',#3074);
#3074 = CARTESIAN_POINT('',(0.830000000292,-3.56050945015,7.30000000028)
  );
#3075 = LINE('',#3076,#3077);
#3076 = CARTESIAN_POINT('',(0.829999999329,-2.70525472425,7.3));
#3077 = VECTOR('',#3078,1.);
#3078 = DIRECTION('',(0.,1.,0.));
#3079 = ORIENTED_EDGE('',*,*,#3080,.F.);
#3080 = EDGE_CURVE('',#3046,#3073,#3081,.T.);
#3081 = B_SPLINE_CURVE_WITH_KNOTS('',5,(#3082,#3083,#3084,#3085,#3086,
    #3087),.UNSPECIFIED.,.F.,.F.,(6,6),(0.,0.725482758097),
  .PIECEWISE_BEZIER_KNOTS.);
#3082 = CARTESIAN_POINT('',(1.31999999955,-3.40935881622,7.3));
#3083 = CARTESIAN_POINT('',(1.22432201826,-3.44640241947,7.3));
#3084 = CARTESIAN_POINT('',(1.12734461058,-3.480089706,7.3));
#3085 = CARTESIAN_POINT('',(1.02902249378,-3.5104192009,7.3));
#3086 = CARTESIAN_POINT('',(0.929919771591,-3.53721688016,7.3));
#3087 = CARTESIAN_POINT('',(0.829999999329,-3.56050944887,7.3));
#3088 = PLANE('',#3089);
#3089 = AXIS2_PLACEMENT_3D('',#3090,#3091,#3092);
#3090 = CARTESIAN_POINT('',(0.3,-6.,7.3));
#3091 = DIRECTION('',(0.,-0.,1.));
#3092 = DIRECTION('',(0.,1.,0.));
#3093 = ADVANCED_FACE('',(#3094),#3121,.T.);
#3094 = FACE_BOUND('',#3095,.T.);
#3095 = EDGE_LOOP('',(#3096,#3097,#3098,#3106));
#3096 = ORIENTED_EDGE('',*,*,#3072,.T.);
#3097 = ORIENTED_EDGE('',*,*,#1462,.T.);
#3098 = ORIENTED_EDGE('',*,*,#3099,.T.);
#3099 = EDGE_CURVE('',#1453,#3100,#3102,.T.);
#3100 = VERTEX_POINT('',#3101);
#3101 = CARTESIAN_POINT('',(0.350000000109,-3.74364603218,6.82000000025)
  );
#3102 = LINE('',#3103,#3104);
#3103 = CARTESIAN_POINT('',(0.35,-6.,6.82));
#3104 = VECTOR('',#3105,1.);
#3105 = DIRECTION('',(0.,-1.,0.));
#3106 = ORIENTED_EDGE('',*,*,#3107,.T.);
#3107 = EDGE_CURVE('',#3100,#3073,#3108,.T.);
#3108 = B_SPLINE_CURVE_WITH_KNOTS('',5,(#3109,#3110,#3111,#3112,#3113,
    #3114,#3115,#3116,#3117,#3118,#3119,#3120),.UNSPECIFIED.,.F.,.F.,(6,
    3,3,6),(0.,0.415650694256,0.831301388513,1.0510319652),
  .UNSPECIFIED.);
#3109 = CARTESIAN_POINT('',(0.35,-3.74364603125,6.82));
#3110 = CARTESIAN_POINT('',(0.35,-3.73117493004,6.87727787269));
#3111 = CARTESIAN_POINT('',(0.358543632031,-3.71796034082,6.93447225145)
  );
#3112 = CARTESIAN_POINT('',(0.375969548338,-3.70330651705,6.99425742164)
  );
#3113 = CARTESIAN_POINT('',(0.433613012729,-3.67241304023,7.10873792893)
  );
#3114 = CARTESIAN_POINT('',(0.524784205899,-3.64081023562,7.19859111454)
  );
#3115 = CARTESIAN_POINT('',(0.576191912522,-3.62544708405,7.23342006549)
  );
#3116 = CARTESIAN_POINT('',(0.655006393258,-3.60352626754,7.272551158));
#3117 = CARTESIAN_POINT('',(0.739908116341,-3.58208308382,7.29291454876)
  );
#3118 = CARTESIAN_POINT('',(0.769745004901,-3.57474439848,7.29763253759)
  );
#3119 = CARTESIAN_POINT('',(0.799848622522,-3.56753613957,7.3));
#3120 = CARTESIAN_POINT('',(0.83,-3.56050944887,7.3));
#3121 = CYLINDRICAL_SURFACE('',#3122,0.48);
#3122 = AXIS2_PLACEMENT_3D('',#3123,#3124,#3125);
#3123 = CARTESIAN_POINT('',(0.83,-6.,6.82));
#3124 = DIRECTION('',(-0.,-1.,-0.));
#3125 = DIRECTION('',(1.,0.,-1.22464679915E-16));
#3126 = ADVANCED_FACE('',(#3127),#3158,.T.);
#3127 = FACE_BOUND('',#3128,.T.);
#3128 = EDGE_LOOP('',(#3129,#3138,#3147,#3156,#3157));
#3129 = ORIENTED_EDGE('',*,*,#3130,.T.);
#3130 = EDGE_CURVE('',#1665,#3131,#3133,.T.);
#3131 = VERTEX_POINT('',#3132);
#3132 = CARTESIAN_POINT('',(5.66399144606E-16,-4.625,0.439901311518));
#3133 = CIRCLE('',#3134,1.5);
#3134 = AXIS2_PLACEMENT_3D('',#3135,#3136,#3137);
#3135 = CARTESIAN_POINT('',(7.96824509985E-16,-5.6,-0.7));
#3136 = DIRECTION('',(1.,1.22464679915E-16,0.));
#3137 = DIRECTION('',(-1.22464679915E-16,1.,0.));
#3138 = ORIENTED_EDGE('',*,*,#3139,.F.);
#3139 = EDGE_CURVE('',#3140,#3131,#3142,.T.);
#3140 = VERTEX_POINT('',#3141);
#3141 = CARTESIAN_POINT('',(0.35,-4.61173774189,0.439901311518));
#3142 = CIRCLE('',#3143,4.625);
#3143 = AXIS2_PLACEMENT_3D('',#3144,#3145,#3146);
#3144 = CARTESIAN_POINT('',(1.11022302463E-16,0.,0.439901311518));
#3145 = DIRECTION('',(0.,0.,-1.));
#3146 = DIRECTION('',(-1.,0.,-0.));
#3147 = ORIENTED_EDGE('',*,*,#3148,.T.);
#3148 = EDGE_CURVE('',#3140,#2937,#3149,.T.);
#3149 = B_SPLINE_CURVE_WITH_KNOTS('',5,(#3150,#3151,#3152,#3153,#3154,
    #3155),.UNSPECIFIED.,.F.,.F.,(6,6),(0.,1.41632435475),
  .PIECEWISE_BEZIER_KNOTS.);
#3150 = CARTESIAN_POINT('',(0.35,-4.61173774189,0.439901311518));
#3151 = CARTESIAN_POINT('',(0.349998466437,-4.45987054458,0.310376031939
    ));
#3152 = CARTESIAN_POINT('',(0.349902135189,-4.32543594876,0.154197001308
    ));
#3153 = CARTESIAN_POINT('',(0.350037832111,-4.21582463447,
    -3.93750473883E-02));
#3154 = CARTESIAN_POINT('',(0.349983429418,-4.14894217242,
    -0.223632117493));
#3155 = CARTESIAN_POINT('',(0.35,-4.11149467107,-0.42));
#3156 = ORIENTED_EDGE('',*,*,#2936,.F.);
#3157 = ORIENTED_EDGE('',*,*,#1711,.T.);
#3158 = TOROIDAL_SURFACE('',#3159,5.6,1.5);
#3159 = AXIS2_PLACEMENT_3D('',#3160,#3161,#3162);
#3160 = CARTESIAN_POINT('',(1.11022302463E-16,0.,-0.7));
#3161 = DIRECTION('',(0.,0.,-1.));
#3162 = DIRECTION('',(0.,1.,0.));
#3163 = ADVANCED_FACE('',(#3164),#3210,.F.);
#3164 = FACE_BOUND('',#3165,.F.);
#3165 = EDGE_LOOP('',(#3166,#3175,#3182,#3183,#3194,#3209));
#3166 = ORIENTED_EDGE('',*,*,#3167,.F.);
#3167 = EDGE_CURVE('',#3168,#1751,#3170,.T.);
#3168 = VERTEX_POINT('',#3169);
#3169 = CARTESIAN_POINT('',(7.39674520788E-16,0.,11.7420776842));
#3170 = CIRCLE('',#3171,1.7);
#3171 = AXIS2_PLACEMENT_3D('',#3172,#3173,#3174);
#3172 = CARTESIAN_POINT('',(1.11022302463E-15,0.,10.0420776842));
#3173 = DIRECTION('',(0.,-1.,0.));
#3174 = DIRECTION('',(0.,-0.,-1.));
#3175 = ORIENTED_EDGE('',*,*,#3176,.T.);
#3176 = EDGE_CURVE('',#3168,#1884,#3177,.T.);
#3177 = CIRCLE('',#3178,1.7);
#3178 = AXIS2_PLACEMENT_3D('',#3179,#3180,#3181);
#3179 = CARTESIAN_POINT('',(1.11022302463E-15,0.,10.0420776842));
#3180 = DIRECTION('',(-1.,-2.83276944882E-16,6.53072367427E-17));
#3181 = DIRECTION('',(2.83276944882E-16,-1.,0.));
#3182 = ORIENTED_EDGE('',*,*,#1912,.F.);
#3183 = ORIENTED_EDGE('',*,*,#3184,.T.);
#3184 = EDGE_CURVE('',#1903,#3185,#3187,.T.);
#3185 = VERTEX_POINT('',#3186);
#3186 = CARTESIAN_POINT('',(-0.35,0.35,11.6684232809));
#3187 = B_SPLINE_CURVE_WITH_KNOTS('',5,(#3188,#3189,#3190,#3191,#3192,
    #3193),.UNSPECIFIED.,.F.,.F.,(6,6),(0.,1.97890730818),
  .PIECEWISE_BEZIER_KNOTS.);
#3188 = CARTESIAN_POINT('',(-0.35,1.34589200386,11.0198684154));
#3189 = CARTESIAN_POINT('',(-0.35,1.18184392388,11.2456744003));
#3190 = CARTESIAN_POINT('',(-0.349966222293,0.978491159277,11.4384700811
    ));
#3191 = CARTESIAN_POINT('',(-0.35004466761,0.694600526007,11.5833382157)
  );
#3192 = CARTESIAN_POINT('',(-0.35,0.494609734267,11.6373023389));
#3193 = CARTESIAN_POINT('',(-0.35,0.35,11.6684232809));
#3194 = ORIENTED_EDGE('',*,*,#3195,.T.);
#3195 = EDGE_CURVE('',#3185,#1729,#3196,.T.);
#3196 = B_SPLINE_CURVE_WITH_KNOTS('',5,(#3197,#3198,#3199,#3200,#3201,
    #3202,#3203,#3204,#3205,#3206,#3207,#3208),.UNSPECIFIED.,.F.,.F.,(6,
    3,3,6),(0.,0.523758563964,1.27990551473,1.97376786086),
  .UNSPECIFIED.);
#3197 = CARTESIAN_POINT('',(-0.35,0.35,11.6684232809));
#3198 = CARTESIAN_POINT('',(-0.388273943626,0.35,11.6601864829));
#3199 = CARTESIAN_POINT('',(-0.430425043847,0.35000022061,11.6499371934)
  );
#3200 = CARTESIAN_POINT('',(-0.477047309061,0.350000114217,11.6370715542
    ));
#3201 = CARTESIAN_POINT('',(-0.602465879625,0.349999835105,11.5968199166
    ));
#3202 = CARTESIAN_POINT('',(-0.747900743279,0.350000238058,11.5327503287
    ));
#3203 = CARTESIAN_POINT('',(-0.837566766403,0.349999818955,11.4848834257
    ));
#3204 = CARTESIAN_POINT('',(-1.00371296386,0.350000166132,11.3781684291)
  );
#3205 = CARTESIAN_POINT('',(-1.15630526492,0.349999847552,11.2440497497)
  );
#3206 = CARTESIAN_POINT('',(-1.22512365364,0.349999920423,11.1738582314)
  );
#3207 = CARTESIAN_POINT('',(-1.28837198502,0.35,11.0990425484));
#3208 = CARTESIAN_POINT('',(-1.34589200386,0.35,11.0198684154));
#3209 = ORIENTED_EDGE('',*,*,#1759,.F.);
#3210 = SPHERICAL_SURFACE('',#3211,1.7);
#3211 = AXIS2_PLACEMENT_3D('',#3212,#3213,#3214);
#3212 = CARTESIAN_POINT('',(1.11022302463E-15,0.,10.0420776842));
#3213 = DIRECTION('',(0.,0.,-1.));
#3214 = DIRECTION('',(-1.,0.,0.));
#3215 = ADVANCED_FACE('',(#3216),#3242,.F.);
#3216 = FACE_BOUND('',#3217,.F.);
#3217 = EDGE_LOOP('',(#3218,#3225,#3226,#3235));
#3218 = ORIENTED_EDGE('',*,*,#3219,.T.);
#3219 = EDGE_CURVE('',#2453,#2287,#3220,.T.);
#3220 = CIRCLE('',#3221,0.5);
#3221 = AXIS2_PLACEMENT_3D('',#3222,#3223,#3224);
#3222 = CARTESIAN_POINT('',(-1.05319624727E-15,4.3,0.819868415357));
#3223 = DIRECTION('',(-1.,-2.44929359829E-16,0.));
#3224 = DIRECTION('',(2.44929359829E-16,-1.,0.));
#3225 = ORIENTED_EDGE('',*,*,#2295,.F.);
#3226 = ORIENTED_EDGE('',*,*,#3227,.T.);
#3227 = EDGE_CURVE('',#2296,#3228,#3230,.T.);
#3228 = VERTEX_POINT('',#3229);
#3229 = CARTESIAN_POINT('',(-0.35,4.78722257682,0.819868415138));
#3230 = B_SPLINE_CURVE_WITH_KNOTS('',3,(#3231,#3232,#3233,#3234),
  .UNSPECIFIED.,.F.,.F.,(4,4),(0.,0.611900306919),
  .PIECEWISE_BEZIER_KNOTS.);
#3231 = CARTESIAN_POINT('',(-0.35,4.61173774189,0.439901311518));
#3232 = CARTESIAN_POINT('',(-0.350000569127,4.72111837575,0.533190396774
    ));
#3233 = CARTESIAN_POINT('',(-0.349993027715,4.78722308657,0.676019704173
    ));
#3234 = CARTESIAN_POINT('',(-0.35,4.78722257682,0.819868415357));
#3235 = ORIENTED_EDGE('',*,*,#3236,.T.);
#3236 = EDGE_CURVE('',#3228,#2453,#3237,.T.);
#3237 = CIRCLE('',#3238,4.8);
#3238 = AXIS2_PLACEMENT_3D('',#3239,#3240,#3241);
#3239 = CARTESIAN_POINT('',(0.,0.,0.819868415357));
#3240 = DIRECTION('',(0.,0.,-1.));
#3241 = DIRECTION('',(-1.,0.,-0.));
#3242 = TOROIDAL_SURFACE('',#3243,4.3,0.5);
#3243 = AXIS2_PLACEMENT_3D('',#3244,#3245,#3246);
#3244 = CARTESIAN_POINT('',(0.,0.,0.819868415357));
#3245 = DIRECTION('',(0.,0.,-1.));
#3246 = DIRECTION('',(1.22464679915E-16,-1.,0.));
#3247 = ADVANCED_FACE('',(#3248),#3278,.F.);
#3248 = FACE_BOUND('',#3249,.F.);
#3249 = EDGE_LOOP('',(#3250,#3251,#3261,#3270));
#3250 = ORIENTED_EDGE('',*,*,#2427,.F.);
#3251 = ORIENTED_EDGE('',*,*,#3252,.T.);
#3252 = EDGE_CURVE('',#2428,#3253,#3255,.T.);
#3253 = VERTEX_POINT('',#3254);
#3254 = CARTESIAN_POINT('',(1.8,4.44971909226,0.819868415138));
#3255 = B_SPLINE_CURVE_WITH_KNOTS('',4,(#3256,#3257,#3258,#3259,#3260),
  .UNSPECIFIED.,.F.,.F.,(5,5),(0.,0.621588734643),
  .PIECEWISE_BEZIER_KNOTS.);
#3256 = CARTESIAN_POINT('',(1.8,4.26035503215,0.439901311518));
#3257 = CARTESIAN_POINT('',(1.79998010218,4.34647189918,0.507746216814)
  );
#3258 = CARTESIAN_POINT('',(1.80007369588,4.41500754893,0.600288425498)
  );
#3259 = CARTESIAN_POINT('',(1.79999426236,4.44972141325,0.71047880492));
#3260 = CARTESIAN_POINT('',(1.8,4.44971909226,0.819868415357));
#3261 = ORIENTED_EDGE('',*,*,#3262,.T.);
#3262 = EDGE_CURVE('',#3253,#3263,#3265,.T.);
#3263 = VERTEX_POINT('',#3264);
#3264 = CARTESIAN_POINT('',(4.4291647068,1.85,0.819868415138));
#3265 = CIRCLE('',#3266,4.8);
#3266 = AXIS2_PLACEMENT_3D('',#3267,#3268,#3269);
#3267 = CARTESIAN_POINT('',(0.,0.,0.819868415357));
#3268 = DIRECTION('',(0.,0.,-1.));
#3269 = DIRECTION('',(-1.,0.,-0.));
#3270 = ORIENTED_EDGE('',*,*,#3271,.T.);
#3271 = EDGE_CURVE('',#3263,#2418,#3272,.T.);
#3272 = B_SPLINE_CURVE_WITH_KNOTS('',4,(#3273,#3274,#3275,#3276,#3277),
  .UNSPECIFIED.,.F.,.F.,(5,5),(0.,0.621665953097),
  .PIECEWISE_BEZIER_KNOTS.);
#3273 = CARTESIAN_POINT('',(4.4291647068,1.85,0.819868415357));
#3274 = CARTESIAN_POINT('',(4.42916196921,1.85000655418,0.710283257699)
  );
#3275 = CARTESIAN_POINT('',(4.39401775679,1.85004756152,0.599817405286)
  );
#3276 = CARTESIAN_POINT('',(4.32533700093,1.84999048561,0.507672275667)
  );
#3277 = CARTESIAN_POINT('',(4.23888251783,1.85,0.439901311518));
#3278 = TOROIDAL_SURFACE('',#3279,4.3,0.5);
#3279 = AXIS2_PLACEMENT_3D('',#3280,#3281,#3282);
#3280 = CARTESIAN_POINT('',(0.,0.,0.819868415357));
#3281 = DIRECTION('',(0.,0.,-1.));
#3282 = DIRECTION('',(0.,1.,0.));
#3283 = ADVANCED_FACE('',(#3284),#3310,.T.);
#3284 = FACE_BOUND('',#3285,.T.);
#3285 = EDGE_LOOP('',(#3286,#3294,#3303,#3309));
#3286 = ORIENTED_EDGE('',*,*,#3287,.F.);
#3287 = EDGE_CURVE('',#3288,#2523,#3290,.T.);
#3288 = VERTEX_POINT('',#3289);
#3289 = CARTESIAN_POINT('',(1.32,1.84999999963,7.3));
#3290 = LINE('',#3291,#3292);
#3291 = CARTESIAN_POINT('',(1.32,6.,7.3));
#3292 = VECTOR('',#3293,1.);
#3293 = DIRECTION('',(0.,1.,0.));
#3294 = ORIENTED_EDGE('',*,*,#3295,.T.);
#3295 = EDGE_CURVE('',#3288,#3296,#3298,.T.);
#3296 = VERTEX_POINT('',#3297);
#3297 = CARTESIAN_POINT('',(1.79999999925,1.85,6.82000000067));
#3298 = CIRCLE('',#3299,0.48);
#3299 = AXIS2_PLACEMENT_3D('',#3300,#3301,#3302);
#3300 = CARTESIAN_POINT('',(1.32,1.84999999963,6.82));
#3301 = DIRECTION('',(-0.,1.,0.));
#3302 = DIRECTION('',(0.,0.,1.));
#3303 = ORIENTED_EDGE('',*,*,#3304,.T.);
#3304 = EDGE_CURVE('',#3296,#2513,#3305,.T.);
#3305 = LINE('',#3306,#3307);
#3306 = CARTESIAN_POINT('',(1.8,6.,6.82));
#3307 = VECTOR('',#3308,1.);
#3308 = DIRECTION('',(0.,1.,0.));
#3309 = ORIENTED_EDGE('',*,*,#2522,.T.);
#3310 = CYLINDRICAL_SURFACE('',#3311,0.48);
#3311 = AXIS2_PLACEMENT_3D('',#3312,#3313,#3314);
#3312 = CARTESIAN_POINT('',(1.32,6.,6.82));
#3313 = DIRECTION('',(-0.,1.,0.));
#3314 = DIRECTION('',(-1.,0.,-1.22464679915E-16));
#3315 = ADVANCED_FACE('',(#3316),#3360,.F.);
#3316 = FACE_BOUND('',#3317,.F.);
#3317 = EDGE_LOOP('',(#3318,#3325,#3332,#3333,#3344,#3359));
#3318 = ORIENTED_EDGE('',*,*,#3319,.F.);
#3319 = EDGE_CURVE('',#3168,#2692,#3320,.T.);
#3320 = CIRCLE('',#3321,1.7);
#3321 = AXIS2_PLACEMENT_3D('',#3322,#3323,#3324);
#3322 = CARTESIAN_POINT('',(1.11022302463E-15,0.,10.0420776842));
#3323 = DIRECTION('',(-5.66553889765E-16,1.,3.70000690063E-32));
#3324 = DIRECTION('',(1.,5.66553889765E-16,0.));
#3325 = ORIENTED_EDGE('',*,*,#3326,.T.);
#3326 = EDGE_CURVE('',#3168,#2825,#3327,.T.);
#3327 = CIRCLE('',#3328,1.7);
#3328 = AXIS2_PLACEMENT_3D('',#3329,#3330,#3331);
#3329 = CARTESIAN_POINT('',(1.11022302463E-15,0.,10.0420776842));
#3330 = DIRECTION('',(1.,1.83697019872E-16,-6.53072367427E-17));
#3331 = DIRECTION('',(-1.83697019872E-16,1.,0.));
#3332 = ORIENTED_EDGE('',*,*,#2851,.F.);
#3333 = ORIENTED_EDGE('',*,*,#3334,.T.);
#3334 = EDGE_CURVE('',#2842,#3335,#3337,.T.);
#3335 = VERTEX_POINT('',#3336);
#3336 = CARTESIAN_POINT('',(0.35,-0.35,11.6684232809));
#3337 = B_SPLINE_CURVE_WITH_KNOTS('',5,(#3338,#3339,#3340,#3341,#3342,
    #3343),.UNSPECIFIED.,.F.,.F.,(6,6),(0.,1.97890730826),
  .PIECEWISE_BEZIER_KNOTS.);
#3338 = CARTESIAN_POINT('',(0.35,-1.34589200386,11.0198684154));
#3339 = CARTESIAN_POINT('',(0.35,-1.18184392388,11.2456744003));
#3340 = CARTESIAN_POINT('',(0.349966222297,-0.978491159267,11.4384700811
    ));
#3341 = CARTESIAN_POINT('',(0.350044667604,-0.694600525944,11.5833382157
    ));
#3342 = CARTESIAN_POINT('',(0.35,-0.494609734273,11.6373023389));
#3343 = CARTESIAN_POINT('',(0.35,-0.35,11.6684232809));
#3344 = ORIENTED_EDGE('',*,*,#3345,.T.);
#3345 = EDGE_CURVE('',#3335,#2670,#3346,.T.);
#3346 = B_SPLINE_CURVE_WITH_KNOTS('',5,(#3347,#3348,#3349,#3350,#3351,
    #3352,#3353,#3354,#3355,#3356,#3357,#3358),.UNSPECIFIED.,.F.,.F.,(6,
    3,3,6),(0.,0.52375856396,1.27990551472,1.97376786085),
  .UNSPECIFIED.);
#3347 = CARTESIAN_POINT('',(0.35,-0.35,11.6684232809));
#3348 = CARTESIAN_POINT('',(0.388273943626,-0.35,11.6601864829));
#3349 = CARTESIAN_POINT('',(0.430425043847,-0.35000022061,11.6499371934)
  );
#3350 = CARTESIAN_POINT('',(0.477047309062,-0.350000114217,11.6370715542
    ));
#3351 = CARTESIAN_POINT('',(0.602465879626,-0.349999835105,11.5968199166
    ));
#3352 = CARTESIAN_POINT('',(0.747900743279,-0.350000238058,11.5327503287
    ));
#3353 = CARTESIAN_POINT('',(0.837566766403,-0.349999818955,11.4848834257
    ));
#3354 = CARTESIAN_POINT('',(1.00371296386,-0.350000166132,11.3781684291)
  );
#3355 = CARTESIAN_POINT('',(1.15630526492,-0.349999847552,11.2440497497)
  );
#3356 = CARTESIAN_POINT('',(1.22512365364,-0.349999920423,11.1738582314)
  );
#3357 = CARTESIAN_POINT('',(1.28837198502,-0.35,11.0990425484));
#3358 = CARTESIAN_POINT('',(1.34589200386,-0.35,11.0198684154));
#3359 = ORIENTED_EDGE('',*,*,#2700,.F.);
#3360 = SPHERICAL_SURFACE('',#3361,1.7);
#3361 = AXIS2_PLACEMENT_3D('',#3362,#3363,#3364);
#3362 = CARTESIAN_POINT('',(1.11022302463E-15,0.,10.0420776842));
#3363 = DIRECTION('',(0.,0.,-1.));
#3364 = DIRECTION('',(1.,5.66553889765E-16,0.));
#3365 = ADVANCED_FACE('',(#3366),#3395,.F.);
#3366 = FACE_BOUND('',#3367,.F.);
#3367 = EDGE_LOOP('',(#3368,#3377,#3378,#3388));
#3368 = ORIENTED_EDGE('',*,*,#3369,.T.);
#3369 = EDGE_CURVE('',#3370,#3131,#3372,.T.);
#3370 = VERTEX_POINT('',#3371);
#3371 = CARTESIAN_POINT('',(-1.85466019058E-15,-4.8,0.819868415357));
#3372 = CIRCLE('',#3373,0.5);
#3373 = AXIS2_PLACEMENT_3D('',#3374,#3375,#3376);
#3374 = CARTESIAN_POINT('',(5.26598123633E-16,-4.3,0.819868415357));
#3375 = DIRECTION('',(1.,1.22464679915E-16,0.));
#3376 = DIRECTION('',(-1.22464679915E-16,1.,0.));
#3377 = ORIENTED_EDGE('',*,*,#3139,.F.);
#3378 = ORIENTED_EDGE('',*,*,#3379,.T.);
#3379 = EDGE_CURVE('',#3140,#3380,#3382,.T.);
#3380 = VERTEX_POINT('',#3381);
#3381 = CARTESIAN_POINT('',(0.35,-4.78722257682,0.819868415138));
#3382 = B_SPLINE_CURVE_WITH_KNOTS('',4,(#3383,#3384,#3385,#3386,#3387),
  .UNSPECIFIED.,.F.,.F.,(5,5),(0.,0.610361839549),
  .PIECEWISE_BEZIER_KNOTS.);
#3383 = CARTESIAN_POINT('',(0.35,-4.61173774189,0.439901311518));
#3384 = CARTESIAN_POINT('',(0.349996386967,-4.69405485454,0.510108068014
    ));
#3385 = CARTESIAN_POINT('',(0.35002723751,-4.75585457372,0.603520510948)
  );
#3386 = CARTESIAN_POINT('',(0.350000900707,-4.78722251097,0.712331191534
    ));
#3387 = CARTESIAN_POINT('',(0.35,-4.78722257682,0.819868415357));
#3388 = ORIENTED_EDGE('',*,*,#3389,.T.);
#3389 = EDGE_CURVE('',#3380,#3370,#3390,.T.);
#3390 = CIRCLE('',#3391,4.8);
#3391 = AXIS2_PLACEMENT_3D('',#3392,#3393,#3394);
#3392 = CARTESIAN_POINT('',(0.,0.,0.819868415357));
#3393 = DIRECTION('',(0.,0.,-1.));
#3394 = DIRECTION('',(-1.,0.,-0.));
#3395 = TOROIDAL_SURFACE('',#3396,4.3,0.5);
#3396 = AXIS2_PLACEMENT_3D('',#3397,#3398,#3399);
#3397 = CARTESIAN_POINT('',(0.,0.,0.819868415357));
#3398 = DIRECTION('',(0.,0.,-1.));
#3399 = DIRECTION('',(0.,1.,0.));
#3400 = ADVANCED_FACE('',(#3401),#3429,.F.);
#3401 = FACE_BOUND('',#3402,.F.);
#3402 = EDGE_LOOP('',(#3403,#3404,#3413,#3422));
#3403 = ORIENTED_EDGE('',*,*,#3369,.F.);
#3404 = ORIENTED_EDGE('',*,*,#3405,.T.);
#3405 = EDGE_CURVE('',#3370,#3406,#3408,.T.);
#3406 = VERTEX_POINT('',#3407);
#3407 = CARTESIAN_POINT('',(-0.35,-4.78722257682,0.819868415138));
#3408 = CIRCLE('',#3409,4.8);
#3409 = AXIS2_PLACEMENT_3D('',#3410,#3411,#3412);
#3410 = CARTESIAN_POINT('',(0.,0.,0.819868415357));
#3411 = DIRECTION('',(0.,0.,-1.));
#3412 = DIRECTION('',(-1.,0.,-0.));
#3413 = ORIENTED_EDGE('',*,*,#3414,.T.);
#3414 = EDGE_CURVE('',#3406,#3415,#3417,.T.);
#3415 = VERTEX_POINT('',#3416);
#3416 = CARTESIAN_POINT('',(-0.35,-4.61173774189,0.439901311518));
#3417 = B_SPLINE_CURVE_WITH_KNOTS('',3,(#3418,#3419,#3420,#3421),
  .UNSPECIFIED.,.F.,.F.,(4,4),(0.,0.611399826802),
  .PIECEWISE_BEZIER_KNOTS.);
#3418 = CARTESIAN_POINT('',(-0.35,-4.78722257682,0.819868415357));
#3419 = CARTESIAN_POINT('',(-0.35000984836,-4.78722185679,0.676081307798
    ));
#3420 = CARTESIAN_POINT('',(-0.350001791139,-4.72106952459,
    0.533148811473));
#3421 = CARTESIAN_POINT('',(-0.35,-4.61173774189,0.439901311518));
#3422 = ORIENTED_EDGE('',*,*,#3423,.F.);
#3423 = EDGE_CURVE('',#3131,#3415,#3424,.T.);
#3424 = B_SPLINE_CURVE_WITH_KNOTS('',3,(#3425,#3426,#3427,#3428),
  .UNSPECIFIED.,.F.,.F.,(4,4),(0.,0.478357600296),
  .PIECEWISE_BEZIER_KNOTS.);
#3425 = CARTESIAN_POINT('',(5.82867087928E-16,-4.625,0.439901311518));
#3426 = CARTESIAN_POINT('',(-0.116778309214,-4.625,0.439901311518));
#3427 = CARTESIAN_POINT('',(-0.23355655437,-4.62057501935,0.439901311518
    ));
#3428 = CARTESIAN_POINT('',(-0.35,-4.61173774189,0.439901311518));
#3429 = TOROIDAL_SURFACE('',#3430,4.3,0.5);
#3430 = AXIS2_PLACEMENT_3D('',#3431,#3432,#3433);
#3431 = CARTESIAN_POINT('',(0.,0.,0.819868415357));
#3432 = DIRECTION('',(0.,0.,-1.));
#3433 = DIRECTION('',(1.22464679915E-16,-1.,0.));
#3434 = ADVANCED_FACE('',(#3435),#3459,.F.);
#3435 = FACE_BOUND('',#3436,.F.);
#3436 = EDGE_LOOP('',(#3437,#3443,#3444,#3452));
#3437 = ORIENTED_EDGE('',*,*,#3438,.T.);
#3438 = EDGE_CURVE('',#84,#3370,#3439,.T.);
#3439 = LINE('',#3440,#3441);
#3440 = CARTESIAN_POINT('',(-1.85466019058E-15,-4.8,81.5030760523));
#3441 = VECTOR('',#3442,1.);
#3442 = DIRECTION('',(0.,0.,-1.));
#3443 = ORIENTED_EDGE('',*,*,#3389,.F.);
#3444 = ORIENTED_EDGE('',*,*,#3445,.F.);
#3445 = EDGE_CURVE('',#3446,#3380,#3448,.T.);
#3446 = VERTEX_POINT('',#3447);
#3447 = CARTESIAN_POINT('',(0.35,-4.78722257682,2.01986841536));
#3448 = LINE('',#3449,#3450);
#3449 = CARTESIAN_POINT('',(0.35,-4.78722257682,81.5030760523));
#3450 = VECTOR('',#3451,1.);
#3451 = DIRECTION('',(0.,0.,-1.));
#3452 = ORIENTED_EDGE('',*,*,#3453,.T.);
#3453 = EDGE_CURVE('',#3446,#84,#3454,.T.);
#3454 = B_SPLINE_CURVE_WITH_KNOTS('',3,(#3455,#3456,#3457,#3458),
  .UNSPECIFIED.,.F.,.F.,(4,4),(-0.175155446714,0.175155446714),
  .PIECEWISE_BEZIER_KNOTS.);
#3455 = CARTESIAN_POINT('',(0.35,-4.78722257682,2.01986841626));
#3456 = CARTESIAN_POINT('',(0.233540540422,-4.7957370777,2.01986841596)
  );
#3457 = CARTESIAN_POINT('',(0.11677029781,-4.8,2.01986841566));
#3458 = CARTESIAN_POINT('',(-1.88737914186E-15,-4.8,2.01986841536));
#3459 = CYLINDRICAL_SURFACE('',#3460,4.8);
#3460 = AXIS2_PLACEMENT_3D('',#3461,#3462,#3463);
#3461 = CARTESIAN_POINT('',(-2.44249065418E-15,0.,81.5030760518));
#3462 = DIRECTION('',(0.,0.,-1.));
#3463 = DIRECTION('',(0.,1.,0.));
#3464 = ADVANCED_FACE('',(#3465),#3523,.F.);
#3465 = FACE_BOUND('',#3466,.F.);
#3466 = EDGE_LOOP('',(#3467,#3477,#3488,#3497,#3505,#3514));
#3467 = ORIENTED_EDGE('',*,*,#3468,.T.);
#3468 = EDGE_CURVE('',#3469,#3471,#3473,.T.);
#3469 = VERTEX_POINT('',#3470);
#3470 = CARTESIAN_POINT('',(1.33647319192E-15,9.09999999814,
    -0.699999993168));
#3471 = VERTEX_POINT('',#3472);
#3472 = CARTESIAN_POINT('',(-1.32806206695E-15,9.1,-0.4));
#3473 = LINE('',#3474,#3475);
#3474 = CARTESIAN_POINT('',(-1.32806206695E-15,9.1,81.5030760523));
#3475 = VECTOR('',#3476,1.);
#3476 = DIRECTION('',(0.,0.,1.));
#3477 = ORIENTED_EDGE('',*,*,#3478,.F.);
#3478 = EDGE_CURVE('',#3479,#3471,#3481,.T.);
#3479 = VERTEX_POINT('',#3480);
#3480 = CARTESIAN_POINT('',(9.1,1.46339161121E-15,-0.400000000829));
#3481 = B_SPLINE_CURVE_WITH_KNOTS('',5,(#3482,#3483,#3484,#3485,#3486,
    #3487),.UNSPECIFIED.,.F.,.F.,(6,6),(-7.14712328692,7.14712328692),
  .PIECEWISE_BEZIER_KNOTS.);
#3482 = CARTESIAN_POINT('',(9.1,2.6645352591E-15,-0.400000000829));
#3483 = CARTESIAN_POINT('',(9.1,2.85884931477,-0.400000000663));
#3484 = CARTESIAN_POINT('',(7.98056346318,5.7203659546,-0.400000000497)
  );
#3485 = CARTESIAN_POINT('',(5.7203659546,7.98056346318,-0.400000000332)
  );
#3486 = CARTESIAN_POINT('',(2.85884931477,9.1,-0.400000000166));
#3487 = CARTESIAN_POINT('',(-8.881784197E-16,9.1,-0.4));
#3488 = ORIENTED_EDGE('',*,*,#3489,.F.);
#3489 = EDGE_CURVE('',#3490,#3479,#3492,.T.);
#3490 = VERTEX_POINT('',#3491);
#3491 = CARTESIAN_POINT('',(-2.44249065418E-15,-9.1,-0.400000000829));
#3492 = CIRCLE('',#3493,9.1);
#3493 = AXIS2_PLACEMENT_3D('',#3494,#3495,#3496);
#3494 = CARTESIAN_POINT('',(-2.44249065418E-15,0.,-0.400000000829));
#3495 = DIRECTION('',(-0.,0.,1.));
#3496 = DIRECTION('',(1.,0.,0.));
#3497 = ORIENTED_EDGE('',*,*,#3498,.F.);
#3498 = EDGE_CURVE('',#3499,#3490,#3501,.T.);
#3499 = VERTEX_POINT('',#3500);
#3500 = CARTESIAN_POINT('',(2.22044604925E-16,-9.09999999814,
    -0.699999993168));
#3501 = LINE('',#3502,#3503);
#3502 = CARTESIAN_POINT('',(-2.44249065418E-15,-9.1,81.5030760523));
#3503 = VECTOR('',#3504,1.);
#3504 = DIRECTION('',(0.,0.,1.));
#3505 = ORIENTED_EDGE('',*,*,#3506,.T.);
#3506 = EDGE_CURVE('',#3499,#3507,#3509,.T.);
#3507 = VERTEX_POINT('',#3508);
#3508 = CARTESIAN_POINT('',(9.09999999814,-5.57214293498E-16,
    -0.699999993168));
#3509 = CIRCLE('',#3510,9.1);
#3510 = AXIS2_PLACEMENT_3D('',#3511,#3512,#3513);
#3511 = CARTESIAN_POINT('',(-2.44249065418E-15,0.,-0.699999999711));
#3512 = DIRECTION('',(-0.,0.,1.));
#3513 = DIRECTION('',(1.,0.,0.));
#3514 = ORIENTED_EDGE('',*,*,#3515,.T.);
#3515 = EDGE_CURVE('',#3507,#3469,#3516,.T.);
#3516 = B_SPLINE_CURVE_WITH_KNOTS('',5,(#3517,#3518,#3519,#3520,#3521,
    #3522),.UNSPECIFIED.,.F.,.F.,(6,6),(-7.14712328692,7.14712328692),
  .PIECEWISE_BEZIER_KNOTS.);
#3517 = CARTESIAN_POINT('',(9.1,2.6645352591E-15,-0.699999999711));
#3518 = CARTESIAN_POINT('',(9.1,2.85884931477,-0.699999999769));
#3519 = CARTESIAN_POINT('',(7.98056346318,5.7203659546,-0.699999999827)
  );
#3520 = CARTESIAN_POINT('',(5.7203659546,7.98056346318,-0.699999999885)
  );
#3521 = CARTESIAN_POINT('',(2.85884931477,9.1,-0.699999999942));
#3522 = CARTESIAN_POINT('',(-8.881784197E-16,9.1,-0.7));
#3523 = CYLINDRICAL_SURFACE('',#3524,9.1);
#3524 = AXIS2_PLACEMENT_3D('',#3525,#3526,#3527);
#3525 = CARTESIAN_POINT('',(-2.44249065418E-15,0.,81.5030760518));
#3526 = DIRECTION('',(-0.,0.,1.));
#3527 = DIRECTION('',(0.,-1.,0.));
#3528 = ADVANCED_FACE('',(#3529),#3569,.F.);
#3529 = FACE_BOUND('',#3530,.F.);
#3530 = EDGE_LOOP('',(#3531,#3532,#3541,#3550,#3551,#3562));
#3531 = ORIENTED_EDGE('',*,*,#3498,.T.);
#3532 = ORIENTED_EDGE('',*,*,#3533,.F.);
#3533 = EDGE_CURVE('',#3534,#3490,#3536,.T.);
#3534 = VERTEX_POINT('',#3535);
#3535 = CARTESIAN_POINT('',(-9.1,1.67164288084E-15,-0.400000000829));
#3536 = CIRCLE('',#3537,9.1);
#3537 = AXIS2_PLACEMENT_3D('',#3538,#3539,#3540);
#3538 = CARTESIAN_POINT('',(-2.44249065418E-15,0.,-0.400000000829));
#3539 = DIRECTION('',(-0.,0.,1.));
#3540 = DIRECTION('',(1.,0.,0.));
#3541 = ORIENTED_EDGE('',*,*,#3542,.F.);
#3542 = EDGE_CURVE('',#3471,#3534,#3543,.T.);
#3543 = B_SPLINE_CURVE_WITH_KNOTS('',5,(#3544,#3545,#3546,#3547,#3548,
    #3549),.UNSPECIFIED.,.F.,.F.,(6,6),(-7.14712328692,7.14712328692),
  .PIECEWISE_BEZIER_KNOTS.);
#3544 = CARTESIAN_POINT('',(5.3290705182E-15,9.1,-0.4));
#3545 = CARTESIAN_POINT('',(-2.85884931477,9.1,-0.400000000166));
#3546 = CARTESIAN_POINT('',(-5.7203659546,7.98056346318,-0.400000000332)
  );
#3547 = CARTESIAN_POINT('',(-7.98056346318,5.7203659546,-0.400000000497)
  );
#3548 = CARTESIAN_POINT('',(-9.1,2.85884931477,-0.400000000663));
#3549 = CARTESIAN_POINT('',(-9.1,1.7763568394E-15,-0.400000000829));
#3550 = ORIENTED_EDGE('',*,*,#3468,.F.);
#3551 = ORIENTED_EDGE('',*,*,#3552,.T.);
#3552 = EDGE_CURVE('',#3469,#3553,#3555,.T.);
#3553 = VERTEX_POINT('',#3554);
#3554 = CARTESIAN_POINT('',(-9.09999999814,-6.41078073712E-15,
    -0.699999993168));
#3555 = B_SPLINE_CURVE_WITH_KNOTS('',5,(#3556,#3557,#3558,#3559,#3560,
    #3561),.UNSPECIFIED.,.F.,.F.,(6,6),(-7.14712328692,7.14712328692),
  .PIECEWISE_BEZIER_KNOTS.);
#3556 = CARTESIAN_POINT('',(5.3290705182E-15,9.1,-0.7));
#3557 = CARTESIAN_POINT('',(-2.85884931477,9.1,-0.699999999942));
#3558 = CARTESIAN_POINT('',(-5.7203659546,7.98056346318,-0.699999999885)
  );
#3559 = CARTESIAN_POINT('',(-7.98056346318,5.7203659546,-0.699999999827)
  );
#3560 = CARTESIAN_POINT('',(-9.1,2.85884931477,-0.699999999769));
#3561 = CARTESIAN_POINT('',(-9.1,1.7763568394E-15,-0.699999999711));
#3562 = ORIENTED_EDGE('',*,*,#3563,.T.);
#3563 = EDGE_CURVE('',#3553,#3499,#3564,.T.);
#3564 = CIRCLE('',#3565,9.1);
#3565 = AXIS2_PLACEMENT_3D('',#3566,#3567,#3568);
#3566 = CARTESIAN_POINT('',(-2.44249065418E-15,0.,-0.699999999711));
#3567 = DIRECTION('',(-0.,0.,1.));
#3568 = DIRECTION('',(1.,0.,0.));
#3569 = CYLINDRICAL_SURFACE('',#3570,9.1);
#3570 = AXIS2_PLACEMENT_3D('',#3571,#3572,#3573);
#3571 = CARTESIAN_POINT('',(-2.44249065418E-15,0.,81.5030760518));
#3572 = DIRECTION('',(-0.,0.,1.));
#3573 = DIRECTION('',(1.22464679915E-16,1.,0.));
#3574 = ADVANCED_FACE('',(#3575),#3611,.F.);
#3575 = FACE_BOUND('',#3576,.F.);
#3576 = EDGE_LOOP('',(#3577,#3585,#3594,#3603,#3609,#3610));
#3577 = ORIENTED_EDGE('',*,*,#3578,.F.);
#3578 = EDGE_CURVE('',#3579,#3499,#3581,.T.);
#3579 = VERTEX_POINT('',#3580);
#3580 = CARTESIAN_POINT('',(5.55111512313E-17,-4.51680511343,-1.95));
#3581 = LINE('',#3582,#3583);
#3582 = CARTESIAN_POINT('',(2.22044604925E-16,-4.82383160014E+05,
    1.31559836587E+05));
#3583 = VECTOR('',#3584,1.);
#3584 = DIRECTION('',(-7.432267526083E-34,-0.964761803223,0.263124805066
    ));
#3585 = ORIENTED_EDGE('',*,*,#3586,.T.);
#3586 = EDGE_CURVE('',#3579,#3587,#3589,.T.);
#3587 = VERTEX_POINT('',#3588);
#3588 = CARTESIAN_POINT('',(4.51680511343,-2.76574546227E-16,-1.95));
#3589 = CIRCLE('',#3590,4.51680511343);
#3590 = AXIS2_PLACEMENT_3D('',#3591,#3592,#3593);
#3591 = CARTESIAN_POINT('',(2.22044604925E-16,0.,-1.95));
#3592 = DIRECTION('',(0.,-1.39989553393E-17,1.));
#3593 = DIRECTION('',(0.,1.,1.39989553393E-17));
#3594 = ORIENTED_EDGE('',*,*,#3595,.T.);
#3595 = EDGE_CURVE('',#3587,#3596,#3598,.T.);
#3596 = VERTEX_POINT('',#3597);
#3597 = CARTESIAN_POINT('',(6.08660243684E-16,4.51680511343,-1.95));
#3598 = CIRCLE('',#3599,4.51680511343);
#3599 = AXIS2_PLACEMENT_3D('',#3600,#3601,#3602);
#3600 = CARTESIAN_POINT('',(2.22044604925E-16,0.,-1.95));
#3601 = DIRECTION('',(0.,-1.39989553393E-17,1.));
#3602 = DIRECTION('',(0.,1.,1.39989553393E-17));
#3603 = ORIENTED_EDGE('',*,*,#3604,.T.);
#3604 = EDGE_CURVE('',#3596,#3469,#3605,.T.);
#3605 = LINE('',#3606,#3607);
#3606 = CARTESIAN_POINT('',(5.9075121332E-11,4.82383160014E+05,
    1.31559836587E+05));
#3607 = VECTOR('',#3608,1.);
#3608 = DIRECTION('',(1.181492454261E-16,0.964761803223,0.263124805066)
  );
#3609 = ORIENTED_EDGE('',*,*,#3515,.F.);
#3610 = ORIENTED_EDGE('',*,*,#3506,.F.);
#3611 = CONICAL_SURFACE('',#3612,4.51680511343,1.30453660812);
#3612 = AXIS2_PLACEMENT_3D('',#3613,#3614,#3615);
#3613 = CARTESIAN_POINT('',(2.22044604925E-16,0.,-1.95));
#3614 = DIRECTION('',(0.,0.,1.));
#3615 = DIRECTION('',(-7.70371454808E-34,-1.,0.));
#3616 = ADVANCED_FACE('',(#3617),#3639,.F.);
#3617 = FACE_BOUND('',#3618,.F.);
#3618 = EDGE_LOOP('',(#3619,#3620,#3629,#3636,#3637,#3638));
#3619 = ORIENTED_EDGE('',*,*,#3604,.F.);
#3620 = ORIENTED_EDGE('',*,*,#3621,.T.);
#3621 = EDGE_CURVE('',#3596,#3622,#3624,.T.);
#3622 = VERTEX_POINT('',#3623);
#3623 = CARTESIAN_POINT('',(-4.51680511343,8.2972363868E-16,-1.95));
#3624 = CIRCLE('',#3625,4.51680511343);
#3625 = AXIS2_PLACEMENT_3D('',#3626,#3627,#3628);
#3626 = CARTESIAN_POINT('',(2.22044604925E-16,0.,-1.95));
#3627 = DIRECTION('',(0.,-1.39989553393E-17,1.));
#3628 = DIRECTION('',(0.,1.,1.39989553393E-17));
#3629 = ORIENTED_EDGE('',*,*,#3630,.T.);
#3630 = EDGE_CURVE('',#3622,#3579,#3631,.T.);
#3631 = CIRCLE('',#3632,4.51680511343);
#3632 = AXIS2_PLACEMENT_3D('',#3633,#3634,#3635);
#3633 = CARTESIAN_POINT('',(2.22044604925E-16,0.,-1.95));
#3634 = DIRECTION('',(0.,-1.39989553393E-17,1.));
#3635 = DIRECTION('',(0.,1.,1.39989553393E-17));
#3636 = ORIENTED_EDGE('',*,*,#3578,.T.);
#3637 = ORIENTED_EDGE('',*,*,#3563,.F.);
#3638 = ORIENTED_EDGE('',*,*,#3552,.F.);
#3639 = CONICAL_SURFACE('',#3640,4.51680511343,1.30453660812);
#3640 = AXIS2_PLACEMENT_3D('',#3641,#3642,#3643);
#3641 = CARTESIAN_POINT('',(2.22044604925E-16,0.,-1.95));
#3642 = DIRECTION('',(0.,0.,1.));
#3643 = DIRECTION('',(1.22464679915E-16,1.,-0.));
#3644 = ADVANCED_FACE('',(#3645),#3674,.T.);
#3645 = FACE_BOUND('',#3646,.T.);
#3646 = EDGE_LOOP('',(#3647,#3656,#3665,#3672,#3673));
#3647 = ORIENTED_EDGE('',*,*,#3648,.T.);
#3648 = EDGE_CURVE('',#3596,#3649,#3651,.T.);
#3649 = VERTEX_POINT('',#3650);
#3650 = CARTESIAN_POINT('',(6.0233067121E-16,4.46512023189,
    -2.10222060895));
#3651 = CIRCLE('',#3652,0.25);
#3652 = AXIS2_PLACEMENT_3D('',#3653,#3654,#3655);
#3653 = CARTESIAN_POINT('',(6.32946841189E-16,4.71512023189,
    -2.10222060895));
#3654 = DIRECTION('',(1.,-1.22464679915E-16,0.));
#3655 = DIRECTION('',(1.22464679915E-16,1.,0.));
#3656 = ORIENTED_EDGE('',*,*,#3657,.F.);
#3657 = EDGE_CURVE('',#3658,#3649,#3660,.T.);
#3658 = VERTEX_POINT('',#3659);
#3659 = CARTESIAN_POINT('',(5.55111512313E-17,-4.46512023189,
    -2.10222060895));
#3660 = CIRCLE('',#3661,4.46512023189);
#3661 = AXIS2_PLACEMENT_3D('',#3662,#3663,#3664);
#3662 = CARTESIAN_POINT('',(5.55111512313E-17,0.,-2.10222060895));
#3663 = DIRECTION('',(-0.,0.,1.));
#3664 = DIRECTION('',(1.,0.,0.));
#3665 = ORIENTED_EDGE('',*,*,#3666,.F.);
#3666 = EDGE_CURVE('',#3579,#3658,#3667,.T.);
#3667 = CIRCLE('',#3668,0.25);
#3668 = AXIS2_PLACEMENT_3D('',#3669,#3670,#3671);
#3669 = CARTESIAN_POINT('',(5.55111512313E-17,-4.71512023189,
    -2.10222060895));
#3670 = DIRECTION('',(-1.,0.,0.));
#3671 = DIRECTION('',(0.,0.,-1.));
#3672 = ORIENTED_EDGE('',*,*,#3586,.T.);
#3673 = ORIENTED_EDGE('',*,*,#3595,.T.);
#3674 = TOROIDAL_SURFACE('',#3675,4.71512023189,0.25);
#3675 = AXIS2_PLACEMENT_3D('',#3676,#3677,#3678);
#3676 = CARTESIAN_POINT('',(5.55111512313E-17,0.,-2.10222060895));
#3677 = DIRECTION('',(0.,0.,1.));
#3678 = DIRECTION('',(0.,-1.,0.));
#3679 = ADVANCED_FACE('',(#3680),#3693,.T.);
#3680 = FACE_BOUND('',#3681,.T.);
#3681 = EDGE_LOOP('',(#3682,#3683,#3690,#3691,#3692));
#3682 = ORIENTED_EDGE('',*,*,#3666,.T.);
#3683 = ORIENTED_EDGE('',*,*,#3684,.F.);
#3684 = EDGE_CURVE('',#3649,#3658,#3685,.T.);
#3685 = CIRCLE('',#3686,4.46512023189);
#3686 = AXIS2_PLACEMENT_3D('',#3687,#3688,#3689);
#3687 = CARTESIAN_POINT('',(5.55111512313E-17,0.,-2.10222060895));
#3688 = DIRECTION('',(-0.,0.,1.));
#3689 = DIRECTION('',(1.,0.,0.));
#3690 = ORIENTED_EDGE('',*,*,#3648,.F.);
#3691 = ORIENTED_EDGE('',*,*,#3621,.T.);
#3692 = ORIENTED_EDGE('',*,*,#3630,.T.);
#3693 = TOROIDAL_SURFACE('',#3694,4.71512023189,0.25);
#3694 = AXIS2_PLACEMENT_3D('',#3695,#3696,#3697);
#3695 = CARTESIAN_POINT('',(5.55111512313E-17,0.,-2.10222060895));
#3696 = DIRECTION('',(0.,0.,1.));
#3697 = DIRECTION('',(1.22464679915E-16,1.,-0.));
#3698 = ADVANCED_FACE('',(#3699),#3753,.F.);
#3699 = FACE_BOUND('',#3700,.F.);
#3700 = EDGE_LOOP('',(#3701,#3711,#3720,#3729,#3737,#3746));
#3701 = ORIENTED_EDGE('',*,*,#3702,.F.);
#3702 = EDGE_CURVE('',#3703,#3705,#3707,.T.);
#3703 = VERTEX_POINT('',#3704);
#3704 = CARTESIAN_POINT('',(0.,4.68590992033,-2.35050825721));
#3705 = VERTEX_POINT('',#3706);
#3706 = CARTESIAN_POINT('',(8.93070716852E-16,6.38590992059,
    -2.55050826213));
#3707 = LINE('',#3708,#3709);
#3708 = CARTESIAN_POINT('',(0.,4.96578495019E+05,-5.8422799475E+04));
#3709 = VECTOR('',#3710,1.);
#3710 = DIRECTION('',(0.,0.993150604129,-0.116841249217));
#3711 = ORIENTED_EDGE('',*,*,#3712,.T.);
#3712 = EDGE_CURVE('',#3703,#3713,#3715,.T.);
#3713 = VERTEX_POINT('',#3714);
#3714 = CARTESIAN_POINT('',(4.68590992033,2.86929229251E-16,
    -2.35050825721));
#3715 = CIRCLE('',#3716,4.68590992033);
#3716 = AXIS2_PLACEMENT_3D('',#3717,#3718,#3719);
#3717 = CARTESIAN_POINT('',(0.,0.,-2.35050825721));
#3718 = DIRECTION('',(0.,-9.89069735089E-18,-1.));
#3719 = DIRECTION('',(0.,-1.,9.89069735089E-18));
#3720 = ORIENTED_EDGE('',*,*,#3721,.T.);
#3721 = EDGE_CURVE('',#3713,#3722,#3724,.T.);
#3722 = VERTEX_POINT('',#3723);
#3723 = CARTESIAN_POINT('',(5.73858458502E-16,-4.68590992033,
    -2.35050825721));
#3724 = CIRCLE('',#3725,4.68590992033);
#3725 = AXIS2_PLACEMENT_3D('',#3726,#3727,#3728);
#3726 = CARTESIAN_POINT('',(0.,0.,-2.35050825721));
#3727 = DIRECTION('',(0.,-9.89069735089E-18,-1.));
#3728 = DIRECTION('',(0.,-1.,9.89069735089E-18));
#3729 = ORIENTED_EDGE('',*,*,#3730,.T.);
#3730 = EDGE_CURVE('',#3722,#3731,#3733,.T.);
#3731 = VERTEX_POINT('',#3732);
#3732 = CARTESIAN_POINT('',(1.11022302463E-16,-6.38590992059,
    -2.55050826213));
#3733 = LINE('',#3734,#3735);
#3734 = CARTESIAN_POINT('',(6.08133264451E-11,-4.96578495019E+05,
    -5.8422799475E+04));
#3735 = VECTOR('',#3736,1.);
#3736 = DIRECTION('',(1.21625870842E-16,-0.993150604129,-0.116841249217)
  );
#3737 = ORIENTED_EDGE('',*,*,#3738,.F.);
#3738 = EDGE_CURVE('',#3739,#3731,#3741,.T.);
#3739 = VERTEX_POINT('',#3740);
#3740 = CARTESIAN_POINT('',(6.38590992059,-3.226937898E-15,
    -2.55050826213));
#3741 = CIRCLE('',#3742,6.38590992);
#3742 = AXIS2_PLACEMENT_3D('',#3743,#3744,#3745);
#3743 = CARTESIAN_POINT('',(0.,0.,-2.55050826003));
#3744 = DIRECTION('',(0.,-9.89069735089E-18,-1.));
#3745 = DIRECTION('',(0.,-1.,9.89069735089E-18));
#3746 = ORIENTED_EDGE('',*,*,#3747,.F.);
#3747 = EDGE_CURVE('',#3705,#3739,#3748,.T.);
#3748 = CIRCLE('',#3749,6.38590992);
#3749 = AXIS2_PLACEMENT_3D('',#3750,#3751,#3752);
#3750 = CARTESIAN_POINT('',(0.,0.,-2.55050826003));
#3751 = DIRECTION('',(0.,-9.89069735089E-18,-1.));
#3752 = DIRECTION('',(0.,-1.,9.89069735089E-18));
#3753 = CONICAL_SURFACE('',#3754,6.38590992,1.45368758057);
#3754 = AXIS2_PLACEMENT_3D('',#3755,#3756,#3757);
#3755 = CARTESIAN_POINT('',(0.,0.,-2.55050826003));
#3756 = DIRECTION('',(0.,0.,-1.));
#3757 = DIRECTION('',(0.,1.,0.));
#3758 = ADVANCED_FACE('',(#3759),#3795,.F.);
#3759 = FACE_BOUND('',#3760,.F.);
#3760 = EDGE_LOOP('',(#3761,#3762,#3771,#3778,#3779,#3788));
#3761 = ORIENTED_EDGE('',*,*,#3730,.F.);
#3762 = ORIENTED_EDGE('',*,*,#3763,.T.);
#3763 = EDGE_CURVE('',#3722,#3764,#3766,.T.);
#3764 = VERTEX_POINT('',#3765);
#3765 = CARTESIAN_POINT('',(-4.68590992033,-9.18463582354E-15,
    -2.35050825721));
#3766 = CIRCLE('',#3767,4.68590992033);
#3767 = AXIS2_PLACEMENT_3D('',#3768,#3769,#3770);
#3768 = CARTESIAN_POINT('',(0.,0.,-2.35050825721));
#3769 = DIRECTION('',(0.,-9.89069735089E-18,-1.));
#3770 = DIRECTION('',(0.,-1.,9.89069735089E-18));
#3771 = ORIENTED_EDGE('',*,*,#3772,.T.);
#3772 = EDGE_CURVE('',#3764,#3703,#3773,.T.);
#3773 = CIRCLE('',#3774,4.68590992033);
#3774 = AXIS2_PLACEMENT_3D('',#3775,#3776,#3777);
#3775 = CARTESIAN_POINT('',(0.,0.,-2.35050825721));
#3776 = DIRECTION('',(0.,-9.89069735089E-18,-1.));
#3777 = DIRECTION('',(0.,-1.,9.89069735089E-18));
#3778 = ORIENTED_EDGE('',*,*,#3702,.T.);
#3779 = ORIENTED_EDGE('',*,*,#3780,.F.);
#3780 = EDGE_CURVE('',#3781,#3705,#3783,.T.);
#3781 = VERTEX_POINT('',#3782);
#3782 = CARTESIAN_POINT('',(-6.38590992059,1.17307262158E-15,
    -2.55050826213));
#3783 = CIRCLE('',#3784,6.38590992);
#3784 = AXIS2_PLACEMENT_3D('',#3785,#3786,#3787);
#3785 = CARTESIAN_POINT('',(0.,0.,-2.55050826003));
#3786 = DIRECTION('',(0.,-9.89069735089E-18,-1.));
#3787 = DIRECTION('',(0.,-1.,9.89069735089E-18));
#3788 = ORIENTED_EDGE('',*,*,#3789,.F.);
#3789 = EDGE_CURVE('',#3731,#3781,#3790,.T.);
#3790 = CIRCLE('',#3791,6.38590992);
#3791 = AXIS2_PLACEMENT_3D('',#3792,#3793,#3794);
#3792 = CARTESIAN_POINT('',(0.,0.,-2.55050826003));
#3793 = DIRECTION('',(0.,-9.89069735089E-18,-1.));
#3794 = DIRECTION('',(0.,-1.,9.89069735089E-18));
#3795 = CONICAL_SURFACE('',#3796,6.38590992,1.45368758057);
#3796 = AXIS2_PLACEMENT_3D('',#3797,#3798,#3799);
#3797 = CARTESIAN_POINT('',(0.,0.,-2.55050826003));
#3798 = DIRECTION('',(0.,0.,-1.));
#3799 = DIRECTION('',(1.22464679915E-16,-1.,0.));
#3800 = ADVANCED_FACE('',(#3801),#3837,.T.);
#3801 = FACE_BOUND('',#3802,.T.);
#3802 = EDGE_LOOP('',(#3803,#3811,#3812,#3813,#3821,#3830));
#3803 = ORIENTED_EDGE('',*,*,#3804,.F.);
#3804 = EDGE_CURVE('',#3731,#3805,#3807,.T.);
#3805 = VERTEX_POINT('',#3806);
#3806 = CARTESIAN_POINT('',(-1.79942670421E-15,-7.8,-2.15050826003));
#3807 = LINE('',#3808,#3809);
#3808 = CARTESIAN_POINT('',(1.11022302463E-16,-4.81126011927E+05,
    1.36090513304E+05));
#3809 = VECTOR('',#3810,1.);
#3810 = DIRECTION('',(0.,-0.962244223854,0.27218753399));
#3811 = ORIENTED_EDGE('',*,*,#3738,.F.);
#3812 = ORIENTED_EDGE('',*,*,#3747,.F.);
#3813 = ORIENTED_EDGE('',*,*,#3814,.T.);
#3814 = EDGE_CURVE('',#3705,#3815,#3817,.T.);
#3815 = VERTEX_POINT('',#3816);
#3816 = CARTESIAN_POINT('',(1.0662468058E-15,7.8,-2.15050826003));
#3817 = LINE('',#3818,#3819);
#3818 = CARTESIAN_POINT('',(5.89210540716E-11,4.81126011927E+05,
    1.36090513304E+05));
#3819 = VECTOR('',#3820,1.);
#3820 = DIRECTION('',(1.17840930874E-16,0.962244223854,0.27218753399));
#3821 = ORIENTED_EDGE('',*,*,#3822,.F.);
#3822 = EDGE_CURVE('',#3823,#3815,#3825,.T.);
#3823 = VERTEX_POINT('',#3824);
#3824 = CARTESIAN_POINT('',(7.8,-3.9415080885E-15,-2.15050826003));
#3825 = CIRCLE('',#3826,7.8);
#3826 = AXIS2_PLACEMENT_3D('',#3827,#3828,#3829);
#3827 = CARTESIAN_POINT('',(1.11022302463E-16,0.,-2.15050826003));
#3828 = DIRECTION('',(0.,-3.42731525923E-18,1.));
#3829 = DIRECTION('',(0.,1.,3.42731525923E-18));
#3830 = ORIENTED_EDGE('',*,*,#3831,.F.);
#3831 = EDGE_CURVE('',#3805,#3823,#3832,.T.);
#3832 = CIRCLE('',#3833,7.8);
#3833 = AXIS2_PLACEMENT_3D('',#3834,#3835,#3836);
#3834 = CARTESIAN_POINT('',(1.11022302463E-16,0.,-2.15050826003));
#3835 = DIRECTION('',(0.,-3.42731525923E-18,1.));
#3836 = DIRECTION('',(0.,1.,3.42731525923E-18));
#3837 = CONICAL_SURFACE('',#3838,7.8,1.29513065714);
#3838 = AXIS2_PLACEMENT_3D('',#3839,#3840,#3841);
#3839 = CARTESIAN_POINT('',(1.11022302463E-16,0.,-2.15050826003));
#3840 = DIRECTION('',(0.,0.,1.));
#3841 = DIRECTION('',(0.,-1.,0.));
#3842 = ADVANCED_FACE('',(#3843),#3865,.T.);
#3843 = FACE_BOUND('',#3844,.T.);
#3844 = EDGE_LOOP('',(#3845,#3846,#3847,#3848,#3849,#3858));
#3845 = ORIENTED_EDGE('',*,*,#3814,.F.);
#3846 = ORIENTED_EDGE('',*,*,#3780,.F.);
#3847 = ORIENTED_EDGE('',*,*,#3789,.F.);
#3848 = ORIENTED_EDGE('',*,*,#3804,.T.);
#3849 = ORIENTED_EDGE('',*,*,#3850,.F.);
#3850 = EDGE_CURVE('',#3851,#3805,#3853,.T.);
#3851 = VERTEX_POINT('',#3852);
#3852 = CARTESIAN_POINT('',(-7.8,1.432836755E-15,-2.15050826003));
#3853 = CIRCLE('',#3854,7.8);
#3854 = AXIS2_PLACEMENT_3D('',#3855,#3856,#3857);
#3855 = CARTESIAN_POINT('',(1.11022302463E-16,0.,-2.15050826003));
#3856 = DIRECTION('',(0.,-3.42731525923E-18,1.));
#3857 = DIRECTION('',(0.,1.,3.42731525923E-18));
#3858 = ORIENTED_EDGE('',*,*,#3859,.F.);
#3859 = EDGE_CURVE('',#3815,#3851,#3860,.T.);
#3860 = CIRCLE('',#3861,7.8);
#3861 = AXIS2_PLACEMENT_3D('',#3862,#3863,#3864);
#3862 = CARTESIAN_POINT('',(1.11022302463E-16,0.,-2.15050826003));
#3863 = DIRECTION('',(0.,-3.42731525923E-18,1.));
#3864 = DIRECTION('',(0.,1.,3.42731525923E-18));
#3865 = CONICAL_SURFACE('',#3866,7.8,1.29513065714);
#3866 = AXIS2_PLACEMENT_3D('',#3867,#3868,#3869);
#3867 = CARTESIAN_POINT('',(1.11022302463E-16,0.,-2.15050826003));
#3868 = DIRECTION('',(0.,0.,1.));
#3869 = DIRECTION('',(1.22464679915E-16,1.,-0.));
#3870 = ADVANCED_FACE('',(#3871,#3953),#3959,.T.);
#3871 = FACE_BOUND('',#3872,.T.);
#3872 = EDGE_LOOP('',(#3873,#3895,#3915,#3935));
#3873 = ORIENTED_EDGE('',*,*,#3874,.F.);
#3874 = EDGE_CURVE('',#3875,#3877,#3879,.T.);
#3875 = VERTEX_POINT('',#3876);
#3876 = CARTESIAN_POINT('',(-2.44249065418E-15,-8.,-2.15050826081));
#3877 = VERTEX_POINT('',#3878);
#3878 = CARTESIAN_POINT('',(8.,-4.89858719659E-16,-2.15050826081));
#3879 = B_SPLINE_CURVE_WITH_KNOTS('',5,(#3880,#3881,#3882,#3883,#3884,
    #3885,#3886,#3887,#3888,#3889,#3890,#3891,#3892,#3893,#3894),
  .UNSPECIFIED.,.F.,.F.,(6,3,3,3,6),(17.7712980724,23.5147899513,
    29.3934874293,35.2721849091,35.5425929006),.UNSPECIFIED.);
#3880 = CARTESIAN_POINT('',(1.7763568394E-15,-7.99999999598,
    -2.15050826003));
#3881 = CARTESIAN_POINT('',(0.812252515182,-7.99999988766,-2.15050826003
    ));
#3882 = CARTESIAN_POINT('',(1.62450762908,-7.89691099861,-2.15050826003)
  );
#3883 = CARTESIAN_POINT('',(2.41936146886,-7.69070538852,-2.15050826003)
  );
#3884 = CARTESIAN_POINT('',(3.95710583863,-7.07396809618,-2.15050826003)
  );
#3885 = CARTESIAN_POINT('',(5.28964484404,-6.08835706398,-2.15050826003)
  );
#3886 = CARTESIAN_POINT('',(5.89484148477,-5.50447830145,-2.15050826003)
  );
#3887 = CARTESIAN_POINT('',(6.9395981273,-4.19304130978,-2.15050826003)
  );
#3888 = CARTESIAN_POINT('',(7.61461674649,-2.65820355283,-2.15050826003)
  );
#3889 = CARTESIAN_POINT('',(7.85001087764,-1.8508826846,-2.15050826003)
  );
#3890 = CARTESIAN_POINT('',(7.9837262676,-0.984215466393,-2.15050826003)
  );
#3891 = CARTESIAN_POINT('',(7.99931446267,-0.114724851077,-2.15050826003
    ));
#3892 = CARTESIAN_POINT('',(7.99977149849,-7.64829308074E-02,
    -2.15050826003));
#3893 = CARTESIAN_POINT('',(8.,-3.82414648988E-02,-2.15050826003));
#3894 = CARTESIAN_POINT('',(8.,-2.51187959321E-15,-2.15050826003));
#3895 = ORIENTED_EDGE('',*,*,#3896,.F.);
#3896 = EDGE_CURVE('',#3897,#3875,#3899,.T.);
#3897 = VERTEX_POINT('',#3898);
#3898 = CARTESIAN_POINT('',(-8.,1.46957615898E-15,-2.15050826081));
#3899 = B_SPLINE_CURVE_WITH_KNOTS('',5,(#3900,#3901,#3902,#3903,#3904,
    #3905,#3906,#3907,#3908,#3909,#3910,#3911,#3912,#3913,#3914),
  .UNSPECIFIED.,.F.,.F.,(6,3,3,3,6),(0.,5.87869748547,11.7573949788,
    17.6360924734,17.7712980724),.UNSPECIFIED.);
#3900 = CARTESIAN_POINT('',(-8.,8.881784197E-16,-2.15050826003));
#3901 = CARTESIAN_POINT('',(-8.,-0.831373371304,-2.15050826003));
#3902 = CARTESIAN_POINT('',(-7.89200286211,-1.66274626532,-2.15050826003
    ));
#3903 = CARTESIAN_POINT('',(-7.67597053915,-2.47546233597,-2.15050826003
    ));
#3904 = CARTESIAN_POINT('',(-7.03782474139,-4.02599559139,-2.15050826003
    ));
#3905 = CARTESIAN_POINT('',(-6.02470938148,-5.36202491524,-2.15050826003
    ));
#3906 = CARTESIAN_POINT('',(-5.43364002684,-5.96020079741,-2.15050826003
    ));
#3907 = CARTESIAN_POINT('',(-4.10981150706,-6.98921075368,-2.15050826003
    ));
#3908 = CARTESIAN_POINT('',(-2.56701665942,-7.64583937716,-2.15050826003
    ));
#3909 = CARTESIAN_POINT('',(-1.75694041341,-7.87156895941,-2.15050826003
    ));
#3910 = CARTESIAN_POINT('',(-0.907826607837,-7.99220574246,
    -2.15050826003));
#3911 = CARTESIAN_POINT('',(-5.73626535181E-02,-7.99982862011,
    -2.15050826003));
#3912 = CARTESIAN_POINT('',(-3.8241921812E-02,-7.99994287312,
    -2.15050826003));
#3913 = CARTESIAN_POINT('',(-1.91209616261E-02,-7.99999999853,
    -2.15050826003));
#3914 = CARTESIAN_POINT('',(1.7763568394E-15,-7.99999999598,
    -2.15050826003));
#3915 = ORIENTED_EDGE('',*,*,#3916,.F.);
#3916 = EDGE_CURVE('',#3917,#3897,#3919,.T.);
#3917 = VERTEX_POINT('',#3918);
#3918 = CARTESIAN_POINT('',(2.08994046394E-15,8.,-2.15050826003));
#3919 = B_SPLINE_CURVE_WITH_KNOTS('',5,(#3920,#3921,#3922,#3923,#3924,
    #3925,#3926,#3927,#3928,#3929,#3930,#3931,#3932,#3933,#3934),
  .UNSPECIFIED.,.F.,.F.,(6,3,3,3,6),(17.7712980724,23.5147899514,
    29.3934874295,35.2721849094,35.5425929009),.UNSPECIFIED.);
#3920 = CARTESIAN_POINT('',(1.15463194561E-14,7.99999999598,
    -2.15050826003));
#3921 = CARTESIAN_POINT('',(-0.812252515187,7.99999988766,-2.15050826003
    ));
#3922 = CARTESIAN_POINT('',(-1.62450762909,7.89691099861,-2.15050826003)
  );
#3923 = CARTESIAN_POINT('',(-2.41936146885,7.69070538852,-2.15050826003)
  );
#3924 = CARTESIAN_POINT('',(-3.95710583864,7.07396809618,-2.15050826003)
  );
#3925 = CARTESIAN_POINT('',(-5.28964484406,6.08835706395,-2.15050826003)
  );
#3926 = CARTESIAN_POINT('',(-5.89484148474,5.50447830147,-2.15050826003)
  );
#3927 = CARTESIAN_POINT('',(-6.93959812731,4.19304130979,-2.15050826003)
  );
#3928 = CARTESIAN_POINT('',(-7.6146167465,2.65820355279,-2.15050826003)
  );
#3929 = CARTESIAN_POINT('',(-7.85001087763,1.85088268464,-2.15050826003)
  );
#3930 = CARTESIAN_POINT('',(-7.9837262676,0.984215466415,-2.15050826003)
  );
#3931 = CARTESIAN_POINT('',(-7.99931446267,0.114724851077,-2.15050826003
    ));
#3932 = CARTESIAN_POINT('',(-7.99977149849,7.64829308075E-02,
    -2.15050826003));
#3933 = CARTESIAN_POINT('',(-8.,3.82414648988E-02,-2.15050826003));
#3934 = CARTESIAN_POINT('',(-8.,2.77555756156E-17,-2.15050826003));
#3935 = ORIENTED_EDGE('',*,*,#3936,.F.);
#3936 = EDGE_CURVE('',#3877,#3917,#3937,.T.);
#3937 = B_SPLINE_CURVE_WITH_KNOTS('',5,(#3938,#3939,#3940,#3941,#3942,
    #3943,#3944,#3945,#3946,#3947,#3948,#3949,#3950,#3951,#3952),
  .UNSPECIFIED.,.F.,.F.,(6,3,3,3,6),(0.,5.87869748548,11.7573949788,
    17.6360924735,17.7712980724),.UNSPECIFIED.);
#3938 = CARTESIAN_POINT('',(8.,-1.7763568394E-15,-2.15050826003));
#3939 = CARTESIAN_POINT('',(8.,0.831373371305,-2.15050826003));
#3940 = CARTESIAN_POINT('',(7.89200286211,1.66274626533,-2.15050826003)
  );
#3941 = CARTESIAN_POINT('',(7.67597053915,2.47546233596,-2.15050826003)
  );
#3942 = CARTESIAN_POINT('',(7.03782474139,4.02599559139,-2.15050826003)
  );
#3943 = CARTESIAN_POINT('',(6.02470938149,5.36202491524,-2.15050826003)
  );
#3944 = CARTESIAN_POINT('',(5.43364002684,5.9602007974,-2.15050826003));
#3945 = CARTESIAN_POINT('',(4.10981150705,6.98921075369,-2.15050826003)
  );
#3946 = CARTESIAN_POINT('',(2.56701665941,7.64583937717,-2.15050826003)
  );
#3947 = CARTESIAN_POINT('',(1.75694041342,7.8715689594,-2.15050826003));
#3948 = CARTESIAN_POINT('',(0.907826607846,7.99220574246,-2.15050826003)
  );
#3949 = CARTESIAN_POINT('',(5.73626535181E-02,7.99982862011,
    -2.15050826003));
#3950 = CARTESIAN_POINT('',(3.8241921812E-02,7.99994287312,
    -2.15050826003));
#3951 = CARTESIAN_POINT('',(1.91209616261E-02,7.99999999853,
    -2.15050826003));
#3952 = CARTESIAN_POINT('',(1.15463194561E-14,7.99999999598,
    -2.15050826003));
#3953 = FACE_BOUND('',#3954,.T.);
#3954 = EDGE_LOOP('',(#3955,#3956,#3957,#3958));
#3955 = ORIENTED_EDGE('',*,*,#3822,.T.);
#3956 = ORIENTED_EDGE('',*,*,#3859,.T.);
#3957 = ORIENTED_EDGE('',*,*,#3850,.T.);
#3958 = ORIENTED_EDGE('',*,*,#3831,.T.);
#3959 = PLANE('',#3960);
#3960 = AXIS2_PLACEMENT_3D('',#3961,#3962,#3963);
#3961 = CARTESIAN_POINT('',(8.,0.,-2.15050826003));
#3962 = DIRECTION('',(0.,0.,-1.));
#3963 = DIRECTION('',(0.,1.,0.));
#3964 = ADVANCED_FACE('',(#3965),#4003,.F.);
#3965 = FACE_BOUND('',#3966,.F.);
#3966 = EDGE_LOOP('',(#3967,#3975,#3976,#3977,#3985,#3994));
#3967 = ORIENTED_EDGE('',*,*,#3968,.T.);
#3968 = EDGE_CURVE('',#3969,#3917,#3971,.T.);
#3969 = VERTEX_POINT('',#3970);
#3970 = CARTESIAN_POINT('',(9.79717439212E-16,7.99999999914,
    -2.30050825803));
#3971 = LINE('',#3972,#3973);
#3972 = CARTESIAN_POINT('',(-1.46277321486E-15,8.,81.5030760523));
#3973 = VECTOR('',#3974,1.);
#3974 = DIRECTION('',(0.,0.,1.));
#3975 = ORIENTED_EDGE('',*,*,#3936,.F.);
#3976 = ORIENTED_EDGE('',*,*,#3874,.F.);
#3977 = ORIENTED_EDGE('',*,*,#3978,.F.);
#3978 = EDGE_CURVE('',#3979,#3875,#3981,.T.);
#3979 = VERTEX_POINT('',#3980);
#3980 = CARTESIAN_POINT('',(0.,-7.99999999914,-2.30050825803));
#3981 = LINE('',#3982,#3983);
#3982 = CARTESIAN_POINT('',(-2.44249065418E-15,-8.,81.5030760523));
#3983 = VECTOR('',#3984,1.);
#3984 = DIRECTION('',(0.,0.,1.));
#3985 = ORIENTED_EDGE('',*,*,#3986,.T.);
#3986 = EDGE_CURVE('',#3979,#3987,#3989,.T.);
#3987 = VERTEX_POINT('',#3988);
#3988 = CARTESIAN_POINT('',(7.99999999914,-4.89858719606E-16,
    -2.30050825803));
#3989 = CIRCLE('',#3990,8.);
#3990 = AXIS2_PLACEMENT_3D('',#3991,#3992,#3993);
#3991 = CARTESIAN_POINT('',(-2.44249065418E-15,0.,-2.30050825932));
#3992 = DIRECTION('',(-0.,0.,1.));
#3993 = DIRECTION('',(1.,0.,0.));
#3994 = ORIENTED_EDGE('',*,*,#3995,.T.);
#3995 = EDGE_CURVE('',#3987,#3969,#3996,.T.);
#3996 = B_SPLINE_CURVE_WITH_KNOTS('',5,(#3997,#3998,#3999,#4000,#4001,
    #4002),.UNSPECIFIED.,.F.,.F.,(6,6),(-6.28318530718,6.28318530718),
  .PIECEWISE_BEZIER_KNOTS.);
#3997 = CARTESIAN_POINT('',(8.,-2.07075987621E-30,-2.30050825932));
#3998 = CARTESIAN_POINT('',(8.,2.51327412287,-2.30050825946));
#3999 = CARTESIAN_POINT('',(7.01587996763,5.0288931469,-2.30050825961));
#4000 = CARTESIAN_POINT('',(5.0288931469,7.01587996763,-2.30050825975));
#4001 = CARTESIAN_POINT('',(2.51327412287,8.,-2.30050825989));
#4002 = CARTESIAN_POINT('',(1.01393795901E-15,8.,-2.30050826003));
#4003 = CYLINDRICAL_SURFACE('',#4004,8.);
#4004 = AXIS2_PLACEMENT_3D('',#4005,#4006,#4007);
#4005 = CARTESIAN_POINT('',(-2.44249065418E-15,0.,81.5030760518));
#4006 = DIRECTION('',(-0.,0.,1.));
#4007 = DIRECTION('',(0.,-1.,0.));
#4008 = ADVANCED_FACE('',(#4009),#4033,.F.);
#4009 = FACE_BOUND('',#4010,.F.);
#4010 = EDGE_LOOP('',(#4011,#4012,#4013,#4014,#4015,#4026));
#4011 = ORIENTED_EDGE('',*,*,#3978,.T.);
#4012 = ORIENTED_EDGE('',*,*,#3896,.F.);
#4013 = ORIENTED_EDGE('',*,*,#3916,.F.);
#4014 = ORIENTED_EDGE('',*,*,#3968,.F.);
#4015 = ORIENTED_EDGE('',*,*,#4016,.T.);
#4016 = EDGE_CURVE('',#3969,#4017,#4019,.T.);
#4017 = VERTEX_POINT('',#4018);
#4018 = CARTESIAN_POINT('',(-7.99999999914,1.46957615882E-15,
    -2.30050825803));
#4019 = B_SPLINE_CURVE_WITH_KNOTS('',5,(#4020,#4021,#4022,#4023,#4024,
    #4025),.UNSPECIFIED.,.F.,.F.,(6,6),(-6.28318530718,6.28318530718),
  .PIECEWISE_BEZIER_KNOTS.);
#4020 = CARTESIAN_POINT('',(-4.4408920985E-15,8.,-2.30050826003));
#4021 = CARTESIAN_POINT('',(-2.51327412287,8.,-2.30050825989));
#4022 = CARTESIAN_POINT('',(-5.0288931469,7.01587996763,-2.30050825975)
  );
#4023 = CARTESIAN_POINT('',(-7.01587996763,5.0288931469,-2.30050825961)
  );
#4024 = CARTESIAN_POINT('',(-8.,2.51327412287,-2.30050825946));
#4025 = CARTESIAN_POINT('',(-8.,1.7763568394E-15,-2.30050825932));
#4026 = ORIENTED_EDGE('',*,*,#4027,.T.);
#4027 = EDGE_CURVE('',#4017,#3979,#4028,.T.);
#4028 = CIRCLE('',#4029,8.);
#4029 = AXIS2_PLACEMENT_3D('',#4030,#4031,#4032);
#4030 = CARTESIAN_POINT('',(-2.44249065418E-15,0.,-2.30050825932));
#4031 = DIRECTION('',(-0.,0.,1.));
#4032 = DIRECTION('',(1.,0.,0.));
#4033 = CYLINDRICAL_SURFACE('',#4034,8.);
#4034 = AXIS2_PLACEMENT_3D('',#4035,#4036,#4037);
#4035 = CARTESIAN_POINT('',(-2.44249065418E-15,0.,81.5030760518));
#4036 = DIRECTION('',(-0.,0.,1.));
#4037 = DIRECTION('',(1.22464679915E-16,1.,0.));
#4038 = ADVANCED_FACE('',(#4039),#4075,.F.);
#4039 = FACE_BOUND('',#4040,.F.);
#4040 = EDGE_LOOP('',(#4041,#4049,#4058,#4067,#4073,#4074));
#4041 = ORIENTED_EDGE('',*,*,#4042,.F.);
#4042 = EDGE_CURVE('',#4043,#3979,#4045,.T.);
#4043 = VERTEX_POINT('',#4044);
#4044 = CARTESIAN_POINT('',(9.06300211566E-16,-6.49393694294,
    -2.95050826603));
#4045 = LINE('',#4046,#4047);
#4046 = CARTESIAN_POINT('',(0.,-4.59072734101E+05,1.98124913981E+05));
#4047 = VECTOR('',#4048,1.);
#4048 = DIRECTION('',(0.,-0.918138974264,0.39625853169));
#4049 = ORIENTED_EDGE('',*,*,#4050,.T.);
#4050 = EDGE_CURVE('',#4043,#4051,#4053,.T.);
#4051 = VERTEX_POINT('',#4052);
#4052 = CARTESIAN_POINT('',(6.49393694294,4.72346994326E-15,
    -2.95050826603));
#4053 = CIRCLE('',#4054,6.49393694337);
#4054 = AXIS2_PLACEMENT_3D('',#4055,#4056,#4057);
#4055 = CARTESIAN_POINT('',(0.,0.,-2.95050826003));
#4056 = DIRECTION('',(0.,-1.717168028E-17,1.));
#4057 = DIRECTION('',(0.,1.,1.717168028E-17));
#4058 = ORIENTED_EDGE('',*,*,#4059,.T.);
#4059 = EDGE_CURVE('',#4051,#4060,#4062,.T.);
#4060 = VERTEX_POINT('',#4061);
#4061 = CARTESIAN_POINT('',(1.11022302463E-16,6.49393694294,
    -2.95050826603));
#4062 = CIRCLE('',#4063,6.49393694337);
#4063 = AXIS2_PLACEMENT_3D('',#4064,#4065,#4066);
#4064 = CARTESIAN_POINT('',(0.,0.,-2.95050826003));
#4065 = DIRECTION('',(0.,-1.717168028E-17,1.));
#4066 = DIRECTION('',(0.,1.,1.717168028E-17));
#4067 = ORIENTED_EDGE('',*,*,#4068,.T.);
#4068 = EDGE_CURVE('',#4060,#3969,#4069,.T.);
#4069 = LINE('',#4070,#4071);
#4070 = CARTESIAN_POINT('',(5.62201954392E-11,4.59072734101E+05,
    1.98124913981E+05));
#4071 = VECTOR('',#4072,1.);
#4072 = DIRECTION('',(1.12439595601E-16,0.918138974264,0.39625853169));
#4073 = ORIENTED_EDGE('',*,*,#3995,.F.);
#4074 = ORIENTED_EDGE('',*,*,#3986,.F.);
#4075 = CONICAL_SURFACE('',#4076,6.49393694337,1.16335813849);
#4076 = AXIS2_PLACEMENT_3D('',#4077,#4078,#4079);
#4077 = CARTESIAN_POINT('',(0.,0.,-2.95050826003));
#4078 = DIRECTION('',(0.,0.,1.));
#4079 = DIRECTION('',(0.,-1.,0.));
#4080 = ADVANCED_FACE('',(#4081),#4103,.F.);
#4081 = FACE_BOUND('',#4082,.F.);
#4082 = EDGE_LOOP('',(#4083,#4084,#4093,#4100,#4101,#4102));
#4083 = ORIENTED_EDGE('',*,*,#4068,.F.);
#4084 = ORIENTED_EDGE('',*,*,#4085,.T.);
#4085 = EDGE_CURVE('',#4060,#4086,#4088,.T.);
#4086 = VERTEX_POINT('',#4087);
#4087 = CARTESIAN_POINT('',(-6.49393694294,4.57485778796E-15,
    -2.95050826603));
#4088 = CIRCLE('',#4089,6.49393694337);
#4089 = AXIS2_PLACEMENT_3D('',#4090,#4091,#4092);
#4090 = CARTESIAN_POINT('',(0.,0.,-2.95050826003));
#4091 = DIRECTION('',(0.,-1.717168028E-17,1.));
#4092 = DIRECTION('',(0.,1.,1.717168028E-17));
#4093 = ORIENTED_EDGE('',*,*,#4094,.T.);
#4094 = EDGE_CURVE('',#4086,#4043,#4095,.T.);
#4095 = CIRCLE('',#4096,6.49393694337);
#4096 = AXIS2_PLACEMENT_3D('',#4097,#4098,#4099);
#4097 = CARTESIAN_POINT('',(0.,0.,-2.95050826003));
#4098 = DIRECTION('',(0.,-1.717168028E-17,1.));
#4099 = DIRECTION('',(0.,1.,1.717168028E-17));
#4100 = ORIENTED_EDGE('',*,*,#4042,.T.);
#4101 = ORIENTED_EDGE('',*,*,#4027,.F.);
#4102 = ORIENTED_EDGE('',*,*,#4016,.F.);
#4103 = CONICAL_SURFACE('',#4104,6.49393694337,1.16335813849);
#4104 = AXIS2_PLACEMENT_3D('',#4105,#4106,#4107);
#4105 = CARTESIAN_POINT('',(0.,0.,-2.95050826003));
#4106 = DIRECTION('',(0.,0.,1.));
#4107 = DIRECTION('',(1.22464679915E-16,1.,-0.));
#4108 = ADVANCED_FACE('',(#4109),#4145,.T.);
#4109 = FACE_BOUND('',#4110,.T.);
#4110 = EDGE_LOOP('',(#4111,#4119,#4128,#4137,#4143,#4144));
#4111 = ORIENTED_EDGE('',*,*,#4112,.F.);
#4112 = EDGE_CURVE('',#4113,#4060,#4115,.T.);
#4113 = VERTEX_POINT('',#4114);
#4114 = CARTESIAN_POINT('',(3.66651529455E-16,2.99393694337,
    -2.70050826003));
#4115 = LINE('',#4116,#4117);
#4116 = CARTESIAN_POINT('',(1.11022302463E-16,4.98730846823E+05,
    -3.56261194304E+04));
#4117 = VECTOR('',#4118,1.);
#4118 = DIRECTION('',(9.604352692977E-35,0.997458699709,
    -7.124705169698E-02));
#4119 = ORIENTED_EDGE('',*,*,#4120,.T.);
#4120 = EDGE_CURVE('',#4113,#4121,#4123,.T.);
#4121 = VERTEX_POINT('',#4122);
#4122 = CARTESIAN_POINT('',(2.99393694337,-2.84247594777E-15,
    -2.70050826003));
#4123 = CIRCLE('',#4124,2.99393694337);
#4124 = AXIS2_PLACEMENT_3D('',#4125,#4126,#4127);
#4125 = CARTESIAN_POINT('',(1.11022302463E-16,0.,-2.70050826003));
#4126 = DIRECTION('',(0.,2.01308781619E-18,-1.));
#4127 = DIRECTION('',(0.,-1.,-2.01308781619E-18));
#4128 = ORIENTED_EDGE('',*,*,#4129,.T.);
#4129 = EDGE_CURVE('',#4121,#4130,#4132,.T.);
#4130 = VERTEX_POINT('',#4131);
#4131 = CARTESIAN_POINT('',(0.,-2.99393694337,-2.70050826003));
#4132 = CIRCLE('',#4133,2.99393694337);
#4133 = AXIS2_PLACEMENT_3D('',#4134,#4135,#4136);
#4134 = CARTESIAN_POINT('',(1.11022302463E-16,0.,-2.70050826003));
#4135 = DIRECTION('',(0.,2.01308781619E-18,-1.));
#4136 = DIRECTION('',(0.,-1.,-2.01308781619E-18));
#4137 = ORIENTED_EDGE('',*,*,#4138,.T.);
#4138 = EDGE_CURVE('',#4130,#4043,#4139,.T.);
#4139 = LINE('',#4140,#4141);
#4140 = CARTESIAN_POINT('',(6.10770245421E-11,-4.98730846823E+05,
    -3.56261194304E+04));
#4141 = VECTOR('',#4142,1.);
#4142 = DIRECTION('',(1.22153460388E-16,-0.997458699709,
    -7.124705169698E-02));
#4143 = ORIENTED_EDGE('',*,*,#4050,.T.);
#4144 = ORIENTED_EDGE('',*,*,#4059,.T.);
#4145 = CONICAL_SURFACE('',#4146,2.99393694337,1.4994888603);
#4146 = AXIS2_PLACEMENT_3D('',#4147,#4148,#4149);
#4147 = CARTESIAN_POINT('',(1.11022302463E-16,0.,-2.70050826003));
#4148 = DIRECTION('',(0.,0.,-1.));
#4149 = DIRECTION('',(9.62958987468E-35,1.,0.));
#4150 = ADVANCED_FACE('',(#4151),#4173,.T.);
#4151 = FACE_BOUND('',#4152,.T.);
#4152 = EDGE_LOOP('',(#4153,#4154,#4163,#4170,#4171,#4172));
#4153 = ORIENTED_EDGE('',*,*,#4138,.F.);
#4154 = ORIENTED_EDGE('',*,*,#4155,.T.);
#4155 = EDGE_CURVE('',#4130,#4156,#4158,.T.);
#4156 = VERTEX_POINT('',#4157);
#4157 = CARTESIAN_POINT('',(-2.99393694337,-2.10917288886E-15,
    -2.70050826003));
#4158 = CIRCLE('',#4159,2.99393694337);
#4159 = AXIS2_PLACEMENT_3D('',#4160,#4161,#4162);
#4160 = CARTESIAN_POINT('',(1.11022302463E-16,0.,-2.70050826003));
#4161 = DIRECTION('',(0.,2.01308781619E-18,-1.));
#4162 = DIRECTION('',(0.,-1.,-2.01308781619E-18));
#4163 = ORIENTED_EDGE('',*,*,#4164,.T.);
#4164 = EDGE_CURVE('',#4156,#4113,#4165,.T.);
#4165 = CIRCLE('',#4166,2.99393694337);
#4166 = AXIS2_PLACEMENT_3D('',#4167,#4168,#4169);
#4167 = CARTESIAN_POINT('',(1.11022302463E-16,0.,-2.70050826003));
#4168 = DIRECTION('',(0.,2.01308781619E-18,-1.));
#4169 = DIRECTION('',(0.,-1.,-2.01308781619E-18));
#4170 = ORIENTED_EDGE('',*,*,#4112,.T.);
#4171 = ORIENTED_EDGE('',*,*,#4085,.T.);
#4172 = ORIENTED_EDGE('',*,*,#4094,.T.);
#4173 = CONICAL_SURFACE('',#4174,2.99393694337,1.4994888603);
#4174 = AXIS2_PLACEMENT_3D('',#4175,#4176,#4177);
#4175 = CARTESIAN_POINT('',(1.11022302463E-16,0.,-2.70050826003));
#4176 = DIRECTION('',(0.,0.,-1.));
#4177 = DIRECTION('',(1.22464679915E-16,-1.,0.));
#4178 = ADVANCED_FACE('',(#4179),#4217,.T.);
#4179 = FACE_BOUND('',#4180,.T.);
#4180 = EDGE_LOOP('',(#4181,#4190,#4191,#4192,#4201,#4210));
#4181 = ORIENTED_EDGE('',*,*,#4182,.F.);
#4182 = EDGE_CURVE('',#4130,#4183,#4185,.T.);
#4183 = VERTEX_POINT('',#4184);
#4184 = CARTESIAN_POINT('',(-2.44249065418E-15,-2.77968753337,
    -2.90000000083));
#4185 = CIRCLE('',#4186,0.2);
#4186 = AXIS2_PLACEMENT_3D('',#4187,#4188,#4189);
#4187 = CARTESIAN_POINT('',(0.,-2.97968753337,-2.9));
#4188 = DIRECTION('',(-1.,0.,0.));
#4189 = DIRECTION('',(0.,0.,-1.));
#4190 = ORIENTED_EDGE('',*,*,#4129,.F.);
#4191 = ORIENTED_EDGE('',*,*,#4120,.F.);
#4192 = ORIENTED_EDGE('',*,*,#4193,.T.);
#4193 = EDGE_CURVE('',#4113,#4194,#4196,.T.);
#4194 = VERTEX_POINT('',#4195);
#4195 = CARTESIAN_POINT('',(-2.10207711014E-15,2.77968753337,-2.9));
#4196 = CIRCLE('',#4197,0.2);
#4197 = AXIS2_PLACEMENT_3D('',#4198,#4199,#4200);
#4198 = CARTESIAN_POINT('',(3.6490648002E-16,2.97968753337,-2.9));
#4199 = DIRECTION('',(1.,-1.22464679915E-16,0.));
#4200 = DIRECTION('',(1.22464679915E-16,1.,0.));
#4201 = ORIENTED_EDGE('',*,*,#4202,.F.);
#4202 = EDGE_CURVE('',#4203,#4194,#4205,.T.);
#4203 = VERTEX_POINT('',#4204);
#4204 = CARTESIAN_POINT('',(2.77968753337,-1.70206772019E-16,-2.9));
#4205 = CIRCLE('',#4206,2.77968753337);
#4206 = AXIS2_PLACEMENT_3D('',#4207,#4208,#4209);
#4207 = CARTESIAN_POINT('',(0.,0.,-2.9));
#4208 = DIRECTION('',(-0.,0.,1.));
#4209 = DIRECTION('',(1.,0.,0.));
#4210 = ORIENTED_EDGE('',*,*,#4211,.F.);
#4211 = EDGE_CURVE('',#4183,#4203,#4212,.T.);
#4212 = CIRCLE('',#4213,2.77968753337);
#4213 = AXIS2_PLACEMENT_3D('',#4214,#4215,#4216);
#4214 = CARTESIAN_POINT('',(0.,0.,-2.9));
#4215 = DIRECTION('',(-0.,0.,1.));
#4216 = DIRECTION('',(1.,0.,0.));
#4217 = TOROIDAL_SURFACE('',#4218,2.97968753337,0.2);
#4218 = AXIS2_PLACEMENT_3D('',#4219,#4220,#4221);
#4219 = CARTESIAN_POINT('',(0.,0.,-2.9));
#4220 = DIRECTION('',(0.,0.,1.));
#4221 = DIRECTION('',(0.,-1.,0.));
#4222 = ADVANCED_FACE('',(#4223),#4245,.T.);
#4223 = FACE_BOUND('',#4224,.T.);
#4224 = EDGE_LOOP('',(#4225,#4234,#4241,#4242,#4243,#4244));
#4225 = ORIENTED_EDGE('',*,*,#4226,.F.);
#4226 = EDGE_CURVE('',#4227,#4183,#4229,.T.);
#4227 = VERTEX_POINT('',#4228);
#4228 = CARTESIAN_POINT('',(-2.77968753337,-1.95823816459E-15,-2.9));
#4229 = CIRCLE('',#4230,2.77968753337);
#4230 = AXIS2_PLACEMENT_3D('',#4231,#4232,#4233);
#4231 = CARTESIAN_POINT('',(0.,0.,-2.9));
#4232 = DIRECTION('',(-0.,0.,1.));
#4233 = DIRECTION('',(1.,0.,0.));
#4234 = ORIENTED_EDGE('',*,*,#4235,.F.);
#4235 = EDGE_CURVE('',#4194,#4227,#4236,.T.);
#4236 = CIRCLE('',#4237,2.77968753337);
#4237 = AXIS2_PLACEMENT_3D('',#4238,#4239,#4240);
#4238 = CARTESIAN_POINT('',(0.,0.,-2.9));
#4239 = DIRECTION('',(-0.,0.,1.));
#4240 = DIRECTION('',(1.,0.,0.));
#4241 = ORIENTED_EDGE('',*,*,#4193,.F.);
#4242 = ORIENTED_EDGE('',*,*,#4164,.F.);
#4243 = ORIENTED_EDGE('',*,*,#4155,.F.);
#4244 = ORIENTED_EDGE('',*,*,#4182,.T.);
#4245 = TOROIDAL_SURFACE('',#4246,2.97968753337,0.2);
#4246 = AXIS2_PLACEMENT_3D('',#4247,#4248,#4249);
#4247 = CARTESIAN_POINT('',(0.,0.,-2.9));
#4248 = DIRECTION('',(0.,0.,1.));
#4249 = DIRECTION('',(1.22464679915E-16,1.,-0.));
#4250 = ADVANCED_FACE('',(#4251),#4287,.F.);
#4251 = FACE_BOUND('',#4252,.F.);
#4252 = EDGE_LOOP('',(#4253,#4261,#4262,#4263,#4271,#4280));
#4253 = ORIENTED_EDGE('',*,*,#4254,.T.);
#4254 = EDGE_CURVE('',#4255,#4194,#4257,.T.);
#4255 = VERTEX_POINT('',#4256);
#4256 = CARTESIAN_POINT('',(1.18368939112E-16,2.77968753337,-5.6));
#4257 = LINE('',#4258,#4259);
#4258 = CARTESIAN_POINT('',(-2.10207711014E-15,2.77968753337,
    81.5030760523));
#4259 = VECTOR('',#4260,1.);
#4260 = DIRECTION('',(0.,0.,1.));
#4261 = ORIENTED_EDGE('',*,*,#4202,.F.);
#4262 = ORIENTED_EDGE('',*,*,#4211,.F.);
#4263 = ORIENTED_EDGE('',*,*,#4264,.F.);
#4264 = EDGE_CURVE('',#4265,#4183,#4267,.T.);
#4265 = VERTEX_POINT('',#4266);
#4266 = CARTESIAN_POINT('',(-2.22044604925E-16,-2.77968753337,-5.6));
#4267 = LINE('',#4268,#4269);
#4268 = CARTESIAN_POINT('',(-2.44249065418E-15,-2.77968753337,
    81.5030760523));
#4269 = VECTOR('',#4270,1.);
#4270 = DIRECTION('',(0.,0.,1.));
#4271 = ORIENTED_EDGE('',*,*,#4272,.T.);
#4272 = EDGE_CURVE('',#4265,#4273,#4275,.T.);
#4273 = VERTEX_POINT('',#4274);
#4274 = CARTESIAN_POINT('',(2.77968753337,-1.70206772019E-16,-5.6));
#4275 = CIRCLE('',#4276,2.77968753337);
#4276 = AXIS2_PLACEMENT_3D('',#4277,#4278,#4279);
#4277 = CARTESIAN_POINT('',(-2.44249065418E-15,0.,-5.60000000008));
#4278 = DIRECTION('',(-0.,0.,1.));
#4279 = DIRECTION('',(1.,0.,0.));
#4280 = ORIENTED_EDGE('',*,*,#4281,.T.);
#4281 = EDGE_CURVE('',#4273,#4255,#4282,.T.);
#4282 = CIRCLE('',#4283,2.77968753337);
#4283 = AXIS2_PLACEMENT_3D('',#4284,#4285,#4286);
#4284 = CARTESIAN_POINT('',(-2.44249065418E-15,0.,-5.60000000008));
#4285 = DIRECTION('',(-0.,0.,1.));
#4286 = DIRECTION('',(1.,0.,0.));
#4287 = CYLINDRICAL_SURFACE('',#4288,2.77968753337);
#4288 = AXIS2_PLACEMENT_3D('',#4289,#4290,#4291);
#4289 = CARTESIAN_POINT('',(-2.44249065418E-15,0.,81.5030760518));
#4290 = DIRECTION('',(-0.,0.,1.));
#4291 = DIRECTION('',(0.,-1.,0.));
#4292 = ADVANCED_FACE('',(#4293),#4315,.F.);
#4293 = FACE_BOUND('',#4294,.F.);
#4294 = EDGE_LOOP('',(#4295,#4296,#4297,#4298,#4299,#4308));
#4295 = ORIENTED_EDGE('',*,*,#4264,.T.);
#4296 = ORIENTED_EDGE('',*,*,#4226,.F.);
#4297 = ORIENTED_EDGE('',*,*,#4235,.F.);
#4298 = ORIENTED_EDGE('',*,*,#4254,.F.);
#4299 = ORIENTED_EDGE('',*,*,#4300,.T.);
#4300 = EDGE_CURVE('',#4255,#4301,#4303,.T.);
#4301 = VERTEX_POINT('',#4302);
#4302 = CARTESIAN_POINT('',(-2.77968753337,-1.95823816459E-15,-5.6));
#4303 = CIRCLE('',#4304,2.77968753337);
#4304 = AXIS2_PLACEMENT_3D('',#4305,#4306,#4307);
#4305 = CARTESIAN_POINT('',(-2.44249065418E-15,0.,-5.6));
#4306 = DIRECTION('',(-0.,0.,1.));
#4307 = DIRECTION('',(1.,0.,0.));
#4308 = ORIENTED_EDGE('',*,*,#4309,.T.);
#4309 = EDGE_CURVE('',#4301,#4265,#4310,.T.);
#4310 = CIRCLE('',#4311,2.77968753337);
#4311 = AXIS2_PLACEMENT_3D('',#4312,#4313,#4314);
#4312 = CARTESIAN_POINT('',(-2.44249065418E-15,0.,-5.60000000008));
#4313 = DIRECTION('',(-0.,0.,1.));
#4314 = DIRECTION('',(1.,0.,0.));
#4315 = CYLINDRICAL_SURFACE('',#4316,2.77968753337);
#4316 = AXIS2_PLACEMENT_3D('',#4317,#4318,#4319);
#4317 = CARTESIAN_POINT('',(-2.44249065418E-15,0.,81.5030760518));
#4318 = DIRECTION('',(-0.,0.,1.));
#4319 = DIRECTION('',(1.22464679915E-16,1.,0.));
#4320 = ADVANCED_FACE('',(#4321),#4359,.T.);
#4321 = FACE_BOUND('',#4322,.T.);
#4322 = EDGE_LOOP('',(#4323,#4332,#4333,#4334,#4343,#4352));
#4323 = ORIENTED_EDGE('',*,*,#4324,.F.);
#4324 = EDGE_CURVE('',#4265,#4325,#4327,.T.);
#4325 = VERTEX_POINT('',#4326);
#4326 = CARTESIAN_POINT('',(-9.51857564966E-16,-2.97968753337,-5.8));
#4327 = CIRCLE('',#4328,0.2);
#4328 = AXIS2_PLACEMENT_3D('',#4329,#4330,#4331);
#4329 = CARTESIAN_POINT('',(-2.22044604925E-16,-2.97968753337,-5.6));
#4330 = DIRECTION('',(-1.,0.,0.));
#4331 = DIRECTION('',(0.,0.,-1.));
#4332 = ORIENTED_EDGE('',*,*,#4272,.T.);
#4333 = ORIENTED_EDGE('',*,*,#4281,.T.);
#4334 = ORIENTED_EDGE('',*,*,#4335,.T.);
#4335 = EDGE_CURVE('',#4255,#4336,#4338,.T.);
#4336 = VERTEX_POINT('',#4337);
#4337 = CARTESIAN_POINT('',(1.42861875095E-16,2.97968753337,-5.8));
#4338 = CIRCLE('',#4339,0.2);
#4339 = AXIS2_PLACEMENT_3D('',#4340,#4341,#4342);
#4340 = CARTESIAN_POINT('',(1.42861875095E-16,2.97968753337,-5.6));
#4341 = DIRECTION('',(1.,-1.22464679915E-16,0.));
#4342 = DIRECTION('',(1.22464679915E-16,1.,0.));
#4343 = ORIENTED_EDGE('',*,*,#4344,.F.);
#4344 = EDGE_CURVE('',#4345,#4336,#4347,.T.);
#4345 = VERTEX_POINT('',#4346);
#4346 = CARTESIAN_POINT('',(2.97968753337,-1.8245324001E-16,-5.8));
#4347 = CIRCLE('',#4348,2.97968753337);
#4348 = AXIS2_PLACEMENT_3D('',#4349,#4350,#4351);
#4349 = CARTESIAN_POINT('',(-2.22044604925E-16,0.,-5.8));
#4350 = DIRECTION('',(-0.,0.,1.));
#4351 = DIRECTION('',(1.,0.,0.));
#4352 = ORIENTED_EDGE('',*,*,#4353,.F.);
#4353 = EDGE_CURVE('',#4325,#4345,#4354,.T.);
#4354 = CIRCLE('',#4355,2.97968753337);
#4355 = AXIS2_PLACEMENT_3D('',#4356,#4357,#4358);
#4356 = CARTESIAN_POINT('',(-2.22044604925E-16,0.,-5.8));
#4357 = DIRECTION('',(-0.,0.,1.));
#4358 = DIRECTION('',(1.,0.,0.));
#4359 = TOROIDAL_SURFACE('',#4360,2.97968753337,0.2);
#4360 = AXIS2_PLACEMENT_3D('',#4361,#4362,#4363);
#4361 = CARTESIAN_POINT('',(-2.22044604925E-16,0.,-5.6));
#4362 = DIRECTION('',(0.,0.,1.));
#4363 = DIRECTION('',(0.,-1.,0.));
#4364 = ADVANCED_FACE('',(#4365),#4387,.T.);
#4365 = FACE_BOUND('',#4366,.T.);
#4366 = EDGE_LOOP('',(#4367,#4368,#4369,#4370,#4371,#4380));
#4367 = ORIENTED_EDGE('',*,*,#4335,.F.);
#4368 = ORIENTED_EDGE('',*,*,#4300,.T.);
#4369 = ORIENTED_EDGE('',*,*,#4309,.T.);
#4370 = ORIENTED_EDGE('',*,*,#4324,.T.);
#4371 = ORIENTED_EDGE('',*,*,#4372,.F.);
#4372 = EDGE_CURVE('',#4373,#4325,#4375,.T.);
#4373 = VERTEX_POINT('',#4374);
#4374 = CARTESIAN_POINT('',(-2.97968753337,5.47359720031E-16,-5.8));
#4375 = CIRCLE('',#4376,2.97968753337);
#4376 = AXIS2_PLACEMENT_3D('',#4377,#4378,#4379);
#4377 = CARTESIAN_POINT('',(-2.22044604925E-16,0.,-5.8));
#4378 = DIRECTION('',(-0.,0.,1.));
#4379 = DIRECTION('',(1.,0.,0.));
#4380 = ORIENTED_EDGE('',*,*,#4381,.F.);
#4381 = EDGE_CURVE('',#4336,#4373,#4382,.T.);
#4382 = CIRCLE('',#4383,2.97968753337);
#4383 = AXIS2_PLACEMENT_3D('',#4384,#4385,#4386);
#4384 = CARTESIAN_POINT('',(-2.22044604925E-16,0.,-5.8));
#4385 = DIRECTION('',(-0.,0.,1.));
#4386 = DIRECTION('',(1.,0.,0.));
#4387 = TOROIDAL_SURFACE('',#4388,2.97968753337,0.2);
#4388 = AXIS2_PLACEMENT_3D('',#4389,#4390,#4391);
#4389 = CARTESIAN_POINT('',(-2.22044604925E-16,0.,-5.6));
#4390 = DIRECTION('',(0.,0.,1.));
#4391 = DIRECTION('',(1.22464679915E-16,1.,-0.));
#4392 = ADVANCED_FACE('',(#4393,#4475),#4481,.T.);
#4393 = FACE_BOUND('',#4394,.T.);
#4394 = EDGE_LOOP('',(#4395,#4417,#4437,#4457));
#4395 = ORIENTED_EDGE('',*,*,#4396,.F.);
#4396 = EDGE_CURVE('',#4397,#4399,#4401,.T.);
#4397 = VERTEX_POINT('',#4398);
#4398 = CARTESIAN_POINT('',(-4.4408920985E-16,-6.27968753337,-5.8));
#4399 = VERTEX_POINT('',#4400);
#4400 = CARTESIAN_POINT('',(6.27968753337,-3.8451996187E-16,-5.8));
#4401 = B_SPLINE_CURVE_WITH_KNOTS('',5,(#4402,#4403,#4404,#4405,#4406,
    #4407,#4408,#4409,#4410,#4411,#4412,#4413,#4414,#4415,#4416),
  .UNSPECIFIED.,.F.,.F.,(6,3,3,3,6),(13.9498187942,17.3614133739,
    21.7017667198,26.0421200521,27.897951962),.UNSPECIFIED.);
#4402 = CARTESIAN_POINT('',(-3.39905881219E-12,-6.27968652409,-5.8));
#4403 = CARTESIAN_POINT('',(0.482476324844,-6.27968489902,-5.8));
#4404 = CARTESIAN_POINT('',(0.964958202355,-6.23334561299,-5.8));
#4405 = CARTESIAN_POINT('',(1.44151248306,-6.14067049414,-5.8));
#4406 = CARTESIAN_POINT('',(2.4973590381,-5.82741595449,-5.8));
#4407 = CARTESIAN_POINT('',(3.46354440521,-5.29236425539,-5.8));
#4408 = CARTESIAN_POINT('',(3.96510009476,-4.92780301613,-5.8));
#4409 = CARTESIAN_POINT('',(4.86891920455,-4.08358413793,-5.8));
#4410 = CARTESIAN_POINT('',(5.54288401115,-3.04658761435,-5.8));
#4411 = CARTESIAN_POINT('',(5.8145544196,-2.48922040751,-5.8));
#4412 = CARTESIAN_POINT('',(6.10123592443,-1.65427602368,-5.8));
#4413 = CARTESIAN_POINT('',(6.23840360739,-0.78759585748,-5.8));
#4414 = CARTESIAN_POINT('',(6.2659762139,-0.524908608477,-5.8));
#4415 = CARTESIAN_POINT('',(6.27968753337,-0.262454265641,-5.8));
#4416 = CARTESIAN_POINT('',(6.27968753337,-2.22044604925E-16,-5.8));
#4417 = ORIENTED_EDGE('',*,*,#4418,.F.);
#4418 = EDGE_CURVE('',#4419,#4397,#4421,.T.);
#4419 = VERTEX_POINT('',#4420);
#4420 = CARTESIAN_POINT('',(-6.27968753337,1.15355988561E-15,-5.8));
#4421 = B_SPLINE_CURVE_WITH_KNOTS('',5,(#4422,#4423,#4424,#4425,#4426,
    #4427,#4428,#4429,#4430,#4431,#4432,#4433,#4434,#4435,#4436),
  .UNSPECIFIED.,.F.,.F.,(6,3,3,3,6),(0.,4.34035335565,8.680706703,
    13.02106004,13.9498187942),.UNSPECIFIED.);
#4422 = CARTESIAN_POINT('',(-6.27968753294,-6.66133814775E-16,-5.8));
#4423 = CARTESIAN_POINT('',(-6.27968753294,-0.613818658106,-5.8));
#4424 = CARTESIAN_POINT('',(-6.20468910685,-1.22763689396,-5.8));
#4425 = CARTESIAN_POINT('',(-6.05467148801,-1.82926610917,-5.8));
#4426 = CARTESIAN_POINT('',(-5.61071610606,-2.98360493517,-5.8));
#4427 = CARTESIAN_POINT('',(-4.90188933056,-3.99709147265,-5.8));
#4428 = CARTESIAN_POINT('',(-4.48696245547,-4.45785029561,-5.8));
#4429 = CARTESIAN_POINT('',(-3.55300626697,-5.26860324051,-5.8));
#4430 = CARTESIAN_POINT('',(-2.45132019887,-5.83063363114,-5.8));
#4431 = CARTESIAN_POINT('',(-1.86863850925,-6.04263613434,-5.8));
#4432 = CARTESIAN_POINT('',(-1.13704866265,-6.21097334788,-5.8));
#4433 = CARTESIAN_POINT('',(-0.393921286378,-6.26938522549,-5.8));
#4434 = CARTESIAN_POINT('',(-0.262694407522,-6.27625321259,-5.8));
#4435 = CARTESIAN_POINT('',(-0.131347409524,-6.27968696649,-5.8));
#4436 = CARTESIAN_POINT('',(-3.39905881219E-12,-6.27968652409,-5.8));
#4437 = ORIENTED_EDGE('',*,*,#4438,.F.);
#4438 = EDGE_CURVE('',#4439,#4419,#4441,.T.);
#4439 = VERTEX_POINT('',#4440);
#4440 = CARTESIAN_POINT('',(3.24950713889E-16,6.27968753337,-5.8));
#4441 = B_SPLINE_CURVE_WITH_KNOTS('',5,(#4442,#4443,#4444,#4445,#4446,
    #4447,#4448,#4449,#4450,#4451,#4452,#4453,#4454,#4455,#4456),
  .UNSPECIFIED.,.F.,.F.,(6,3,3,3,6),(13.9498187677,17.3614133485,
    21.7017667023,26.0421200466,27.8979519564),.UNSPECIFIED.);
#4442 = CARTESIAN_POINT('',(3.40172334745E-12,6.27968652411,-5.8));
#4443 = CARTESIAN_POINT('',(-0.482476324828,6.27968489904,-5.8));
#4444 = CARTESIAN_POINT('',(-0.964958202093,6.23334561302,-5.8));
#4445 = CARTESIAN_POINT('',(-1.44151248232,6.14067049423,-5.8));
#4446 = CARTESIAN_POINT('',(-2.4973590386,5.82741595425,-5.8));
#4447 = CARTESIAN_POINT('',(-3.46354440673,5.2923642543,-5.8));
#4448 = CARTESIAN_POINT('',(-3.96510009268,4.92780301766,-5.8));
#4449 = CARTESIAN_POINT('',(-4.86891920476,4.08358413771,-5.8));
#4450 = CARTESIAN_POINT('',(-5.54288401257,3.04658761149,-5.8));
#4451 = CARTESIAN_POINT('',(-5.81455441806,2.48922041073,-5.8));
#4452 = CARTESIAN_POINT('',(-6.10123592373,1.65427602536,-5.8));
#4453 = CARTESIAN_POINT('',(-6.23840360696,0.78759585748,-5.8));
#4454 = CARTESIAN_POINT('',(-6.26597621347,0.524908608477,-5.8));
#4455 = CARTESIAN_POINT('',(-6.27968753294,0.262454265641,-5.8));
#4456 = CARTESIAN_POINT('',(-6.27968753294,0.,-5.8));
#4457 = ORIENTED_EDGE('',*,*,#4458,.F.);
#4458 = EDGE_CURVE('',#4399,#4439,#4459,.T.);
#4459 = B_SPLINE_CURVE_WITH_KNOTS('',5,(#4460,#4461,#4462,#4463,#4464,
    #4465,#4466,#4467,#4468,#4469,#4470,#4471,#4472,#4473,#4474),
  .UNSPECIFIED.,.F.,.F.,(6,3,3,3,6),(0.,4.3403533428,8.68070668032,
    13.0210600128,13.9498187677),.UNSPECIFIED.);
#4460 = CARTESIAN_POINT('',(6.27968753337,0.,-5.8));
#4461 = CARTESIAN_POINT('',(6.27968753337,0.613818656288,-5.8));
#4462 = CARTESIAN_POINT('',(6.20468910774,1.22763689033,-5.8));
#4463 = CARTESIAN_POINT('',(6.05467148713,1.82926611259,-5.8));
#4464 = CARTESIAN_POINT('',(5.61071610595,2.98360493536,-5.8));
#4465 = CARTESIAN_POINT('',(4.9018893326,3.99709147036,-5.8));
#4466 = CARTESIAN_POINT('',(4.48696245379,4.45785029744,-5.8));
#4467 = CARTESIAN_POINT('',(3.55300626665,5.26860324072,-5.8));
#4468 = CARTESIAN_POINT('',(2.45132020045,5.83063363055,-5.8));
#4469 = CARTESIAN_POINT('',(1.86863850843,6.04263613463,-5.8));
#4470 = CARTESIAN_POINT('',(1.13704866234,6.21097334795,-5.8));
#4471 = CARTESIAN_POINT('',(0.393921286604,6.26938522551,-5.8));
#4472 = CARTESIAN_POINT('',(0.262694407656,6.27625321261,-5.8));
#4473 = CARTESIAN_POINT('',(0.131347409582,6.27968696651,-5.8));
#4474 = CARTESIAN_POINT('',(3.40172334745E-12,6.27968652411,-5.8));
#4475 = FACE_BOUND('',#4476,.T.);
#4476 = EDGE_LOOP('',(#4477,#4478,#4479,#4480));
#4477 = ORIENTED_EDGE('',*,*,#4344,.T.);
#4478 = ORIENTED_EDGE('',*,*,#4381,.T.);
#4479 = ORIENTED_EDGE('',*,*,#4372,.T.);
#4480 = ORIENTED_EDGE('',*,*,#4353,.T.);
#4481 = PLANE('',#4482);
#4482 = AXIS2_PLACEMENT_3D('',#4483,#4484,#4485);
#4483 = CARTESIAN_POINT('',(6.27968753337,0.,-5.8));
#4484 = DIRECTION('',(0.,0.,-1.));
#4485 = DIRECTION('',(0.,1.,0.));
#4486 = ADVANCED_FACE('',(#4487),#4516,.F.);
#4487 = FACE_BOUND('',#4488,.F.);
#4488 = EDGE_LOOP('',(#4489,#4498,#4507,#4514,#4515));
#4489 = ORIENTED_EDGE('',*,*,#4490,.F.);
#4490 = EDGE_CURVE('',#4491,#4397,#4493,.T.);
#4491 = VERTEX_POINT('',#4492);
#4492 = CARTESIAN_POINT('',(-4.4408920985E-16,-6.54088156322,
    -6.06119402985));
#4493 = CIRCLE('',#4494,0.261194029851);
#4494 = AXIS2_PLACEMENT_3D('',#4495,#4496,#4497);
#4495 = CARTESIAN_POINT('',(-4.4408920985E-16,-6.27968753337,
    -6.06119402985));
#4496 = DIRECTION('',(-1.,0.,0.));
#4497 = DIRECTION('',(0.,0.,-1.));
#4498 = ORIENTED_EDGE('',*,*,#4499,.T.);
#4499 = EDGE_CURVE('',#4491,#4500,#4502,.T.);
#4500 = VERTEX_POINT('',#4501);
#4501 = CARTESIAN_POINT('',(3.5693775715E-16,6.54088156322,
    -6.06119402985));
#4502 = CIRCLE('',#4503,6.54088156322);
#4503 = AXIS2_PLACEMENT_3D('',#4504,#4505,#4506);
#4504 = CARTESIAN_POINT('',(-4.4408920985E-16,0.,-6.06119402985));
#4505 = DIRECTION('',(-0.,0.,1.));
#4506 = DIRECTION('',(1.,0.,0.));
#4507 = ORIENTED_EDGE('',*,*,#4508,.T.);
#4508 = EDGE_CURVE('',#4500,#4439,#4509,.T.);
#4509 = CIRCLE('',#4510,0.261194029851);
#4510 = AXIS2_PLACEMENT_3D('',#4511,#4512,#4513);
#4511 = CARTESIAN_POINT('',(3.24950713889E-16,6.27968753337,
    -6.06119402985));
#4512 = DIRECTION('',(1.,-1.22464679915E-16,0.));
#4513 = DIRECTION('',(1.22464679915E-16,1.,0.));
#4514 = ORIENTED_EDGE('',*,*,#4458,.F.);
#4515 = ORIENTED_EDGE('',*,*,#4396,.F.);
#4516 = TOROIDAL_SURFACE('',#4517,6.27968753337,0.261194029851);
#4517 = AXIS2_PLACEMENT_3D('',#4518,#4519,#4520);
#4518 = CARTESIAN_POINT('',(-4.4408920985E-16,0.,-6.06119402985));
#4519 = DIRECTION('',(0.,0.,1.));
#4520 = DIRECTION('',(0.,-1.,0.));
#4521 = ADVANCED_FACE('',(#4522),#4535,.F.);
#4522 = FACE_BOUND('',#4523,.F.);
#4523 = EDGE_LOOP('',(#4524,#4525,#4532,#4533,#4534));
#4524 = ORIENTED_EDGE('',*,*,#4508,.F.);
#4525 = ORIENTED_EDGE('',*,*,#4526,.T.);
#4526 = EDGE_CURVE('',#4500,#4491,#4527,.T.);
#4527 = CIRCLE('',#4528,6.54088156322);
#4528 = AXIS2_PLACEMENT_3D('',#4529,#4530,#4531);
#4529 = CARTESIAN_POINT('',(-4.4408920985E-16,0.,-6.06119402985));
#4530 = DIRECTION('',(-0.,0.,1.));
#4531 = DIRECTION('',(1.,0.,0.));
#4532 = ORIENTED_EDGE('',*,*,#4490,.T.);
#4533 = ORIENTED_EDGE('',*,*,#4418,.F.);
#4534 = ORIENTED_EDGE('',*,*,#4438,.F.);
#4535 = TOROIDAL_SURFACE('',#4536,6.27968753337,0.261194029851);
#4536 = AXIS2_PLACEMENT_3D('',#4537,#4538,#4539);
#4537 = CARTESIAN_POINT('',(-4.4408920985E-16,0.,-6.06119402985));
#4538 = DIRECTION('',(0.,0.,1.));
#4539 = DIRECTION('',(1.22464679915E-16,1.,-0.));
#4540 = ADVANCED_FACE('',(#4541),#4578,.F.);
#4541 = FACE_BOUND('',#4542,.F.);
#4542 = EDGE_LOOP('',(#4543,#4552,#4553,#4562,#4571));
#4543 = ORIENTED_EDGE('',*,*,#4544,.T.);
#4544 = EDGE_CURVE('',#4545,#4500,#4547,.T.);
#4545 = VERTEX_POINT('',#4546);
#4546 = CARTESIAN_POINT('',(3.3790770265E-16,6.38548937575,-6.3));
#4547 = CIRCLE('',#4548,0.261194029851);
#4548 = AXIS2_PLACEMENT_3D('',#4549,#4550,#4551);
#4549 = CARTESIAN_POINT('',(3.24950713889E-16,6.27968753337,
    -6.06119402985));
#4550 = DIRECTION('',(1.,-1.22464679915E-16,0.));
#4551 = DIRECTION('',(1.22464679915E-16,1.,0.));
#4552 = ORIENTED_EDGE('',*,*,#4499,.F.);
#4553 = ORIENTED_EDGE('',*,*,#4554,.F.);
#4554 = EDGE_CURVE('',#4555,#4491,#4557,.T.);
#4555 = VERTEX_POINT('',#4556);
#4556 = CARTESIAN_POINT('',(-4.4408920985E-16,-6.38548937575,-6.3));
#4557 = CIRCLE('',#4558,0.261194029851);
#4558 = AXIS2_PLACEMENT_3D('',#4559,#4560,#4561);
#4559 = CARTESIAN_POINT('',(-4.4408920985E-16,-6.27968753337,
    -6.06119402985));
#4560 = DIRECTION('',(-1.,0.,0.));
#4561 = DIRECTION('',(0.,0.,-1.));
#4562 = ORIENTED_EDGE('',*,*,#4563,.T.);
#4563 = EDGE_CURVE('',#4555,#4564,#4566,.T.);
#4564 = VERTEX_POINT('',#4565);
#4565 = CARTESIAN_POINT('',(6.38548937575,-3.9099845625E-16,-6.3));
#4566 = CIRCLE('',#4567,6.38548937575);
#4567 = AXIS2_PLACEMENT_3D('',#4568,#4569,#4570);
#4568 = CARTESIAN_POINT('',(-4.4408920985E-16,0.,-6.3));
#4569 = DIRECTION('',(-0.,0.,1.));
#4570 = DIRECTION('',(1.,0.,0.));
#4571 = ORIENTED_EDGE('',*,*,#4572,.T.);
#4572 = EDGE_CURVE('',#4564,#4545,#4573,.T.);
#4573 = CIRCLE('',#4574,6.38548937575);
#4574 = AXIS2_PLACEMENT_3D('',#4575,#4576,#4577);
#4575 = CARTESIAN_POINT('',(-4.4408920985E-16,0.,-6.3));
#4576 = DIRECTION('',(-0.,0.,1.));
#4577 = DIRECTION('',(1.,0.,0.));
#4578 = TOROIDAL_SURFACE('',#4579,6.27968753337,0.261194029851);
#4579 = AXIS2_PLACEMENT_3D('',#4580,#4581,#4582);
#4580 = CARTESIAN_POINT('',(-4.4408920985E-16,0.,-6.06119402985));
#4581 = DIRECTION('',(0.,0.,1.));
#4582 = DIRECTION('',(0.,-1.,0.));
#4583 = ADVANCED_FACE('',(#4584),#4605,.F.);
#4584 = FACE_BOUND('',#4585,.F.);
#4585 = EDGE_LOOP('',(#4586,#4587,#4588,#4589,#4598));
#4586 = ORIENTED_EDGE('',*,*,#4554,.T.);
#4587 = ORIENTED_EDGE('',*,*,#4526,.F.);
#4588 = ORIENTED_EDGE('',*,*,#4544,.F.);
#4589 = ORIENTED_EDGE('',*,*,#4590,.T.);
#4590 = EDGE_CURVE('',#4545,#4591,#4593,.T.);
#4591 = VERTEX_POINT('',#4592);
#4592 = CARTESIAN_POINT('',(-6.38548937575,-4.49845849402E-15,-6.3));
#4593 = CIRCLE('',#4594,6.38548937575);
#4594 = AXIS2_PLACEMENT_3D('',#4595,#4596,#4597);
#4595 = CARTESIAN_POINT('',(-4.4408920985E-16,0.,-6.3));
#4596 = DIRECTION('',(-0.,0.,1.));
#4597 = DIRECTION('',(1.,0.,0.));
#4598 = ORIENTED_EDGE('',*,*,#4599,.T.);
#4599 = EDGE_CURVE('',#4591,#4555,#4600,.T.);
#4600 = CIRCLE('',#4601,6.38548937575);
#4601 = AXIS2_PLACEMENT_3D('',#4602,#4603,#4604);
#4602 = CARTESIAN_POINT('',(-4.4408920985E-16,0.,-6.3));
#4603 = DIRECTION('',(-0.,0.,1.));
#4604 = DIRECTION('',(1.,0.,0.));
#4605 = TOROIDAL_SURFACE('',#4606,6.27968753337,0.261194029851);
#4606 = AXIS2_PLACEMENT_3D('',#4607,#4608,#4609);
#4607 = CARTESIAN_POINT('',(-4.4408920985E-16,0.,-6.06119402985));
#4608 = DIRECTION('',(0.,0.,1.));
#4609 = DIRECTION('',(1.22464679915E-16,1.,-0.));
#4610 = ADVANCED_FACE('',(#4611),#4649,.F.);
#4611 = FACE_BOUND('',#4612,.F.);
#4612 = EDGE_LOOP('',(#4613,#4622,#4631,#4640,#4647,#4648));
#4613 = ORIENTED_EDGE('',*,*,#4614,.T.);
#4614 = EDGE_CURVE('',#4555,#4615,#4617,.T.);
#4615 = VERTEX_POINT('',#4616);
#4616 = CARTESIAN_POINT('',(-2.44249065418E-15,-3.54999999825,-6.9));
#4617 = ( BOUNDED_CURVE() B_SPLINE_CURVE(3,(#4618,#4619,#4620,#4621),
.UNSPECIFIED.,.F.,.F.) B_SPLINE_CURVE_WITH_KNOTS((4,4),(0.,4.91111151194
),.PIECEWISE_BEZIER_KNOTS.) CURVE() GEOMETRIC_REPRESENTATION_ITEM() 
RATIONAL_B_SPLINE_CURVE((1.,0.985557854029,0.985557854029,1.)) 
REPRESENTATION_ITEM('') );
#4618 = CARTESIAN_POINT('',(2.36310577615E-16,-6.38548937575,-6.3));
#4619 = CARTESIAN_POINT('',(4.25188107441E-16,-5.4892620134,
    -6.69706924441));
#4620 = CARTESIAN_POINT('',(-4.98480935138E-16,-4.53024867757,-6.9));
#4621 = CARTESIAN_POINT('',(-5.34757423528E-16,-3.55,-6.9));
#4622 = ORIENTED_EDGE('',*,*,#4623,.T.);
#4623 = EDGE_CURVE('',#4615,#4624,#4626,.T.);
#4624 = VERTEX_POINT('',#4625);
#4625 = CARTESIAN_POINT('',(3.55000000075,0.,-6.9));
#4626 = ( BOUNDED_CURVE() B_SPLINE_CURVE(3,(#4627,#4628,#4629,#4630),
.UNSPECIFIED.,.F.,.F.) B_SPLINE_CURVE_WITH_KNOTS((4,4),(0.,14.96625005),
.PIECEWISE_BEZIER_KNOTS.) CURVE() GEOMETRIC_REPRESENTATION_ITEM() 
RATIONAL_B_SPLINE_CURVE((1.,0.666666666667,0.5,0.5)) REPRESENTATION_ITEM
('') );
#4627 = CARTESIAN_POINT('',(-6.66133814775E-16,-3.55,-6.9));
#4628 = CARTESIAN_POINT('',(1.775,-3.55,-6.9));
#4629 = CARTESIAN_POINT('',(3.55,-2.36666666667,-6.9));
#4630 = CARTESIAN_POINT('',(3.55,-4.4408920985E-16,-6.9));
#4631 = ORIENTED_EDGE('',*,*,#4632,.T.);
#4632 = EDGE_CURVE('',#4624,#4633,#4635,.T.);
#4633 = VERTEX_POINT('',#4634);
#4634 = CARTESIAN_POINT('',(7.77156117238E-16,3.54999999825,-6.9));
#4635 = ( BOUNDED_CURVE() B_SPLINE_CURVE(3,(#4636,#4637,#4638,#4639),
.UNSPECIFIED.,.F.,.F.) B_SPLINE_CURVE_WITH_KNOTS((4,4),(14.96625005,
29.9325001001),.PIECEWISE_BEZIER_KNOTS.) CURVE() 
GEOMETRIC_REPRESENTATION_ITEM() RATIONAL_B_SPLINE_CURVE((0.5,0.5,
0.666666666667,1.)) REPRESENTATION_ITEM('') );
#4636 = CARTESIAN_POINT('',(3.55,0.,-6.9));
#4637 = CARTESIAN_POINT('',(3.55,2.36666666667,-6.9));
#4638 = CARTESIAN_POINT('',(1.775,3.55,-6.9));
#4639 = CARTESIAN_POINT('',(-6.66133814775E-16,3.55,-6.9));
#4640 = ORIENTED_EDGE('',*,*,#4641,.F.);
#4641 = EDGE_CURVE('',#4545,#4633,#4642,.T.);
#4642 = ( BOUNDED_CURVE() B_SPLINE_CURVE(3,(#4643,#4644,#4645,#4646),
.UNSPECIFIED.,.F.,.F.) B_SPLINE_CURVE_WITH_KNOTS((4,4),(0.,4.91111151194
),.PIECEWISE_BEZIER_KNOTS.) CURVE() GEOMETRIC_REPRESENTATION_ITEM() 
RATIONAL_B_SPLINE_CURVE((1.,0.985557854029,0.985557854029,1.)) 
REPRESENTATION_ITEM('') );
#4643 = CARTESIAN_POINT('',(7.08931732846E-16,6.38548937575,-6.3));
#4644 = CARTESIAN_POINT('',(8.31475112473E-16,5.4892620134,
    -6.69706924441));
#4645 = CARTESIAN_POINT('',(-1.63175175864E-16,4.53024867757,-6.9));
#4646 = CARTESIAN_POINT('',(-2.72004641033E-16,3.55,-6.9));
#4647 = ORIENTED_EDGE('',*,*,#4572,.F.);
#4648 = ORIENTED_EDGE('',*,*,#4563,.F.);
#4649 = ( BOUNDED_SURFACE() B_SPLINE_SURFACE(3,3,(
    (#4650,#4651,#4652,#4653)
    ,(#4654,#4655,#4656,#4657)
    ,(#4658,#4659,#4660,#4661)
    ,(#4662,#4663,#4664,#4665
)),.UNSPECIFIED.,.F.,.F.,.F.) B_SPLINE_SURFACE_WITH_KNOTS((4,4),(4,4),(
    0.,4.91111151194),(0.,29.9325001001),.PIECEWISE_BEZIER_KNOTS.) 
GEOMETRIC_REPRESENTATION_ITEM() RATIONAL_B_SPLINE_SURFACE((
    (1.,0.333333333333,0.333333333333,1.)
    ,(0.985557854029,0.328519284676,0.328519284676,0.985557854029)
    ,(0.985557854029,0.328519284676,0.328519284676,0.985557854029)
,(1.,0.333333333333,0.333333333333,1.
))) REPRESENTATION_ITEM('') SURFACE() );
#4650 = CARTESIAN_POINT('',(0.,-6.38548937575,-6.3));
#4651 = CARTESIAN_POINT('',(12.7709787515,-6.38548937575,-6.3));
#4652 = CARTESIAN_POINT('',(12.7709787515,6.38548937575,-6.3));
#4653 = CARTESIAN_POINT('',(0.,6.38548937575,-6.3));
#4654 = CARTESIAN_POINT('',(2.22044604925E-16,-5.4892620134,
    -6.69706924441));
#4655 = CARTESIAN_POINT('',(10.9785240268,-5.4892620134,-6.69706924441)
  );
#4656 = CARTESIAN_POINT('',(10.9785240268,5.4892620134,-6.69706924441));
#4657 = CARTESIAN_POINT('',(2.22044604925E-16,5.4892620134,
    -6.69706924441));
#4658 = CARTESIAN_POINT('',(-6.66133814775E-16,-4.53024867757,-6.9));
#4659 = CARTESIAN_POINT('',(9.06049735514,-4.53024867757,-6.9));
#4660 = CARTESIAN_POINT('',(9.06049735514,4.53024867757,-6.9));
#4661 = CARTESIAN_POINT('',(-6.66133814775E-16,4.53024867757,-6.9));
#4662 = CARTESIAN_POINT('',(-6.66133814775E-16,-3.55,-6.9));
#4663 = CARTESIAN_POINT('',(7.1,-3.55,-6.9));
#4664 = CARTESIAN_POINT('',(7.1,3.55,-6.9));
#4665 = CARTESIAN_POINT('',(-6.66133814775E-16,3.55,-6.9));
#4666 = ADVANCED_FACE('',(#4667),#4689,.F.);
#4667 = FACE_BOUND('',#4668,.F.);
#4668 = EDGE_LOOP('',(#4669,#4670,#4679,#4686,#4687,#4688));
#4669 = ORIENTED_EDGE('',*,*,#4641,.T.);
#4670 = ORIENTED_EDGE('',*,*,#4671,.T.);
#4671 = EDGE_CURVE('',#4633,#4672,#4674,.T.);
#4672 = VERTEX_POINT('',#4673);
#4673 = CARTESIAN_POINT('',(-3.55000000075,-6.93889390391E-18,-6.9));
#4674 = ( BOUNDED_CURVE() B_SPLINE_CURVE(3,(#4675,#4676,#4677,#4678),
.UNSPECIFIED.,.F.,.F.) B_SPLINE_CURVE_WITH_KNOTS((4,4),(29.9325001001,
44.8987501501),.PIECEWISE_BEZIER_KNOTS.) CURVE() 
GEOMETRIC_REPRESENTATION_ITEM() RATIONAL_B_SPLINE_CURVE((1.,
0.666666666667,0.5,0.5)) REPRESENTATION_ITEM('') );
#4675 = CARTESIAN_POINT('',(-6.66133814775E-16,3.55,-6.9));
#4676 = CARTESIAN_POINT('',(-1.775,3.55,-6.9));
#4677 = CARTESIAN_POINT('',(-3.55,2.36666666667,-6.9));
#4678 = CARTESIAN_POINT('',(-3.55,-1.33226762955E-15,-6.9));
#4679 = ORIENTED_EDGE('',*,*,#4680,.T.);
#4680 = EDGE_CURVE('',#4672,#4615,#4681,.T.);
#4681 = ( BOUNDED_CURVE() B_SPLINE_CURVE(3,(#4682,#4683,#4684,#4685),
.UNSPECIFIED.,.F.,.F.) B_SPLINE_CURVE_WITH_KNOTS((4,4),(44.8987501501,
59.8650002002),.PIECEWISE_BEZIER_KNOTS.) CURVE() 
GEOMETRIC_REPRESENTATION_ITEM() RATIONAL_B_SPLINE_CURVE((0.5,0.5,
0.666666666667,1.)) REPRESENTATION_ITEM('') );
#4682 = CARTESIAN_POINT('',(-3.55,-1.55431223448E-15,-6.9));
#4683 = CARTESIAN_POINT('',(-3.55,-2.36666666667,-6.9));
#4684 = CARTESIAN_POINT('',(-1.775,-3.55,-6.9));
#4685 = CARTESIAN_POINT('',(-6.66133814775E-16,-3.55,-6.9));
#4686 = ORIENTED_EDGE('',*,*,#4614,.F.);
#4687 = ORIENTED_EDGE('',*,*,#4599,.F.);
#4688 = ORIENTED_EDGE('',*,*,#4590,.F.);
#4689 = ( BOUNDED_SURFACE() B_SPLINE_SURFACE(3,3,(
    (#4690,#4691,#4692,#4693)
    ,(#4694,#4695,#4696,#4697)
    ,(#4698,#4699,#4700,#4701)
    ,(#4702,#4703,#4704,#4705
)),.UNSPECIFIED.,.F.,.F.,.F.) B_SPLINE_SURFACE_WITH_KNOTS((4,4),(4,4),(
    0.,4.91111151194),(29.9325001001,59.8650002002),
.PIECEWISE_BEZIER_KNOTS.) GEOMETRIC_REPRESENTATION_ITEM() 
RATIONAL_B_SPLINE_SURFACE((
    (1.,0.333333333333,0.333333333333,1.)
    ,(0.985557854029,0.328519284676,0.328519284676,0.985557854029)
    ,(0.985557854029,0.328519284676,0.328519284676,0.985557854029)
,(1.,0.333333333333,0.333333333333,1.
))) REPRESENTATION_ITEM('') SURFACE() );
#4690 = CARTESIAN_POINT('',(0.,6.38548937575,-6.3));
#4691 = CARTESIAN_POINT('',(-12.7709787515,6.38548937575,-6.3));
#4692 = CARTESIAN_POINT('',(-12.7709787515,-6.38548937575,-6.3));
#4693 = CARTESIAN_POINT('',(0.,-6.38548937575,-6.3));
#4694 = CARTESIAN_POINT('',(2.22044604925E-16,5.4892620134,
    -6.69706924441));
#4695 = CARTESIAN_POINT('',(-10.9785240268,5.4892620134,-6.69706924441)
  );
#4696 = CARTESIAN_POINT('',(-10.9785240268,-5.4892620134,-6.69706924441)
  );
#4697 = CARTESIAN_POINT('',(2.22044604925E-16,-5.4892620134,
    -6.69706924441));
#4698 = CARTESIAN_POINT('',(-6.66133814775E-16,4.53024867757,-6.9));
#4699 = CARTESIAN_POINT('',(-9.06049735514,4.53024867757,-6.9));
#4700 = CARTESIAN_POINT('',(-9.06049735514,-4.53024867757,-6.9));
#4701 = CARTESIAN_POINT('',(-6.66133814775E-16,-4.53024867757,-6.9));
#4702 = CARTESIAN_POINT('',(-6.66133814775E-16,3.55,-6.9));
#4703 = CARTESIAN_POINT('',(-7.1,3.55,-6.9));
#4704 = CARTESIAN_POINT('',(-7.1,-3.55,-6.9));
#4705 = CARTESIAN_POINT('',(-6.66133814775E-16,-3.55,-6.9));
#4706 = ADVANCED_FACE('',(#4707,#4713),#4789,.T.);
#4707 = FACE_BOUND('',#4708,.T.);
#4708 = EDGE_LOOP('',(#4709,#4710,#4711,#4712));
#4709 = ORIENTED_EDGE('',*,*,#4632,.T.);
#4710 = ORIENTED_EDGE('',*,*,#4671,.T.);
#4711 = ORIENTED_EDGE('',*,*,#4680,.T.);
#4712 = ORIENTED_EDGE('',*,*,#4623,.T.);
#4713 = FACE_BOUND('',#4714,.T.);
#4714 = EDGE_LOOP('',(#4715,#4737,#4754,#4774));
#4715 = ORIENTED_EDGE('',*,*,#4716,.F.);
#4716 = EDGE_CURVE('',#4717,#4719,#4721,.T.);
#4717 = VERTEX_POINT('',#4718);
#4718 = CARTESIAN_POINT('',(2.22044604925E-16,-2.75,-6.9));
#4719 = VERTEX_POINT('',#4720);
#4720 = CARTESIAN_POINT('',(2.75,-8.33221707051E-16,-6.9));
#4721 = B_SPLINE_CURVE_WITH_KNOTS('',5,(#4722,#4723,#4724,#4725,#4726,
    #4727,#4728,#4729,#4730,#4731,#4732,#4733,#4734,#4735,#4736),
  .UNSPECIFIED.,.F.,.F.,(6,3,3,3,6),(6.10882727336,6.89332734644,
    9.19110313361,11.488878927,12.2171489382),.UNSPECIFIED.);
#4722 = CARTESIAN_POINT('',(2.7559871052E-11,-2.74999675941,-6.9));
#4723 = CARTESIAN_POINT('',(0.110948629189,-2.74999770311,-6.9));
#4724 = CARTESIAN_POINT('',(0.2218964236,-2.74440364523,-6.9));
#4725 = CARTESIAN_POINT('',(0.332466695621,-2.73321430595,-6.9));
#4726 = CARTESIAN_POINT('',(0.763932219498,-2.66741570237,-6.9));
#4727 = CARTESIAN_POINT('',(1.17809242079,-2.51700108348,-6.9));
#4728 = CARTESIAN_POINT('',(1.46798642908,-2.35970626428,-6.9));
#4729 = CARTESIAN_POINT('',(1.99260305415,-1.96426208733,-6.9));
#4730 = CARTESIAN_POINT('',(2.38049043431,-1.43403678395,-6.9));
#4731 = CARTESIAN_POINT('',(2.53361737256,-1.1419197953,-6.9));
#4732 = CARTESIAN_POINT('',(2.67544900905,-0.733240046906,-6.9));
#4733 = CARTESIAN_POINT('',(2.73549282667,-0.309052636803,-6.9));
#4734 = CARTESIAN_POINT('',(2.74517838901,-0.205985927372,-6.9));
#4735 = CARTESIAN_POINT('',(2.75,-0.102992932692,-6.9));
#4736 = CARTESIAN_POINT('',(2.75,5.55111512313E-16,-6.9));
#4737 = ORIENTED_EDGE('',*,*,#4738,.F.);
#4738 = EDGE_CURVE('',#4739,#4717,#4741,.T.);
#4739 = VERTEX_POINT('',#4740);
#4740 = CARTESIAN_POINT('',(-2.75,4.50956696024E-16,-6.9));
#4741 = B_SPLINE_CURVE_WITH_KNOTS('',5,(#4742,#4743,#4744,#4745,#4746,
    #4747,#4748,#4749,#4750,#4751,#4752,#4753),.UNSPECIFIED.,.F.,.F.,(6,
    3,3,6),(0.,2.29777578434,4.59555156816,6.10882727336),
  .UNSPECIFIED.);
#4742 = CARTESIAN_POINT('',(-2.75,0.,-6.9));
#4743 = CARTESIAN_POINT('',(-2.75,-0.324954567751,-6.9));
#4744 = CARTESIAN_POINT('',(-2.7020020586,-0.649908518417,-6.9));
#4745 = CARTESIAN_POINT('',(-2.60597864273,-0.965439341821,-6.9));
#4746 = CARTESIAN_POINT('',(-2.3236628344,-1.55864797493,-6.9));
#4747 = CARTESIAN_POINT('',(-1.88190432515,-2.04490398685,-6.9));
#4748 = CARTESIAN_POINT('',(-1.62639041586,-2.25345335583,-6.9));
#4749 = CARTESIAN_POINT('',(-1.15791748524,-2.53157924226,-6.9));
#4750 = CARTESIAN_POINT('',(-0.639354767297,-2.68753767439,-6.9));
#4751 = CARTESIAN_POINT('',(-0.428035864189,-2.72917457453,-6.9));
#4752 = CARTESIAN_POINT('',(-0.214016379061,-2.74999493905,-6.9));
#4753 = CARTESIAN_POINT('',(2.7559871052E-11,-2.74999675941,-6.9));
#4754 = ORIENTED_EDGE('',*,*,#4755,.F.);
#4755 = EDGE_CURVE('',#4756,#4739,#4758,.T.);
#4756 = VERTEX_POINT('',#4757);
#4757 = CARTESIAN_POINT('',(1.78006780178E-15,2.75,-6.9));
#4758 = B_SPLINE_CURVE_WITH_KNOTS('',5,(#4759,#4760,#4761,#4762,#4763,
    #4764,#4765,#4766,#4767,#4768,#4769,#4770,#4771,#4772,#4773),
  .UNSPECIFIED.,.F.,.F.,(6,3,3,3,6),(6.10882727339,6.89332734647,
    9.19110313364,11.4888789271,12.2171489383),.UNSPECIFIED.);
#4759 = CARTESIAN_POINT('',(-2.75619388423E-11,2.74999675941,-6.9));
#4760 = CARTESIAN_POINT('',(-0.110948629189,2.74999770311,-6.9));
#4761 = CARTESIAN_POINT('',(-0.2218964236,2.74440364523,-6.9));
#4762 = CARTESIAN_POINT('',(-0.332466695621,2.73321430594,-6.9));
#4763 = CARTESIAN_POINT('',(-0.763932219498,2.66741570237,-6.9));
#4764 = CARTESIAN_POINT('',(-1.17809242079,2.51700108348,-6.9));
#4765 = CARTESIAN_POINT('',(-1.46798642908,2.35970626428,-6.9));
#4766 = CARTESIAN_POINT('',(-1.99260305415,1.96426208732,-6.9));
#4767 = CARTESIAN_POINT('',(-2.38049043431,1.43403678394,-6.9));
#4768 = CARTESIAN_POINT('',(-2.53361737256,1.1419197953,-6.9));
#4769 = CARTESIAN_POINT('',(-2.67544900905,0.733240046908,-6.9));
#4770 = CARTESIAN_POINT('',(-2.73549282667,0.309052636803,-6.9));
#4771 = CARTESIAN_POINT('',(-2.74517838901,0.205985927372,-6.9));
#4772 = CARTESIAN_POINT('',(-2.75,0.102992932692,-6.9));
#4773 = CARTESIAN_POINT('',(-2.75,6.10622663544E-16,-6.9));
#4774 = ORIENTED_EDGE('',*,*,#4775,.F.);
#4775 = EDGE_CURVE('',#4719,#4756,#4776,.T.);
#4776 = B_SPLINE_CURVE_WITH_KNOTS('',5,(#4777,#4778,#4779,#4780,#4781,
    #4782,#4783,#4784,#4785,#4786,#4787,#4788),.UNSPECIFIED.,.F.,.F.,(6,
    3,3,6),(0.,2.29777578436,4.5955515682,6.10882727339),.UNSPECIFIED.);
#4777 = CARTESIAN_POINT('',(2.75,2.22044604925E-16,-6.9));
#4778 = CARTESIAN_POINT('',(2.75,0.324954567753,-6.9));
#4779 = CARTESIAN_POINT('',(2.70200205859,0.649908518421,-6.9));
#4780 = CARTESIAN_POINT('',(2.60597864273,0.965439341816,-6.9));
#4781 = CARTESIAN_POINT('',(2.3236628344,1.55864797493,-6.9));
#4782 = CARTESIAN_POINT('',(1.88190432515,2.04490398685,-6.9));
#4783 = CARTESIAN_POINT('',(1.62639041587,2.25345335583,-6.9));
#4784 = CARTESIAN_POINT('',(1.15791748524,2.53157924226,-6.9));
#4785 = CARTESIAN_POINT('',(0.639354767297,2.68753767439,-6.9));
#4786 = CARTESIAN_POINT('',(0.428035864189,2.72917457453,-6.9));
#4787 = CARTESIAN_POINT('',(0.214016379061,2.74999493905,-6.9));
#4788 = CARTESIAN_POINT('',(-2.75619388423E-11,2.74999675941,-6.9));
#4789 = PLANE('',#4790);
#4790 = AXIS2_PLACEMENT_3D('',#4791,#4792,#4793);
#4791 = CARTESIAN_POINT('',(3.77475828373E-15,0.,-6.9));
#4792 = DIRECTION('',(-0.,0.,1.));
#4793 = DIRECTION('',(0.,-1.,0.));
#4794 = ADVANCED_FACE('',(#4795),#4833,.F.);
#4795 = FACE_BOUND('',#4796,.F.);
#4796 = EDGE_LOOP('',(#4797,#4806,#4815,#4824,#4831,#4832));
#4797 = ORIENTED_EDGE('',*,*,#4798,.F.);
#4798 = EDGE_CURVE('',#4799,#4717,#4801,.T.);
#4799 = VERTEX_POINT('',#4800);
#4800 = CARTESIAN_POINT('',(-6.66133814775E-16,-1.75,-5.9));
#4801 = CIRCLE('',#4802,1.);
#4802 = AXIS2_PLACEMENT_3D('',#4803,#4804,#4805);
#4803 = CARTESIAN_POINT('',(2.22044604925E-16,-2.75,-5.9));
#4804 = DIRECTION('',(-1.,0.,0.));
#4805 = DIRECTION('',(0.,0.,-1.));
#4806 = ORIENTED_EDGE('',*,*,#4807,.T.);
#4807 = EDGE_CURVE('',#4799,#4808,#4810,.T.);
#4808 = VERTEX_POINT('',#4809);
#4809 = CARTESIAN_POINT('',(1.75,2.27211355069E-16,-5.9));
#4810 = CIRCLE('',#4811,1.75);
#4811 = AXIS2_PLACEMENT_3D('',#4812,#4813,#4814);
#4812 = CARTESIAN_POINT('',(2.22044604925E-16,-5.42101086243E-17,-5.9));
#4813 = DIRECTION('',(-0.,0.,1.));
#4814 = DIRECTION('',(1.,0.,0.));
#4815 = ORIENTED_EDGE('',*,*,#4816,.T.);
#4816 = EDGE_CURVE('',#4808,#4817,#4819,.T.);
#4817 = VERTEX_POINT('',#4818);
#4818 = CARTESIAN_POINT('',(-4.51820624924E-16,1.75,-5.9));
#4819 = CIRCLE('',#4820,1.75);
#4820 = AXIS2_PLACEMENT_3D('',#4821,#4822,#4823);
#4821 = CARTESIAN_POINT('',(2.22044604925E-16,-5.42101086243E-17,-5.9));
#4822 = DIRECTION('',(-0.,0.,1.));
#4823 = DIRECTION('',(1.,0.,0.));
#4824 = ORIENTED_EDGE('',*,*,#4825,.T.);
#4825 = EDGE_CURVE('',#4817,#4756,#4826,.T.);
#4826 = CIRCLE('',#4827,1.);
#4827 = AXIS2_PLACEMENT_3D('',#4828,#4829,#4830);
#4828 = CARTESIAN_POINT('',(1.78006780178E-15,2.75,-5.9));
#4829 = DIRECTION('',(1.,-5.66553889765E-16,0.));
#4830 = DIRECTION('',(5.66553889765E-16,1.,0.));
#4831 = ORIENTED_EDGE('',*,*,#4775,.F.);
#4832 = ORIENTED_EDGE('',*,*,#4716,.F.);
#4833 = TOROIDAL_SURFACE('',#4834,2.75,1.);
#4834 = AXIS2_PLACEMENT_3D('',#4835,#4836,#4837);
#4835 = CARTESIAN_POINT('',(2.22044604925E-16,-5.42101086243E-17,-5.9));
#4836 = DIRECTION('',(0.,0.,1.));
#4837 = DIRECTION('',(0.,-1.,0.));
#4838 = ADVANCED_FACE('',(#4839),#4861,.F.);
#4839 = FACE_BOUND('',#4840,.F.);
#4840 = EDGE_LOOP('',(#4841,#4842,#4851,#4858,#4859,#4860));
#4841 = ORIENTED_EDGE('',*,*,#4825,.F.);
#4842 = ORIENTED_EDGE('',*,*,#4843,.T.);
#4843 = EDGE_CURVE('',#4817,#4844,#4846,.T.);
#4844 = VERTEX_POINT('',#4845);
#4845 = CARTESIAN_POINT('',(-1.75,2.67259676152E-16,-5.9));
#4846 = CIRCLE('',#4847,1.75);
#4847 = AXIS2_PLACEMENT_3D('',#4848,#4849,#4850);
#4848 = CARTESIAN_POINT('',(2.22044604925E-16,-5.42101086243E-17,-5.9));
#4849 = DIRECTION('',(-0.,0.,1.));
#4850 = DIRECTION('',(1.,0.,0.));
#4851 = ORIENTED_EDGE('',*,*,#4852,.T.);
#4852 = EDGE_CURVE('',#4844,#4799,#4853,.T.);
#4853 = CIRCLE('',#4854,1.75);
#4854 = AXIS2_PLACEMENT_3D('',#4855,#4856,#4857);
#4855 = CARTESIAN_POINT('',(2.22044604925E-16,-5.42101086243E-17,-5.9));
#4856 = DIRECTION('',(-0.,0.,1.));
#4857 = DIRECTION('',(1.,0.,0.));
#4858 = ORIENTED_EDGE('',*,*,#4798,.T.);
#4859 = ORIENTED_EDGE('',*,*,#4738,.F.);
#4860 = ORIENTED_EDGE('',*,*,#4755,.F.);
#4861 = TOROIDAL_SURFACE('',#4862,2.75,1.);
#4862 = AXIS2_PLACEMENT_3D('',#4863,#4864,#4865);
#4863 = CARTESIAN_POINT('',(2.22044604925E-16,-5.42101086243E-17,-5.9));
#4864 = DIRECTION('',(0.,0.,1.));
#4865 = DIRECTION('',(5.66553889765E-16,1.,-0.));
#4866 = ADVANCED_FACE('',(#4867),#4943,.T.);
#4867 = FACE_BOUND('',#4868,.T.);
#4868 = EDGE_LOOP('',(#4869,#4888,#4908,#4925));
#4869 = ORIENTED_EDGE('',*,*,#4870,.T.);
#4870 = EDGE_CURVE('',#4871,#4873,#4875,.T.);
#4871 = VERTEX_POINT('',#4872);
#4872 = CARTESIAN_POINT('',(1.75,-5.49944762168E-16,-2.80000000037));
#4873 = VERTEX_POINT('',#4874);
#4874 = CARTESIAN_POINT('',(-1.87660997852E-12,1.74999963702,-2.8));
#4875 = B_SPLINE_CURVE_WITH_KNOTS('',5,(#4876,#4877,#4878,#4879,#4880,
    #4881,#4882,#4883,#4884,#4885,#4886,#4887),.UNSPECIFIED.,.F.,.F.,(6,
    3,3,6),(0.,1.37474930991,2.7494986122,3.88745336839),.UNSPECIFIED.);
#4876 = CARTESIAN_POINT('',(1.75,-1.09721259856E-16,-2.8));
#4877 = CARTESIAN_POINT('',(1.75,0.194418911894,-2.8));
#4878 = CARTESIAN_POINT('',(1.72300091908,0.388837278324,-2.8));
#4879 = CARTESIAN_POINT('',(1.66899067092,0.578271203421,-2.8));
#4880 = CARTESIAN_POINT('',(1.50981107695,0.937121254401,-2.8));
#4881 = CARTESIAN_POINT('',(1.25887452428,1.23901635531,-2.8));
#4882 = CARTESIAN_POINT('',(1.11308505173,1.37148427322,-2.8));
#4883 = CARTESIAN_POINT('',(0.816541777522,1.57340411642,-2.8));
#4884 = CARTESIAN_POINT('',(0.479973213927,1.69449577217,-2.8));
#4885 = CARTESIAN_POINT('',(0.32186867573,1.73149734456,-2.8));
#4886 = CARTESIAN_POINT('',(0.160932821893,1.74999880482,-2.8));
#4887 = CARTESIAN_POINT('',(-1.87649201733E-12,1.74999963702,-2.8));
#4888 = ORIENTED_EDGE('',*,*,#4889,.T.);
#4889 = EDGE_CURVE('',#4873,#4890,#4892,.T.);
#4890 = VERTEX_POINT('',#4891);
#4891 = CARTESIAN_POINT('',(-1.75,1.30104260698E-18,-2.8));
#4892 = B_SPLINE_CURVE_WITH_KNOTS('',5,(#4893,#4894,#4895,#4896,#4897,
    #4898,#4899,#4900,#4901,#4902,#4903,#4904,#4905,#4906,#4907),
  .UNSPECIFIED.,.F.,.F.,(6,3,3,3,6),(3.88745336839,4.12424792781,
    5.49899724426,6.87374655051,7.77492514049),.UNSPECIFIED.);
#4893 = CARTESIAN_POINT('',(-1.87649201733E-12,1.74999963702,-2.8));
#4894 = CARTESIAN_POINT('',(-3.34881650182E-02,1.74999981019,-2.8));
#4895 = CARTESIAN_POINT('',(-6.69761987496E-02,1.74919889592,-2.8));
#4896 = CARTESIAN_POINT('',(-0.10043856282,1.74759688956,-2.8));
#4897 = CARTESIAN_POINT('',(-0.327823790281,1.73125061671,-2.8));
#4898 = CARTESIAN_POINT('',(-0.551663862133,1.6779730569,-2.8));
#4899 = CARTESIAN_POINT('',(-0.735071532846,1.60611247572,-2.8));
#4900 = CARTESIAN_POINT('',(-1.07707321471,1.41337858395,-2.8));
#4901 = CARTESIAN_POINT('',(-1.35361454481,1.13474854366,-2.8));
#4902 = CARTESIAN_POINT('',(-1.47154873678,0.976970707155,-2.8));
#4903 = CARTESIAN_POINT('',(-1.62794445907,0.692127261728,-2.8));
#4904 = CARTESIAN_POINT('',(-1.71519363032,0.380931725964,-2.8));
#4905 = CARTESIAN_POINT('',(-1.73839824499,0.254892031204,-2.8));
#4906 = CARTESIAN_POINT('',(-1.75,0.127445898407,-2.8));
#4907 = CARTESIAN_POINT('',(-1.75,-5.42101086243E-17,-2.8));
#4908 = ORIENTED_EDGE('',*,*,#4909,.T.);
#4909 = EDGE_CURVE('',#4890,#4910,#4912,.T.);
#4910 = VERTEX_POINT('',#4911);
#4911 = CARTESIAN_POINT('',(-1.09476019448E-15,-1.75,-2.80000000037));
#4912 = B_SPLINE_CURVE_WITH_KNOTS('',5,(#4913,#4914,#4915,#4916,#4917,
    #4918,#4919,#4920,#4921,#4922,#4923,#4924),.UNSPECIFIED.,.F.,.F.,(6,
    3,3,6),(0.,1.37474930991,2.7494986122,3.88745336839),.UNSPECIFIED.);
#4913 = CARTESIAN_POINT('',(-1.75,-1.09721259856E-16,-2.8));
#4914 = CARTESIAN_POINT('',(-1.75,-0.194418911894,-2.8));
#4915 = CARTESIAN_POINT('',(-1.72300091908,-0.388837278325,-2.8));
#4916 = CARTESIAN_POINT('',(-1.66899067092,-0.57827120342,-2.8));
#4917 = CARTESIAN_POINT('',(-1.50981107695,-0.937121254401,-2.8));
#4918 = CARTESIAN_POINT('',(-1.25887452428,-1.23901635531,-2.8));
#4919 = CARTESIAN_POINT('',(-1.11308505173,-1.37148427322,-2.8));
#4920 = CARTESIAN_POINT('',(-0.816541777522,-1.57340411642,-2.8));
#4921 = CARTESIAN_POINT('',(-0.479973213928,-1.69449577217,-2.8));
#4922 = CARTESIAN_POINT('',(-0.32186867573,-1.73149734456,-2.8));
#4923 = CARTESIAN_POINT('',(-0.160932821893,-1.74999880482,-2.8));
#4924 = CARTESIAN_POINT('',(1.87648854788E-12,-1.74999963702,-2.8));
#4925 = ORIENTED_EDGE('',*,*,#4926,.T.);
#4926 = EDGE_CURVE('',#4910,#4871,#4927,.T.);
#4927 = B_SPLINE_CURVE_WITH_KNOTS('',5,(#4928,#4929,#4930,#4931,#4932,
    #4933,#4934,#4935,#4936,#4937,#4938,#4939,#4940,#4941,#4942),
  .UNSPECIFIED.,.F.,.F.,(6,3,3,3,6),(3.88745336839,4.12424792781,
    5.49899724426,6.87374655051,7.77492514049),.UNSPECIFIED.);
#4928 = CARTESIAN_POINT('',(1.87648854788E-12,-1.74999963702,-2.8));
#4929 = CARTESIAN_POINT('',(3.34881650182E-02,-1.74999981019,-2.8));
#4930 = CARTESIAN_POINT('',(6.69761987497E-02,-1.74919889592,-2.8));
#4931 = CARTESIAN_POINT('',(0.10043856282,-1.74759688956,-2.8));
#4932 = CARTESIAN_POINT('',(0.327823790281,-1.73125061671,-2.8));
#4933 = CARTESIAN_POINT('',(0.551663862134,-1.6779730569,-2.8));
#4934 = CARTESIAN_POINT('',(0.735071532846,-1.60611247572,-2.8));
#4935 = CARTESIAN_POINT('',(1.07707321471,-1.41337858395,-2.8));
#4936 = CARTESIAN_POINT('',(1.35361454481,-1.13474854366,-2.8));
#4937 = CARTESIAN_POINT('',(1.47154873679,-0.976970707155,-2.8));
#4938 = CARTESIAN_POINT('',(1.62794445907,-0.692127261728,-2.8));
#4939 = CARTESIAN_POINT('',(1.71519363032,-0.380931725965,-2.8));
#4940 = CARTESIAN_POINT('',(1.73839824499,-0.254892031203,-2.8));
#4941 = CARTESIAN_POINT('',(1.75,-0.127445898406,-2.8));
#4942 = CARTESIAN_POINT('',(1.75,3.89879101226E-16,-2.8));
#4943 = PLANE('',#4944);
#4944 = AXIS2_PLACEMENT_3D('',#4945,#4946,#4947);
#4945 = CARTESIAN_POINT('',(0.,-5.42101086243E-17,-2.8));
#4946 = DIRECTION('',(-0.,0.,1.));
#4947 = DIRECTION('',(0.,-1.,0.));
#4948 = ADVANCED_FACE('',(#4949),#4967,.T.);
#4949 = FACE_BOUND('',#4950,.T.);
#4950 = EDGE_LOOP('',(#4951,#4957,#4958,#4959,#4965,#4966));
#4951 = ORIENTED_EDGE('',*,*,#4952,.F.);
#4952 = EDGE_CURVE('',#4817,#4873,#4953,.T.);
#4953 = LINE('',#4954,#4955);
#4954 = CARTESIAN_POINT('',(-4.51820624924E-16,1.75,-6.90000000037));
#4955 = VECTOR('',#4956,1.);
#4956 = DIRECTION('',(0.,0.,1.));
#4957 = ORIENTED_EDGE('',*,*,#4843,.T.);
#4958 = ORIENTED_EDGE('',*,*,#4852,.T.);
#4959 = ORIENTED_EDGE('',*,*,#4960,.T.);
#4960 = EDGE_CURVE('',#4799,#4910,#4961,.T.);
#4961 = LINE('',#4962,#4963);
#4962 = CARTESIAN_POINT('',(-1.09476019448E-15,-1.75,-6.90000000037));
#4963 = VECTOR('',#4964,1.);
#4964 = DIRECTION('',(0.,0.,1.));
#4965 = ORIENTED_EDGE('',*,*,#4909,.F.);
#4966 = ORIENTED_EDGE('',*,*,#4889,.F.);
#4967 = CYLINDRICAL_SURFACE('',#4968,1.75);
#4968 = AXIS2_PLACEMENT_3D('',#4969,#4970,#4971);
#4969 = CARTESIAN_POINT('',(-6.66133814775E-16,-5.42101086243E-17,-6.9)
  );
#4970 = DIRECTION('',(-0.,0.,1.));
#4971 = DIRECTION('',(1.22464679915E-16,1.,0.));
#4972 = ADVANCED_FACE('',(#4973),#4981,.T.);
#4973 = FACE_BOUND('',#4974,.T.);
#4974 = EDGE_LOOP('',(#4975,#4976,#4977,#4978,#4979,#4980));
#4975 = ORIENTED_EDGE('',*,*,#4960,.F.);
#4976 = ORIENTED_EDGE('',*,*,#4807,.T.);
#4977 = ORIENTED_EDGE('',*,*,#4816,.T.);
#4978 = ORIENTED_EDGE('',*,*,#4952,.T.);
#4979 = ORIENTED_EDGE('',*,*,#4870,.F.);
#4980 = ORIENTED_EDGE('',*,*,#4926,.F.);
#4981 = CYLINDRICAL_SURFACE('',#4982,1.75);
#4982 = AXIS2_PLACEMENT_3D('',#4983,#4984,#4985);
#4983 = CARTESIAN_POINT('',(-6.66133814775E-16,-5.42101086243E-17,-6.9)
  );
#4984 = DIRECTION('',(-0.,0.,1.));
#4985 = DIRECTION('',(0.,-1.,0.));
#4986 = ADVANCED_FACE('',(#4987),#5006,.T.);
#4987 = FACE_BOUND('',#4988,.T.);
#4988 = EDGE_LOOP('',(#4989,#4996,#4997,#5004,#5005));
#4989 = ORIENTED_EDGE('',*,*,#4990,.F.);
#4990 = EDGE_CURVE('',#3649,#3703,#4991,.T.);
#4991 = CIRCLE('',#4992,0.25);
#4992 = AXIS2_PLACEMENT_3D('',#4993,#4994,#4995);
#4993 = CARTESIAN_POINT('',(6.32946841189E-16,4.71512023189,
    -2.10222060895));
#4994 = DIRECTION('',(1.,-1.22464679915E-16,0.));
#4995 = DIRECTION('',(1.22464679915E-16,1.,0.));
#4996 = ORIENTED_EDGE('',*,*,#3684,.T.);
#4997 = ORIENTED_EDGE('',*,*,#4998,.T.);
#4998 = EDGE_CURVE('',#3658,#3722,#4999,.T.);
#4999 = CIRCLE('',#5000,0.25);
#5000 = AXIS2_PLACEMENT_3D('',#5001,#5002,#5003);
#5001 = CARTESIAN_POINT('',(-1.09936022868E-15,-4.71512023189,
    -2.10222060895));
#5002 = DIRECTION('',(-1.,2.44929359829E-16,0.));
#5003 = DIRECTION('',(-2.44929359829E-16,-1.,0.));
#5004 = ORIENTED_EDGE('',*,*,#3763,.T.);
#5005 = ORIENTED_EDGE('',*,*,#3772,.T.);
#5006 = TOROIDAL_SURFACE('',#5007,4.71512023189,0.25);
#5007 = AXIS2_PLACEMENT_3D('',#5008,#5009,#5010);
#5008 = CARTESIAN_POINT('',(5.55111512313E-17,0.,-2.10222060895));
#5009 = DIRECTION('',(0.,0.,1.));
#5010 = DIRECTION('',(1.22464679915E-16,1.,-0.));
#5011 = ADVANCED_FACE('',(#5012),#5019,.T.);
#5012 = FACE_BOUND('',#5013,.T.);
#5013 = EDGE_LOOP('',(#5014,#5015,#5016,#5017,#5018));
#5014 = ORIENTED_EDGE('',*,*,#4998,.F.);
#5015 = ORIENTED_EDGE('',*,*,#3657,.T.);
#5016 = ORIENTED_EDGE('',*,*,#4990,.T.);
#5017 = ORIENTED_EDGE('',*,*,#3712,.T.);
#5018 = ORIENTED_EDGE('',*,*,#3721,.T.);
#5019 = TOROIDAL_SURFACE('',#5020,4.71512023189,0.25);
#5020 = AXIS2_PLACEMENT_3D('',#5021,#5022,#5023);
#5021 = CARTESIAN_POINT('',(5.55111512313E-17,0.,-2.10222060895));
#5022 = DIRECTION('',(0.,0.,1.));
#5023 = DIRECTION('',(0.,-1.,0.));
#5024 = ADVANCED_FACE('',(#5025,#5031),#5113,.T.);
#5025 = FACE_BOUND('',#5026,.T.);
#5026 = EDGE_LOOP('',(#5027,#5028,#5029,#5030));
#5027 = ORIENTED_EDGE('',*,*,#3489,.F.);
#5028 = ORIENTED_EDGE('',*,*,#3533,.F.);
#5029 = ORIENTED_EDGE('',*,*,#3542,.F.);
#5030 = ORIENTED_EDGE('',*,*,#3478,.F.);
#5031 = FACE_BOUND('',#5032,.T.);
#5032 = EDGE_LOOP('',(#5033,#5055,#5075,#5095));
#5033 = ORIENTED_EDGE('',*,*,#5034,.F.);
#5034 = EDGE_CURVE('',#5035,#5037,#5039,.T.);
#5035 = VERTEX_POINT('',#5036);
#5036 = CARTESIAN_POINT('',(1.20095795351E-15,8.89999999845,
    -0.399999992869));
#5037 = VERTEX_POINT('',#5038);
#5038 = CARTESIAN_POINT('',(8.89999999845,-5.44967825526E-16,
    -0.399999992869));
#5039 = B_SPLINE_CURVE_WITH_KNOTS('',5,(#5040,#5041,#5042,#5043,#5044,
    #5045,#5046,#5047,#5048,#5049,#5050,#5051,#5052,#5053,#5054),
  .UNSPECIFIED.,.F.,.F.,(6,3,3,3,6),(19.7706247271,24.8023120711,
    31.0028900934,37.2034681125,39.539576613),.UNSPECIFIED.);
#5040 = CARTESIAN_POINT('',(-3.54205553776E-12,8.89999887247,-0.4));
#5041 = CARTESIAN_POINT('',(0.711593057743,8.89999663037,-0.4));
#5042 = CARTESIAN_POINT('',(1.4231946522,8.8288734746,-0.4));
#5043 = CARTESIAN_POINT('',(2.12533039537,8.68663142803,-0.4));
#5044 = CARTESIAN_POINT('',(3.6503494678,8.2146164871,-0.4));
#5045 = CARTESIAN_POINT('',(5.03743412836,7.41615361449,-0.4));
#5046 = CARTESIAN_POINT('',(5.7448074449,6.88275144478,-0.4));
#5047 = CARTESIAN_POINT('',(7.01353928441,5.65281244927,-0.4));
#5048 = CARTESIAN_POINT('',(7.94592634593,4.1517865463,-0.4));
#5049 = CARTESIAN_POINT('',(8.31690752926,3.34725696506,-0.4));
#5050 = CARTESIAN_POINT('',(8.68598517318,2.18820945688,-0.4));
#5051 = CARTESIAN_POINT('',(8.85387843208,0.99135953484,-0.4));
#5052 = CARTESIAN_POINT('',(8.88467021725,0.660751325828,-0.4));
#5053 = CARTESIAN_POINT('',(8.90000000075,0.330375632465,-0.4));
#5054 = CARTESIAN_POINT('',(8.90000000075,-3.33066907388E-16,-0.4));
#5055 = ORIENTED_EDGE('',*,*,#5056,.F.);
#5056 = EDGE_CURVE('',#5057,#5035,#5059,.T.);
#5057 = VERTEX_POINT('',#5058);
#5058 = CARTESIAN_POINT('',(-8.89999999845,-6.26988445738E-15,
    -0.399999992869));
#5059 = B_SPLINE_CURVE_WITH_KNOTS('',5,(#5060,#5061,#5062,#5063,#5064,
    #5065,#5066,#5067,#5068,#5069,#5070,#5071,#5072,#5073,#5074),
  .UNSPECIFIED.,.F.,.F.,(6,3,3,3,6),(0.,6.20057801433,12.4011560217,
    18.601734044,19.7706247271),.UNSPECIFIED.);
#5060 = CARTESIAN_POINT('',(-8.9,-4.4408920985E-16,-0.4));
#5061 = CARTESIAN_POINT('',(-8.9,0.876894152241,-0.4));
#5062 = CARTESIAN_POINT('',(-8.79200233789,1.75378787546,-0.4));
#5063 = CARTESIAN_POINT('',(-8.5759760712,2.61298956537,-0.4));
#5064 = CARTESIAN_POINT('',(-7.93682179784,4.26038515174,-0.4));
#5065 = CARTESIAN_POINT('',(-6.91704735829,5.70346674201,-0.4));
#5066 = CARTESIAN_POINT('',(-6.32034517696,6.35832657834,-0.4));
#5067 = CARTESIAN_POINT('',(-4.978049893,7.50753229436,-0.4));
#5068 = CARTESIAN_POINT('',(-3.39702694123,8.29670326062,-0.4));
#5069 = CARTESIAN_POINT('',(-2.56156116151,8.59147743062,-0.4));
#5070 = CARTESIAN_POINT('',(-1.53575466178,8.81592986728,-0.4));
#5071 = CARTESIAN_POINT('',(-0.49580164929,8.88848606882,-0.4));
#5072 = CARTESIAN_POINT('',(-0.33061407814,8.89616180056,-0.4));
#5073 = CARTESIAN_POINT('',(-0.165307269418,8.89999939332,-0.4));
#5074 = CARTESIAN_POINT('',(-3.54205553776E-12,8.89999887247,-0.4));
#5075 = ORIENTED_EDGE('',*,*,#5076,.F.);
#5076 = EDGE_CURVE('',#5077,#5057,#5079,.T.);
#5077 = VERTEX_POINT('',#5078);
#5078 = CARTESIAN_POINT('',(-2.06884899964E-15,-8.89999999845,
    -0.399999992869));
#5079 = B_SPLINE_CURVE_WITH_KNOTS('',5,(#5080,#5081,#5082,#5083,#5084,
    #5085,#5086,#5087,#5088,#5089,#5090,#5091,#5092,#5093,#5094),
  .UNSPECIFIED.,.F.,.F.,(6,3,3,3,6),(19.7706247373,24.8023120819,
    31.002890118,37.2034681576,39.5395766582),.UNSPECIFIED.);
#5080 = CARTESIAN_POINT('',(3.54916096512E-12,-8.89999887246,-0.4));
#5081 = CARTESIAN_POINT('',(-0.711593057691,-8.89999663043,-0.4));
#5082 = CARTESIAN_POINT('',(-1.42319465185,-8.82887347468,-0.4));
#5083 = CARTESIAN_POINT('',(-2.12533039445,-8.68663142809,-0.4));
#5084 = CARTESIAN_POINT('',(-3.65034946884,-8.21461648657,-0.4));
#5085 = CARTESIAN_POINT('',(-5.037434131,-7.41615361253,-0.4));
#5086 = CARTESIAN_POINT('',(-5.74480744134,-6.88275144749,-0.4));
#5087 = CARTESIAN_POINT('',(-7.01353928475,-5.65281244891,-0.4));
#5088 = CARTESIAN_POINT('',(-7.94592634826,-4.15178654131,-0.4));
#5089 = CARTESIAN_POINT('',(-8.31690752674,-3.34725697064,-0.4));
#5090 = CARTESIAN_POINT('',(-8.68598517203,-2.18820945977,-0.4));
#5091 = CARTESIAN_POINT('',(-8.85387843134,-0.99135953484,-0.4));
#5092 = CARTESIAN_POINT('',(-8.8846702165,-0.660751325828,-0.4));
#5093 = CARTESIAN_POINT('',(-8.9,-0.330375632465,-0.4));
#5094 = CARTESIAN_POINT('',(-8.9,1.11022302463E-16,-0.4));
#5095 = ORIENTED_EDGE('',*,*,#5096,.F.);
#5096 = EDGE_CURVE('',#5037,#5077,#5097,.T.);
#5097 = B_SPLINE_CURVE_WITH_KNOTS('',5,(#5098,#5099,#5100,#5101,#5102,
    #5103,#5104,#5105,#5106,#5107,#5108,#5109,#5110,#5111,#5112),
  .UNSPECIFIED.,.F.,.F.,(6,3,3,3,6),(0.,6.20057801985,12.4011560314,
    18.6017340557,19.7706247373),.UNSPECIFIED.);
#5098 = CARTESIAN_POINT('',(8.90000000075,-4.4408920985E-16,-0.4));
#5099 = CARTESIAN_POINT('',(8.90000000075,-0.876894153023,-0.4));
#5100 = CARTESIAN_POINT('',(8.79200233844,-1.75378787702,-0.4));
#5101 = CARTESIAN_POINT('',(8.57597607065,-2.6129895639,-0.4));
#5102 = CARTESIAN_POINT('',(7.93682179696,-4.26038515166,-0.4));
#5103 = CARTESIAN_POINT('',(6.91704735647,-5.703466743,-0.4));
#5104 = CARTESIAN_POINT('',(6.32034517863,-6.35832657756,-0.4));
#5105 = CARTESIAN_POINT('',(4.97804989407,-7.50753229427,-0.4));
#5106 = CARTESIAN_POINT('',(3.39702694149,-8.29670326086,-0.4));
#5107 = CARTESIAN_POINT('',(2.56156116092,-8.5914774305,-0.4));
#5108 = CARTESIAN_POINT('',(1.53575466114,-8.81592986722,-0.4));
#5109 = CARTESIAN_POINT('',(0.495801648593,-8.88848606879,-0.4));
#5110 = CARTESIAN_POINT('',(0.330614077663,-8.89616180053,-0.4));
#5111 = CARTESIAN_POINT('',(0.165307269173,-8.8999993933,-0.4));
#5112 = CARTESIAN_POINT('',(3.54916096512E-12,-8.89999887246,-0.4));
#5113 = PLANE('',#5114);
#5114 = AXIS2_PLACEMENT_3D('',#5115,#5116,#5117);
#5115 = CARTESIAN_POINT('',(9.1,0.,-0.4));
#5116 = DIRECTION('',(0.,0.,-1.));
#5117 = DIRECTION('',(0.,1.,0.));
#5118 = ADVANCED_FACE('',(#5119),#5130,.T.);
#5119 = FACE_BOUND('',#5120,.T.);
#5120 = EDGE_LOOP('',(#5121,#5122,#5123,#5124));
#5121 = ORIENTED_EDGE('',*,*,#3287,.T.);
#5122 = ORIENTED_EDGE('',*,*,#2554,.F.);
#5123 = ORIENTED_EDGE('',*,*,#2607,.F.);
#5124 = ORIENTED_EDGE('',*,*,#5125,.T.);
#5125 = EDGE_CURVE('',#2599,#3288,#5126,.T.);
#5126 = LINE('',#5127,#5128);
#5127 = CARTESIAN_POINT('',(1.13499999996,1.84999999963,7.3));
#5128 = VECTOR('',#5129,1.);
#5129 = DIRECTION('',(1.,0.,0.));
#5130 = PLANE('',#5131);
#5131 = AXIS2_PLACEMENT_3D('',#5132,#5133,#5134);
#5132 = CARTESIAN_POINT('',(0.3,6.,7.3));
#5133 = DIRECTION('',(-0.,0.,1.));
#5134 = DIRECTION('',(0.,-1.,0.));
#5135 = ADVANCED_FACE('',(#5136),#5152,.F.);
#5136 = FACE_BOUND('',#5137,.F.);
#5137 = EDGE_LOOP('',(#5138,#5144,#5145,#5151));
#5138 = ORIENTED_EDGE('',*,*,#5139,.F.);
#5139 = EDGE_CURVE('',#2504,#3253,#5140,.T.);
#5140 = LINE('',#5141,#5142);
#5141 = CARTESIAN_POINT('',(1.8,4.44971909226,81.5030760523));
#5142 = VECTOR('',#5143,1.);
#5143 = DIRECTION('',(0.,0.,-1.));
#5144 = ORIENTED_EDGE('',*,*,#2503,.T.);
#5145 = ORIENTED_EDGE('',*,*,#5146,.T.);
#5146 = EDGE_CURVE('',#2494,#3263,#5147,.T.);
#5147 = LINE('',#5148,#5149);
#5148 = CARTESIAN_POINT('',(4.4291647068,1.85,81.5030760523));
#5149 = VECTOR('',#5150,1.);
#5150 = DIRECTION('',(0.,0.,-1.));
#5151 = ORIENTED_EDGE('',*,*,#3262,.F.);
#5152 = CYLINDRICAL_SURFACE('',#5153,4.8);
#5153 = AXIS2_PLACEMENT_3D('',#5154,#5155,#5156);
#5154 = CARTESIAN_POINT('',(-2.44249065418E-15,0.,81.5030760518));
#5155 = DIRECTION('',(0.,0.,-1.));
#5156 = DIRECTION('',(0.,1.,0.));
#5157 = ADVANCED_FACE('',(#5158),#5172,.T.);
#5158 = FACE_BOUND('',#5159,.T.);
#5159 = EDGE_LOOP('',(#5160,#5161,#5162,#5163,#5164,#5170,#5171));
#5160 = ORIENTED_EDGE('',*,*,#3252,.T.);
#5161 = ORIENTED_EDGE('',*,*,#5139,.F.);
#5162 = ORIENTED_EDGE('',*,*,#2512,.F.);
#5163 = ORIENTED_EDGE('',*,*,#3304,.F.);
#5164 = ORIENTED_EDGE('',*,*,#5165,.T.);
#5165 = EDGE_CURVE('',#3296,#2384,#5166,.T.);
#5166 = LINE('',#5167,#5168);
#5167 = CARTESIAN_POINT('',(1.8,1.84999999963,3.25999999996));
#5168 = VECTOR('',#5169,1.);
#5169 = DIRECTION('',(2.49488320169E-16,0.,-1.));
#5170 = ORIENTED_EDGE('',*,*,#2383,.T.);
#5171 = ORIENTED_EDGE('',*,*,#2436,.F.);
#5172 = PLANE('',#5173);
#5173 = AXIS2_PLACEMENT_3D('',#5174,#5175,#5176);
#5174 = CARTESIAN_POINT('',(1.8,6.,7.3));
#5175 = DIRECTION('',(1.,0.,2.22044604925E-16));
#5176 = DIRECTION('',(-2.22044604925E-16,0.,1.));
#5177 = ADVANCED_FACE('',(#5178),#5189,.F.);
#5178 = FACE_BOUND('',#5179,.F.);
#5179 = EDGE_LOOP('',(#5180,#5181,#5182,#5188));
#5180 = ORIENTED_EDGE('',*,*,#2452,.T.);
#5181 = ORIENTED_EDGE('',*,*,#3236,.F.);
#5182 = ORIENTED_EDGE('',*,*,#5183,.F.);
#5183 = EDGE_CURVE('',#1962,#3228,#5184,.T.);
#5184 = LINE('',#5185,#5186);
#5185 = CARTESIAN_POINT('',(-0.35,4.78722257682,81.5030760523));
#5186 = VECTOR('',#5187,1.);
#5187 = DIRECTION('',(0.,0.,-1.));
#5188 = ORIENTED_EDGE('',*,*,#1961,.T.);
#5189 = CYLINDRICAL_SURFACE('',#5190,4.8);
#5190 = AXIS2_PLACEMENT_3D('',#5191,#5192,#5193);
#5191 = CARTESIAN_POINT('',(-2.44249065418E-15,0.,81.5030760518));
#5192 = DIRECTION('',(0.,0.,-1.));
#5193 = DIRECTION('',(1.22464679915E-16,-1.,0.));
#5194 = ADVANCED_FACE('',(#5195),#5207,.F.);
#5195 = FACE_BOUND('',#5196,.F.);
#5196 = EDGE_LOOP('',(#5197,#5198,#5199,#5206));
#5197 = ORIENTED_EDGE('',*,*,#1927,.T.);
#5198 = ORIENTED_EDGE('',*,*,#2652,.T.);
#5199 = ORIENTED_EDGE('',*,*,#5200,.F.);
#5200 = EDGE_CURVE('',#2485,#2643,#5201,.T.);
#5201 = B_SPLINE_CURVE_WITH_KNOTS('',3,(#5202,#5203,#5204,#5205),
  .UNSPECIFIED.,.F.,.F.,(4,4),(0.,0.579619610515),
  .PIECEWISE_BEZIER_KNOTS.);
#5202 = CARTESIAN_POINT('',(3.02148645654,1.85,7.82203777095));
#5203 = CARTESIAN_POINT('',(2.98789585015,1.85000296148,7.95424906414));
#5204 = CARTESIAN_POINT('',(2.92178459939,1.85003808831,8.07973621734));
#5205 = CARTESIAN_POINT('',(2.83303170757,1.85,8.18545544227));
#5206 = ORIENTED_EDGE('',*,*,#2484,.F.);
#5207 = TOROIDAL_SURFACE('',#5208,2.56554016626,1.);
#5208 = AXIS2_PLACEMENT_3D('',#5209,#5210,#5211);
#5209 = CARTESIAN_POINT('',(2.22044604925E-16,0.,7.61028442394));
#5210 = DIRECTION('',(0.,0.,1.));
#5211 = DIRECTION('',(0.,-1.,0.));
#5212 = ADVANCED_FACE('',(#5213),#5219,.F.);
#5213 = FACE_BOUND('',#5214,.F.);
#5214 = EDGE_LOOP('',(#5215,#5216,#5217,#5218));
#5215 = ORIENTED_EDGE('',*,*,#2899,.F.);
#5216 = ORIENTED_EDGE('',*,*,#1586,.T.);
#5217 = ORIENTED_EDGE('',*,*,#2876,.T.);
#5218 = ORIENTED_EDGE('',*,*,#3020,.T.);
#5219 = TOROIDAL_SURFACE('',#5220,4.3,0.5);
#5220 = AXIS2_PLACEMENT_3D('',#5221,#5222,#5223);
#5221 = CARTESIAN_POINT('',(0.,0.,0.819868415357));
#5222 = DIRECTION('',(0.,0.,-1.));
#5223 = DIRECTION('',(0.,1.,0.));
#5224 = ADVANCED_FACE('',(#5225),#5237,.F.);
#5225 = FACE_BOUND('',#5226,.F.);
#5226 = EDGE_LOOP('',(#5227,#5228,#5235,#5236));
#5227 = ORIENTED_EDGE('',*,*,#2778,.T.);
#5228 = ORIENTED_EDGE('',*,*,#5229,.T.);
#5229 = EDGE_CURVE('',#2771,#2795,#5230,.T.);
#5230 = B_SPLINE_CURVE_WITH_KNOTS('',3,(#5231,#5232,#5233,#5234),
  .UNSPECIFIED.,.F.,.F.,(4,4),(0.,0.611887499436),
  .PIECEWISE_BEZIER_KNOTS.);
#5231 = CARTESIAN_POINT('',(4.78722257682,-0.35,0.819868415357));
#5232 = CARTESIAN_POINT('',(4.78722255682,-0.350000273541,0.676136003138
    ));
#5233 = CARTESIAN_POINT('',(4.72095078476,-0.349995501172,0.533047132969
    ));
#5234 = CARTESIAN_POINT('',(4.61173774189,-0.35,0.439901311518));
#5235 = ORIENTED_EDGE('',*,*,#2808,.F.);
#5236 = ORIENTED_EDGE('',*,*,#1363,.T.);
#5237 = TOROIDAL_SURFACE('',#5238,4.3,0.5);
#5238 = AXIS2_PLACEMENT_3D('',#5239,#5240,#5241);
#5239 = CARTESIAN_POINT('',(0.,0.,0.819868415357));
#5240 = DIRECTION('',(0.,0.,-1.));
#5241 = DIRECTION('',(0.,1.,0.));
#5242 = ADVANCED_FACE('',(#5243),#5251,.F.);
#5243 = FACE_BOUND('',#5244,.F.);
#5244 = EDGE_LOOP('',(#5245,#5246,#5247,#5248,#5249,#5250));
#5245 = ORIENTED_EDGE('',*,*,#3176,.F.);
#5246 = ORIENTED_EDGE('',*,*,#3319,.T.);
#5247 = ORIENTED_EDGE('',*,*,#2691,.F.);
#5248 = ORIENTED_EDGE('',*,*,#1322,.T.);
#5249 = ORIENTED_EDGE('',*,*,#1212,.T.);
#5250 = ORIENTED_EDGE('',*,*,#2623,.F.);
#5251 = SPHERICAL_SURFACE('',#5252,1.7);
#5252 = AXIS2_PLACEMENT_3D('',#5253,#5254,#5255);
#5253 = CARTESIAN_POINT('',(1.11022302463E-15,0.,10.0420776842));
#5254 = DIRECTION('',(0.,0.,-1.));
#5255 = DIRECTION('',(-2.83276944882E-16,1.,0.));
#5256 = ADVANCED_FACE('',(#5257),#5263,.F.);
#5257 = FACE_BOUND('',#5258,.F.);
#5258 = EDGE_LOOP('',(#5259,#5260,#5261,#5262));
#5259 = ORIENTED_EDGE('',*,*,#1272,.T.);
#5260 = ORIENTED_EDGE('',*,*,#2332,.F.);
#5261 = ORIENTED_EDGE('',*,*,#3219,.F.);
#5262 = ORIENTED_EDGE('',*,*,#2468,.T.);
#5263 = TOROIDAL_SURFACE('',#5264,4.3,0.5);
#5264 = AXIS2_PLACEMENT_3D('',#5265,#5266,#5267);
#5265 = CARTESIAN_POINT('',(0.,0.,0.819868415357));
#5266 = DIRECTION('',(0.,0.,-1.));
#5267 = DIRECTION('',(0.,1.,0.));
#5268 = ADVANCED_FACE('',(#5269),#5280,.T.);
#5269 = FACE_BOUND('',#5270,.T.);
#5270 = EDGE_LOOP('',(#5271,#5272,#5278,#5279));
#5271 = ORIENTED_EDGE('',*,*,#2400,.F.);
#5272 = ORIENTED_EDGE('',*,*,#5273,.T.);
#5273 = EDGE_CURVE('',#2392,#2349,#5274,.T.);
#5274 = LINE('',#5275,#5276);
#5275 = CARTESIAN_POINT('',(1.07500000037,1.84999999963,-0.9));
#5276 = VECTOR('',#5277,1.);
#5277 = DIRECTION('',(-1.,0.,0.));
#5278 = ORIENTED_EDGE('',*,*,#2348,.T.);
#5279 = ORIENTED_EDGE('',*,*,#1161,.T.);
#5280 = PLANE('',#5281);
#5281 = AXIS2_PLACEMENT_3D('',#5282,#5283,#5284);
#5282 = CARTESIAN_POINT('',(1.8,6.,-0.9));
#5283 = DIRECTION('',(0.,0.,-1.));
#5284 = DIRECTION('',(0.,1.,0.));
#5285 = ADVANCED_FACE('',(#5286),#5292,.F.);
#5286 = FACE_BOUND('',#5287,.F.);
#5287 = EDGE_LOOP('',(#5288,#5289,#5290,#5291));
#5288 = ORIENTED_EDGE('',*,*,#2084,.T.);
#5289 = ORIENTED_EDGE('',*,*,#2205,.T.);
#5290 = ORIENTED_EDGE('',*,*,#2101,.F.);
#5291 = ORIENTED_EDGE('',*,*,#1004,.T.);
#5292 = TOROIDAL_SURFACE('',#5293,4.3,0.5);
#5293 = AXIS2_PLACEMENT_3D('',#5294,#5295,#5296);
#5294 = CARTESIAN_POINT('',(0.,0.,0.819868415357));
#5295 = DIRECTION('',(0.,0.,-1.));
#5296 = DIRECTION('',(1.22464679915E-16,-1.,0.));
#5297 = ADVANCED_FACE('',(#5298),#5328,.F.);
#5298 = FACE_BOUND('',#5299,.F.);
#5299 = EDGE_LOOP('',(#5300,#5301,#5302,#5303,#5304,#5321));
#5300 = ORIENTED_EDGE('',*,*,#3326,.F.);
#5301 = ORIENTED_EDGE('',*,*,#3167,.T.);
#5302 = ORIENTED_EDGE('',*,*,#1750,.F.);
#5303 = ORIENTED_EDGE('',*,*,#736,.T.);
#5304 = ORIENTED_EDGE('',*,*,#5305,.T.);
#5305 = EDGE_CURVE('',#739,#5306,#5308,.T.);
#5306 = VERTEX_POINT('',#5307);
#5307 = CARTESIAN_POINT('',(-0.35,-1.34589200386,11.0198684154));
#5308 = B_SPLINE_CURVE_WITH_KNOTS('',5,(#5309,#5310,#5311,#5312,#5313,
    #5314,#5315,#5316,#5317,#5318,#5319,#5320),.UNSPECIFIED.,.F.,.F.,(6,
    3,3,6),(0.,0.523758563958,1.27990551474,1.97376786087),
  .UNSPECIFIED.);
#5309 = CARTESIAN_POINT('',(-0.35,-0.35,11.6684232809));
#5310 = CARTESIAN_POINT('',(-0.35,-0.388273943626,11.6601864829));
#5311 = CARTESIAN_POINT('',(-0.35000022061,-0.430425043846,11.6499371934
    ));
#5312 = CARTESIAN_POINT('',(-0.350000114217,-0.477047309062,
    11.6370715542));
#5313 = CARTESIAN_POINT('',(-0.349999835105,-0.602465879627,
    11.5968199166));
#5314 = CARTESIAN_POINT('',(-0.350000238057,-0.747900743282,
    11.5327503287));
#5315 = CARTESIAN_POINT('',(-0.349999818955,-0.8375667664,11.4848834257)
  );
#5316 = CARTESIAN_POINT('',(-0.350000166132,-1.00371296386,11.3781684291
    ));
#5317 = CARTESIAN_POINT('',(-0.349999847552,-1.15630526492,11.2440497497
    ));
#5318 = CARTESIAN_POINT('',(-0.349999920423,-1.22512365364,11.1738582314
    ));
#5319 = CARTESIAN_POINT('',(-0.35,-1.28837198502,11.0990425484));
#5320 = CARTESIAN_POINT('',(-0.35,-1.34589200386,11.0198684154));
#5321 = ORIENTED_EDGE('',*,*,#5322,.F.);
#5322 = EDGE_CURVE('',#2825,#5306,#5323,.T.);
#5323 = CIRCLE('',#5324,1.39065642272);
#5324 = AXIS2_PLACEMENT_3D('',#5325,#5326,#5327);
#5325 = CARTESIAN_POINT('',(1.17407983539E-15,0.,11.0198684154));
#5326 = DIRECTION('',(0.,0.,-1.));
#5327 = DIRECTION('',(-1.,0.,-0.));
#5328 = SPHERICAL_SURFACE('',#5329,1.7);
#5329 = AXIS2_PLACEMENT_3D('',#5330,#5331,#5332);
#5330 = CARTESIAN_POINT('',(1.11022302463E-15,0.,10.0420776842));
#5331 = DIRECTION('',(0.,0.,-1.));
#5332 = DIRECTION('',(1.83697019872E-16,-1.,0.));
#5333 = ADVANCED_FACE('',(#5334),#5346,.F.);
#5334 = FACE_BOUND('',#5335,.F.);
#5335 = EDGE_LOOP('',(#5336,#5337,#5344,#5345));
#5336 = ORIENTED_EDGE('',*,*,#1835,.T.);
#5337 = ORIENTED_EDGE('',*,*,#5338,.T.);
#5338 = EDGE_CURVE('',#1828,#1853,#5339,.T.);
#5339 = B_SPLINE_CURVE_WITH_KNOTS('',3,(#5340,#5341,#5342,#5343),
  .UNSPECIFIED.,.F.,.F.,(4,4),(0.,0.611361759722),
  .PIECEWISE_BEZIER_KNOTS.);
#5340 = CARTESIAN_POINT('',(-4.78722257682,0.35,0.819868415357));
#5341 = CARTESIAN_POINT('',(-4.78722278023,0.349997217721,0.676145762534
    ));
#5342 = CARTESIAN_POINT('',(-4.72104026433,0.350001753351,0.533123853403
    ));
#5343 = CARTESIAN_POINT('',(-4.61173774189,0.35,0.439901311518));
#5344 = ORIENTED_EDGE('',*,*,#1852,.F.);
#5345 = ORIENTED_EDGE('',*,*,#784,.T.);
#5346 = TOROIDAL_SURFACE('',#5347,4.3,0.5);
#5347 = AXIS2_PLACEMENT_3D('',#5348,#5349,#5350);
#5348 = CARTESIAN_POINT('',(0.,0.,0.819868415357));
#5349 = DIRECTION('',(0.,0.,-1.));
#5350 = DIRECTION('',(1.22464679915E-16,-1.,0.));
#5351 = ADVANCED_FACE('',(#5352),#5379,.T.);
#5352 = FACE_BOUND('',#5353,.T.);
#5353 = EDGE_LOOP('',(#5354,#5355,#5356,#5365,#5366,#5367,#5368,#5369,
    #5375,#5376,#5377,#5378));
#5354 = ORIENTED_EDGE('',*,*,#3379,.T.);
#5355 = ORIENTED_EDGE('',*,*,#3445,.F.);
#5356 = ORIENTED_EDGE('',*,*,#5357,.F.);
#5357 = EDGE_CURVE('',#3100,#3446,#5358,.T.);
#5358 = B_SPLINE_CURVE_WITH_KNOTS('',5,(#5359,#5360,#5361,#5362,#5363,
    #5364),.UNSPECIFIED.,.F.,.F.,(6,6),(0.,6.94698717338),
  .PIECEWISE_BEZIER_KNOTS.);
#5359 = CARTESIAN_POINT('',(0.35,-3.74364603162,6.82000000067));
#5360 = CARTESIAN_POINT('',(0.35,-3.95254987409,5.86001468881));
#5361 = CARTESIAN_POINT('',(0.35,-4.16133472677,4.90000348403));
#5362 = CARTESIAN_POINT('',(0.35,-4.37003026846,3.93997284965));
#5363 = CARTESIAN_POINT('',(0.35,-4.57865474478,2.97992678495));
#5364 = CARTESIAN_POINT('',(0.35,-4.78722257763,2.01986841522));
#5365 = ORIENTED_EDGE('',*,*,#3099,.F.);
#5366 = ORIENTED_EDGE('',*,*,#1452,.T.);
#5367 = ORIENTED_EDGE('',*,*,#2841,.F.);
#5368 = ORIENTED_EDGE('',*,*,#3334,.T.);
#5369 = ORIENTED_EDGE('',*,*,#5370,.F.);
#5370 = EDGE_CURVE('',#587,#3335,#5371,.T.);
#5371 = LINE('',#5372,#5373);
#5372 = CARTESIAN_POINT('',(0.35,-0.35,5.13421164025));
#5373 = VECTOR('',#5374,1.);
#5374 = DIRECTION('',(0.,0.,1.));
#5375 = ORIENTED_EDGE('',*,*,#586,.F.);
#5376 = ORIENTED_EDGE('',*,*,#1554,.T.);
#5377 = ORIENTED_EDGE('',*,*,#2945,.T.);
#5378 = ORIENTED_EDGE('',*,*,#3148,.F.);
#5379 = PLANE('',#5380);
#5380 = AXIS2_PLACEMENT_3D('',#5381,#5382,#5383);
#5381 = CARTESIAN_POINT('',(0.35,-0.35,-1.4));
#5382 = DIRECTION('',(-1.,0.,0.));
#5383 = DIRECTION('',(0.,-1.,0.));
#5384 = ADVANCED_FACE('',(#5385),#5397,.T.);
#5385 = FACE_BOUND('',#5386,.T.);
#5386 = EDGE_LOOP('',(#5387,#5388,#5389,#5390,#5391,#5392,#5393,#5394,
    #5395,#5396));
#5387 = ORIENTED_EDGE('',*,*,#2770,.T.);
#5388 = ORIENTED_EDGE('',*,*,#5229,.T.);
#5389 = ORIENTED_EDGE('',*,*,#2794,.F.);
#5390 = ORIENTED_EDGE('',*,*,#1437,.T.);
#5391 = ORIENTED_EDGE('',*,*,#594,.F.);
#5392 = ORIENTED_EDGE('',*,*,#5370,.T.);
#5393 = ORIENTED_EDGE('',*,*,#3345,.T.);
#5394 = ORIENTED_EDGE('',*,*,#2667,.F.);
#5395 = ORIENTED_EDGE('',*,*,#2717,.F.);
#5396 = ORIENTED_EDGE('',*,*,#2743,.F.);
#5397 = PLANE('',#5398);
#5398 = AXIS2_PLACEMENT_3D('',#5399,#5400,#5401);
#5399 = CARTESIAN_POINT('',(20.35,-0.35,-1.4));
#5400 = DIRECTION('',(0.,1.,-0.));
#5401 = DIRECTION('',(-1.,0.,0.));
#5402 = ADVANCED_FACE('',(#5403),#5423,.T.);
#5403 = FACE_BOUND('',#5404,.T.);
#5404 = EDGE_LOOP('',(#5405,#5406,#5407,#5408,#5409,#5410,#5411,#5412,
    #5413,#5414,#5415,#5416,#5417,#5418,#5419,#5420,#5421,#5422));
#5405 = ORIENTED_EDGE('',*,*,#5146,.T.);
#5406 = ORIENTED_EDGE('',*,*,#3271,.T.);
#5407 = ORIENTED_EDGE('',*,*,#2417,.F.);
#5408 = ORIENTED_EDGE('',*,*,#1188,.T.);
#5409 = ORIENTED_EDGE('',*,*,#629,.F.);
#5410 = ORIENTED_EDGE('',*,*,#1308,.T.);
#5411 = ORIENTED_EDGE('',*,*,#2356,.F.);
#5412 = ORIENTED_EDGE('',*,*,#5273,.F.);
#5413 = ORIENTED_EDGE('',*,*,#2391,.F.);
#5414 = ORIENTED_EDGE('',*,*,#5165,.F.);
#5415 = ORIENTED_EDGE('',*,*,#3295,.F.);
#5416 = ORIENTED_EDGE('',*,*,#5125,.F.);
#5417 = ORIENTED_EDGE('',*,*,#2598,.F.);
#5418 = ORIENTED_EDGE('',*,*,#1237,.T.);
#5419 = ORIENTED_EDGE('',*,*,#2631,.F.);
#5420 = ORIENTED_EDGE('',*,*,#2642,.F.);
#5421 = ORIENTED_EDGE('',*,*,#5200,.F.);
#5422 = ORIENTED_EDGE('',*,*,#2493,.F.);
#5423 = PLANE('',#5424);
#5424 = AXIS2_PLACEMENT_3D('',#5425,#5426,#5427);
#5425 = CARTESIAN_POINT('',(0.35,1.85,-1.4));
#5426 = DIRECTION('',(-0.,1.,0.));
#5427 = DIRECTION('',(1.,0.,0.));
#5428 = ADVANCED_FACE('',(#5429),#5448,.T.);
#5429 = FACE_BOUND('',#5430,.T.);
#5430 = EDGE_LOOP('',(#5431,#5432,#5433,#5439,#5440,#5441,#5442,#5443,
    #5444,#5445,#5446,#5447));
#5431 = ORIENTED_EDGE('',*,*,#1902,.F.);
#5432 = ORIENTED_EDGE('',*,*,#3184,.T.);
#5433 = ORIENTED_EDGE('',*,*,#5434,.F.);
#5434 = EDGE_CURVE('',#680,#3185,#5435,.T.);
#5435 = LINE('',#5436,#5437);
#5436 = CARTESIAN_POINT('',(-0.35,0.35,5.13421164025));
#5437 = VECTOR('',#5438,1.);
#5438 = DIRECTION('',(0.,0.,1.));
#5439 = ORIENTED_EDGE('',*,*,#679,.F.);
#5440 = ORIENTED_EDGE('',*,*,#975,.T.);
#5441 = ORIENTED_EDGE('',*,*,#2137,.F.);
#5442 = ORIENTED_EDGE('',*,*,#2304,.F.);
#5443 = ORIENTED_EDGE('',*,*,#3227,.T.);
#5444 = ORIENTED_EDGE('',*,*,#5183,.F.);
#5445 = ORIENTED_EDGE('',*,*,#1970,.F.);
#5446 = ORIENTED_EDGE('',*,*,#2271,.F.);
#5447 = ORIENTED_EDGE('',*,*,#873,.T.);
#5448 = PLANE('',#5449);
#5449 = AXIS2_PLACEMENT_3D('',#5450,#5451,#5452);
#5450 = CARTESIAN_POINT('',(-0.35,0.35,-1.4));
#5451 = DIRECTION('',(1.,0.,0.));
#5452 = DIRECTION('',(-0.,1.,0.));
#5453 = ADVANCED_FACE('',(#5454),#5466,.T.);
#5454 = FACE_BOUND('',#5455,.T.);
#5455 = EDGE_LOOP('',(#5456,#5457,#5458,#5459,#5460,#5461,#5462,#5463,
    #5464,#5465));
#5456 = ORIENTED_EDGE('',*,*,#1827,.T.);
#5457 = ORIENTED_EDGE('',*,*,#5338,.T.);
#5458 = ORIENTED_EDGE('',*,*,#1863,.F.);
#5459 = ORIENTED_EDGE('',*,*,#848,.T.);
#5460 = ORIENTED_EDGE('',*,*,#687,.F.);
#5461 = ORIENTED_EDGE('',*,*,#5434,.T.);
#5462 = ORIENTED_EDGE('',*,*,#3195,.T.);
#5463 = ORIENTED_EDGE('',*,*,#1726,.F.);
#5464 = ORIENTED_EDGE('',*,*,#1776,.F.);
#5465 = ORIENTED_EDGE('',*,*,#1802,.F.);
#5466 = PLANE('',#5467);
#5467 = AXIS2_PLACEMENT_3D('',#5468,#5469,#5470);
#5468 = CARTESIAN_POINT('',(-20.35,0.35,-1.4));
#5469 = DIRECTION('',(0.,-1.,0.));
#5470 = DIRECTION('',(1.,0.,0.));
#5471 = ADVANCED_FACE('',(#5472),#5490,.T.);
#5472 = FACE_BOUND('',#5473,.T.);
#5473 = EDGE_LOOP('',(#5474,#5480,#5481,#5482,#5488,#5489));
#5474 = ORIENTED_EDGE('',*,*,#5475,.F.);
#5475 = EDGE_CURVE('',#503,#5035,#5476,.T.);
#5476 = LINE('',#5477,#5478);
#5477 = CARTESIAN_POINT('',(5.98351696152E-11,4.88590331797E+05,
    1.06212955532E+05));
#5478 = VECTOR('',#5479,1.);
#5479 = DIRECTION('',(1.196695905881E-16,0.977176363593,0.212429645846)
  );
#5480 = ORIENTED_EDGE('',*,*,#502,.F.);
#5481 = ORIENTED_EDGE('',*,*,#482,.F.);
#5482 = ORIENTED_EDGE('',*,*,#5483,.T.);
#5483 = EDGE_CURVE('',#463,#5077,#5484,.T.);
#5484 = LINE('',#5485,#5486);
#5485 = CARTESIAN_POINT('',(-1.19670006164E-10,-4.88590331797E+05,
    1.06212955532E+05));
#5486 = VECTOR('',#5487,1.);
#5487 = DIRECTION('',(-2.393391811751E-16,-0.977176363593,0.212429645846
    ));
#5488 = ORIENTED_EDGE('',*,*,#5076,.T.);
#5489 = ORIENTED_EDGE('',*,*,#5056,.T.);
#5490 = CONICAL_SURFACE('',#5491,4.3,1.35673564168);
#5491 = AXIS2_PLACEMENT_3D('',#5492,#5493,#5494);
#5492 = CARTESIAN_POINT('',(1.11022302463E-16,0.,-1.4));
#5493 = DIRECTION('',(0.,0.,1.));
#5494 = DIRECTION('',(1.22464679915E-16,1.,-0.));
#5495 = ADVANCED_FACE('',(#5496),#5504,.T.);
#5496 = FACE_BOUND('',#5497,.T.);
#5497 = EDGE_LOOP('',(#5498,#5499,#5500,#5501,#5502,#5503));
#5498 = ORIENTED_EDGE('',*,*,#5483,.F.);
#5499 = ORIENTED_EDGE('',*,*,#460,.F.);
#5500 = ORIENTED_EDGE('',*,*,#522,.F.);
#5501 = ORIENTED_EDGE('',*,*,#5475,.T.);
#5502 = ORIENTED_EDGE('',*,*,#5034,.T.);
#5503 = ORIENTED_EDGE('',*,*,#5096,.T.);
#5504 = CONICAL_SURFACE('',#5505,4.3,1.35673564168);
#5505 = AXIS2_PLACEMENT_3D('',#5506,#5507,#5508);
#5506 = CARTESIAN_POINT('',(1.11022302463E-16,0.,-1.4));
#5507 = DIRECTION('',(0.,0.,1.));
#5508 = DIRECTION('',(-1.20373874319E-35,-1.,0.));
#5509 = ADVANCED_FACE('',(#5510),#5534,.T.);
#5510 = FACE_BOUND('',#5511,.T.);
#5511 = EDGE_LOOP('',(#5512,#5513,#5520,#5521,#5533));
#5512 = ORIENTED_EDGE('',*,*,#3130,.F.);
#5513 = ORIENTED_EDGE('',*,*,#5514,.T.);
#5514 = EDGE_CURVE('',#1665,#409,#5515,.T.);
#5515 = CIRCLE('',#5516,4.1);
#5516 = AXIS2_PLACEMENT_3D('',#5517,#5518,#5519);
#5517 = CARTESIAN_POINT('',(1.11022302463E-16,0.,-0.7));
#5518 = DIRECTION('',(0.,0.,-1.));
#5519 = DIRECTION('',(-1.,0.,-0.));
#5520 = ORIENTED_EDGE('',*,*,#445,.F.);
#5521 = ORIENTED_EDGE('',*,*,#5522,.T.);
#5522 = EDGE_CURVE('',#438,#3415,#5523,.T.);
#5523 = B_SPLINE_CURVE_WITH_KNOTS('',5,(#5524,#5525,#5526,#5527,#5528,
    #5529,#5530,#5531,#5532),.UNSPECIFIED.,.F.,.F.,(6,3,6),(0.,
    0.882074291096,1.45656111784),.UNSPECIFIED.);
#5524 = CARTESIAN_POINT('',(-0.35,-4.11149467107,-0.42));
#5525 = CARTESIAN_POINT('',(-0.349992332275,-4.13481611281,
    -0.29770541958));
#5526 = CARTESIAN_POINT('',(-0.350010195156,-4.17082371194,
    -0.178044921676));
#5527 = CARTESIAN_POINT('',(-0.349987373313,-4.21322593987,
    -7.51801277447E-02));
#5528 = CARTESIAN_POINT('',(-0.349985069274,-4.31100154401,
    0.107491594933));
#5529 = CARTESIAN_POINT('',(-0.350002009525,-4.43785244009,
    0.270118071295));
#5530 = CARTESIAN_POINT('',(-0.350001080314,-4.49203004171,
    0.330631386253));
#5531 = CARTESIAN_POINT('',(-0.34999761631,-4.55007715522,0.387311797919
    ));
#5532 = CARTESIAN_POINT('',(-0.35,-4.61173774189,0.439901311518));
#5533 = ORIENTED_EDGE('',*,*,#3423,.F.);
#5534 = TOROIDAL_SURFACE('',#5535,5.6,1.5);
#5535 = AXIS2_PLACEMENT_3D('',#5536,#5537,#5538);
#5536 = CARTESIAN_POINT('',(1.11022302463E-16,0.,-0.7));
#5537 = DIRECTION('',(0.,0.,-1.));
#5538 = DIRECTION('',(1.22464679915E-16,-1.,0.));
#5539 = ADVANCED_FACE('',(#5540),#5559,.T.);
#5540 = FACE_BOUND('',#5541,.T.);
#5541 = EDGE_LOOP('',(#5542,#5543,#5552,#5553));
#5542 = ORIENTED_EDGE('',*,*,#420,.T.);
#5543 = ORIENTED_EDGE('',*,*,#5544,.F.);
#5544 = EDGE_CURVE('',#385,#411,#5545,.T.);
#5545 = B_SPLINE_CURVE_WITH_KNOTS('',5,(#5546,#5547,#5548,#5549,#5550,
    #5551),.UNSPECIFIED.,.F.,.F.,(6,6),(0.,0.718419062957),
  .PIECEWISE_BEZIER_KNOTS.);
#5546 = CARTESIAN_POINT('',(-1.31999999955,-3.88170065731,-0.9));
#5547 = CARTESIAN_POINT('',(-1.22380975476,-3.91441083625,-0.9));
#5548 = CARTESIAN_POINT('',(-1.12660631993,-3.94414146089,-0.9));
#5549 = CARTESIAN_POINT('',(-1.02835525043,-3.97089148364,-0.9));
#5550 = CARTESIAN_POINT('',(-0.929496160477,-3.99454120131,-0.9));
#5551 = CARTESIAN_POINT('',(-0.829999999329,-4.01510896534,-0.9));
#5552 = ORIENTED_EDGE('',*,*,#384,.F.);
#5553 = ORIENTED_EDGE('',*,*,#5554,.T.);
#5554 = EDGE_CURVE('',#376,#421,#5555,.T.);
#5555 = LINE('',#5556,#5557);
#5556 = CARTESIAN_POINT('',(-1.07499999944,-1.84999999963,-0.9));
#5557 = VECTOR('',#5558,1.);
#5558 = DIRECTION('',(1.,0.,0.));
#5559 = PLANE('',#5560);
#5560 = AXIS2_PLACEMENT_3D('',#5561,#5562,#5563);
#5561 = CARTESIAN_POINT('',(-1.8,-6.,-0.9));
#5562 = DIRECTION('',(-0.,-0.,-1.));
#5563 = DIRECTION('',(0.,-1.,0.));
#5564 = ADVANCED_FACE('',(#5565),#5580,.F.);
#5565 = FACE_BOUND('',#5566,.F.);
#5566 = EDGE_LOOP('',(#5567,#5568,#5569,#5570,#5571,#5572,#5573,#5579));
#5567 = ORIENTED_EDGE('',*,*,#1664,.F.);
#5568 = ORIENTED_EDGE('',*,*,#5514,.T.);
#5569 = ORIENTED_EDGE('',*,*,#408,.T.);
#5570 = ORIENTED_EDGE('',*,*,#5544,.F.);
#5571 = ORIENTED_EDGE('',*,*,#392,.T.);
#5572 = ORIENTED_EDGE('',*,*,#321,.T.);
#5573 = ORIENTED_EDGE('',*,*,#5574,.T.);
#5574 = EDGE_CURVE('',#322,#545,#5575,.T.);
#5575 = LINE('',#5576,#5577);
#5576 = CARTESIAN_POINT('',(-3.6588932753,-1.85,81.5030760523));
#5577 = VECTOR('',#5578,1.);
#5578 = DIRECTION('',(0.,0.,-1.));
#5579 = ORIENTED_EDGE('',*,*,#542,.F.);
#5580 = CYLINDRICAL_SURFACE('',#5581,4.1);
#5581 = AXIS2_PLACEMENT_3D('',#5582,#5583,#5584);
#5582 = CARTESIAN_POINT('',(-2.44249065418E-15,0.,81.5030760518));
#5583 = DIRECTION('',(0.,0.,-1.));
#5584 = DIRECTION('',(1.22464679915E-16,-1.,0.));
#5585 = ADVANCED_FACE('',(#5586),#5620,.F.);
#5586 = FACE_BOUND('',#5587,.F.);
#5587 = EDGE_LOOP('',(#5588,#5589,#5590,#5600,#5611,#5619));
#5588 = ORIENTED_EDGE('',*,*,#2824,.F.);
#5589 = ORIENTED_EDGE('',*,*,#5322,.T.);
#5590 = ORIENTED_EDGE('',*,*,#5591,.F.);
#5591 = EDGE_CURVE('',#5592,#5306,#5594,.T.);
#5592 = VERTEX_POINT('',#5593);
#5593 = CARTESIAN_POINT('',(-0.350000000299,-1.85000000158,10.3198962247
    ));
#5594 = B_SPLINE_CURVE_WITH_KNOTS('',4,(#5595,#5596,#5597,#5598,#5599),
  .UNSPECIFIED.,.F.,.F.,(5,5),(0.,6.85219989848),
  .PIECEWISE_BEZIER_KNOTS.);
#5595 = CARTESIAN_POINT('',(-0.350000000299,-1.85000000158,10.3198962247
    ));
#5596 = CARTESIAN_POINT('',(-0.350000000356,-1.68149304664,10.5553769527
    ));
#5597 = CARTESIAN_POINT('',(-0.35000059296,-1.54987921807,10.738318382)
  );
#5598 = CARTESIAN_POINT('',(-0.350000000471,-1.43972990908,10.8907040878
    ));
#5599 = CARTESIAN_POINT('',(-0.350000000529,-1.3458920059,11.0198684168)
  );
#5600 = ORIENTED_EDGE('',*,*,#5601,.F.);
#5601 = EDGE_CURVE('',#5602,#5592,#5604,.T.);
#5602 = VERTEX_POINT('',#5603);
#5603 = CARTESIAN_POINT('',(-1.71606117881,-1.85000000071,9.40888250444)
  );
#5604 = B_SPLINE_CURVE_WITH_KNOTS('',5,(#5605,#5606,#5607,#5608,#5609,
    #5610),.UNSPECIFIED.,.F.,.F.,(6,6),(0.,56.0771287435),
  .PIECEWISE_BEZIER_KNOTS.);
#5605 = CARTESIAN_POINT('',(-1.71606117881,-1.85000000071,9.40888250444)
  );
#5606 = CARTESIAN_POINT('',(-1.3308120525,-1.85000000098,9.78150447071)
  );
#5607 = CARTESIAN_POINT('',(-1.03517928806,-1.84143362314,10.0202504399)
  );
#5608 = CARTESIAN_POINT('',(-0.791868707866,-1.84829987918,10.1631316614
    ));
#5609 = CARTESIAN_POINT('',(-0.564865068979,-1.85000000151,10.2630895104
    ));
#5610 = CARTESIAN_POINT('',(-0.350000000299,-1.85000000158,10.3198962247
    ));
#5611 = ORIENTED_EDGE('',*,*,#5612,.F.);
#5612 = EDGE_CURVE('',#221,#5602,#5613,.T.);
#5613 = B_SPLINE_CURVE_WITH_KNOTS('',4,(#5614,#5615,#5616,#5617,#5618),
  .UNSPECIFIED.,.F.,.F.,(5,5),(0.,24.5328410861),
  .PIECEWISE_BEZIER_KNOTS.);
#5614 = CARTESIAN_POINT('',(-2.83303170767,-1.85000000006,8.18545544235)
  );
#5615 = CARTESIAN_POINT('',(-2.45677065534,-1.85000000024,8.63351839336)
  );
#5616 = CARTESIAN_POINT('',(-2.16908570892,-1.84894506892,8.95349211591)
  );
#5617 = CARTESIAN_POINT('',(-1.9267365425,-1.85000000057,9.20511236481)
  );
#5618 = CARTESIAN_POINT('',(-1.71606117881,-1.85000000071,9.40888250444)
  );
#5619 = ORIENTED_EDGE('',*,*,#220,.T.);
#5620 = CONICAL_SURFACE('',#5621,3.5,0.612813192365);
#5621 = AXIS2_PLACEMENT_3D('',#5622,#5623,#5624);
#5622 = CARTESIAN_POINT('',(2.22044604925E-16,0.,8.01986841536));
#5623 = DIRECTION('',(0.,0.,-1.));
#5624 = DIRECTION('',(1.22464679915E-16,-1.,0.));
#5625 = ADVANCED_FACE('',(#5626),#5638,.F.);
#5626 = FACE_BOUND('',#5627,.F.);
#5627 = EDGE_LOOP('',(#5628,#5629,#5636,#5637));
#5628 = ORIENTED_EDGE('',*,*,#211,.F.);
#5629 = ORIENTED_EDGE('',*,*,#5630,.T.);
#5630 = EDGE_CURVE('',#82,#1612,#5631,.T.);
#5631 = CIRCLE('',#5632,3.54286330629);
#5632 = AXIS2_PLACEMENT_3D('',#5633,#5634,#5635);
#5633 = CARTESIAN_POINT('',(2.22044604925E-16,0.,7.82203777095));
#5634 = DIRECTION('',(-0.,0.,1.));
#5635 = DIRECTION('',(1.,0.,0.));
#5636 = ORIENTED_EDGE('',*,*,#1622,.F.);
#5637 = ORIENTED_EDGE('',*,*,#2832,.T.);
#5638 = TOROIDAL_SURFACE('',#5639,2.56554016626,1.);
#5639 = AXIS2_PLACEMENT_3D('',#5640,#5641,#5642);
#5640 = CARTESIAN_POINT('',(2.22044604925E-16,0.,7.61028442394));
#5641 = DIRECTION('',(0.,0.,1.));
#5642 = DIRECTION('',(0.,-1.,0.));
#5643 = ADVANCED_FACE('',(#5644),#5655,.F.);
#5644 = FACE_BOUND('',#5645,.F.);
#5645 = EDGE_LOOP('',(#5646,#5647,#5648,#5654));
#5646 = ORIENTED_EDGE('',*,*,#3438,.F.);
#5647 = ORIENTED_EDGE('',*,*,#196,.T.);
#5648 = ORIENTED_EDGE('',*,*,#5649,.T.);
#5649 = EDGE_CURVE('',#188,#3406,#5650,.T.);
#5650 = LINE('',#5651,#5652);
#5651 = CARTESIAN_POINT('',(-0.35,-4.78722257682,81.5030760523));
#5652 = VECTOR('',#5653,1.);
#5653 = DIRECTION('',(0.,0.,-1.));
#5654 = ORIENTED_EDGE('',*,*,#3405,.F.);
#5655 = CYLINDRICAL_SURFACE('',#5656,4.8);
#5656 = AXIS2_PLACEMENT_3D('',#5657,#5658,#5659);
#5657 = CARTESIAN_POINT('',(-2.44249065418E-15,0.,81.5030760518));
#5658 = DIRECTION('',(0.,0.,-1.));
#5659 = DIRECTION('',(1.22464679915E-16,-1.,0.));
#5660 = ADVANCED_FACE('',(#5661),#5685,.T.);
#5661 = FACE_BOUND('',#5662,.T.);
#5662 = EDGE_LOOP('',(#5663,#5664,#5665,#5666,#5667,#5673,#5674,#5675,
    #5676,#5677,#5678,#5679));
#5663 = ORIENTED_EDGE('',*,*,#714,.T.);
#5664 = ORIENTED_EDGE('',*,*,#752,.T.);
#5665 = ORIENTED_EDGE('',*,*,#5305,.T.);
#5666 = ORIENTED_EDGE('',*,*,#5591,.F.);
#5667 = ORIENTED_EDGE('',*,*,#5668,.F.);
#5668 = EDGE_CURVE('',#278,#5592,#5669,.T.);
#5669 = LINE('',#5670,#5671);
#5670 = CARTESIAN_POINT('',(-0.35,-1.85,8.56994811203));
#5671 = VECTOR('',#5672,1.);
#5672 = DIRECTION('',(0.,0.,1.));
#5673 = ORIENTED_EDGE('',*,*,#277,.T.);
#5674 = ORIENTED_EDGE('',*,*,#187,.F.);
#5675 = ORIENTED_EDGE('',*,*,#5649,.T.);
#5676 = ORIENTED_EDGE('',*,*,#3414,.T.);
#5677 = ORIENTED_EDGE('',*,*,#5522,.F.);
#5678 = ORIENTED_EDGE('',*,*,#437,.F.);
#5679 = ORIENTED_EDGE('',*,*,#5680,.F.);
#5680 = EDGE_CURVE('',#715,#429,#5681,.T.);
#5681 = LINE('',#5682,#5683);
#5682 = CARTESIAN_POINT('',(-0.35,-1.85,-0.909999999776));
#5683 = VECTOR('',#5684,1.);
#5684 = DIRECTION('',(0.,0.,1.));
#5685 = PLANE('',#5686);
#5686 = AXIS2_PLACEMENT_3D('',#5687,#5688,#5689);
#5687 = CARTESIAN_POINT('',(-0.35,-0.35,-1.4));
#5688 = DIRECTION('',(1.,0.,0.));
#5689 = DIRECTION('',(0.,-1.,0.));
#5690 = ADVANCED_FACE('',(#5691),#5702,.T.);
#5691 = FACE_BOUND('',#5692,.T.);
#5692 = EDGE_LOOP('',(#5693,#5694,#5695,#5696));
#5693 = ORIENTED_EDGE('',*,*,#245,.T.);
#5694 = ORIENTED_EDGE('',*,*,#152,.F.);
#5695 = ORIENTED_EDGE('',*,*,#294,.F.);
#5696 = ORIENTED_EDGE('',*,*,#5697,.T.);
#5697 = EDGE_CURVE('',#286,#246,#5698,.T.);
#5698 = LINE('',#5699,#5700);
#5699 = CARTESIAN_POINT('',(-1.07499999944,-1.84999999963,7.3));
#5700 = VECTOR('',#5701,1.);
#5701 = DIRECTION('',(-1.,0.,0.));
#5702 = PLANE('',#5703);
#5703 = AXIS2_PLACEMENT_3D('',#5704,#5705,#5706);
#5704 = CARTESIAN_POINT('',(-0.3,-6.,7.3));
#5705 = DIRECTION('',(0.,-0.,1.));
#5706 = DIRECTION('',(0.,1.,0.));
#5707 = ADVANCED_FACE('',(#5708),#5720,.F.);
#5708 = FACE_BOUND('',#5709,.F.);
#5709 = EDGE_LOOP('',(#5710,#5711,#5712,#5713,#5714,#5715,#5716,#5717,
    #5718,#5719));
#5710 = ORIENTED_EDGE('',*,*,#81,.T.);
#5711 = ORIENTED_EDGE('',*,*,#3453,.F.);
#5712 = ORIENTED_EDGE('',*,*,#5357,.F.);
#5713 = ORIENTED_EDGE('',*,*,#3107,.T.);
#5714 = ORIENTED_EDGE('',*,*,#3080,.F.);
#5715 = ORIENTED_EDGE('',*,*,#3053,.T.);
#5716 = ORIENTED_EDGE('',*,*,#3010,.F.);
#5717 = ORIENTED_EDGE('',*,*,#2884,.F.);
#5718 = ORIENTED_EDGE('',*,*,#1611,.F.);
#5719 = ORIENTED_EDGE('',*,*,#5630,.F.);
#5720 = CONICAL_SURFACE('',#5721,4.8,0.213368641908);
#5721 = AXIS2_PLACEMENT_3D('',#5722,#5723,#5724);
#5722 = CARTESIAN_POINT('',(1.11022302463E-16,0.,2.01986841536));
#5723 = DIRECTION('',(0.,0.,-1.));
#5724 = DIRECTION('',(1.2325950086E-32,1.,0.));
#5725 = ADVANCED_FACE('',(#5726),#5746,.F.);
#5726 = FACE_BOUND('',#5727,.F.);
#5727 = EDGE_LOOP('',(#5728,#5729,#5737,#5738));
#5728 = ORIENTED_EDGE('',*,*,#341,.F.);
#5729 = ORIENTED_EDGE('',*,*,#5730,.T.);
#5730 = EDGE_CURVE('',#342,#42,#5731,.T.);
#5731 = B_SPLINE_CURVE_WITH_KNOTS('',4,(#5732,#5733,#5734,#5735,#5736),
  .UNSPECIFIED.,.F.,.F.,(5,5),(0.,0.617483597777),
  .PIECEWISE_BEZIER_KNOTS.);
#5732 = CARTESIAN_POINT('',(-1.8,-4.26035503215,0.439901311518));
#5733 = CARTESIAN_POINT('',(-1.80000408054,-4.34599962877,0.507382096788
    ));
#5734 = CARTESIAN_POINT('',(-1.80003923395,-4.41687174882,0.603052151025
    ));
#5735 = CARTESIAN_POINT('',(-1.79998668013,-4.44972448041,0.711069065397
    ));
#5736 = CARTESIAN_POINT('',(-1.8,-4.44971909226,0.819868415357));
#5737 = ORIENTED_EDGE('',*,*,#66,.T.);
#5738 = ORIENTED_EDGE('',*,*,#5739,.T.);
#5739 = EDGE_CURVE('',#59,#331,#5740,.T.);
#5740 = B_SPLINE_CURVE_WITH_KNOTS('',4,(#5741,#5742,#5743,#5744,#5745),
  .UNSPECIFIED.,.F.,.F.,(5,5),(0.,0.625294981279),
  .PIECEWISE_BEZIER_KNOTS.);
#5741 = CARTESIAN_POINT('',(-4.4291647068,-1.85,0.819868415357));
#5742 = CARTESIAN_POINT('',(-4.429169903,-1.84998755958,0.709618867884)
  );
#5743 = CARTESIAN_POINT('',(-4.39425119973,-1.85000228187,0.60105160438)
  );
#5744 = CARTESIAN_POINT('',(-4.32597381955,-1.8500235468,0.508182807953)
  );
#5745 = CARTESIAN_POINT('',(-4.23888251783,-1.85,0.439901311518));
#5746 = TOROIDAL_SURFACE('',#5747,4.3,0.5);
#5747 = AXIS2_PLACEMENT_3D('',#5748,#5749,#5750);
#5748 = CARTESIAN_POINT('',(0.,0.,0.819868415357));
#5749 = DIRECTION('',(0.,0.,-1.));
#5750 = DIRECTION('',(1.22464679915E-16,-1.,0.));
#5751 = ADVANCED_FACE('',(#5752),#5777,.T.);
#5752 = FACE_BOUND('',#5753,.T.);
#5753 = EDGE_LOOP('',(#5754,#5755,#5756,#5757,#5758,#5759,#5760,#5761,
    #5762,#5763,#5769,#5770,#5771,#5772,#5773,#5774,#5775,#5776));
#5754 = ORIENTED_EDGE('',*,*,#58,.T.);
#5755 = ORIENTED_EDGE('',*,*,#5739,.T.);
#5756 = ORIENTED_EDGE('',*,*,#330,.F.);
#5757 = ORIENTED_EDGE('',*,*,#5574,.T.);
#5758 = ORIENTED_EDGE('',*,*,#722,.F.);
#5759 = ORIENTED_EDGE('',*,*,#5680,.T.);
#5760 = ORIENTED_EDGE('',*,*,#428,.F.);
#5761 = ORIENTED_EDGE('',*,*,#5554,.F.);
#5762 = ORIENTED_EDGE('',*,*,#375,.F.);
#5763 = ORIENTED_EDGE('',*,*,#5764,.F.);
#5764 = EDGE_CURVE('',#254,#368,#5765,.T.);
#5765 = LINE('',#5766,#5767);
#5766 = CARTESIAN_POINT('',(-1.79999999925,-1.85,3.20000000056));
#5767 = VECTOR('',#5768,1.);
#5768 = DIRECTION('',(0.,0.,-1.));
#5769 = ORIENTED_EDGE('',*,*,#253,.F.);
#5770 = ORIENTED_EDGE('',*,*,#5697,.F.);
#5771 = ORIENTED_EDGE('',*,*,#285,.F.);
#5772 = ORIENTED_EDGE('',*,*,#5668,.T.);
#5773 = ORIENTED_EDGE('',*,*,#5601,.F.);
#5774 = ORIENTED_EDGE('',*,*,#5612,.F.);
#5775 = ORIENTED_EDGE('',*,*,#229,.F.);
#5776 = ORIENTED_EDGE('',*,*,#101,.F.);
#5777 = PLANE('',#5778);
#5778 = AXIS2_PLACEMENT_3D('',#5779,#5780,#5781);
#5779 = CARTESIAN_POINT('',(-0.35,-1.85,-1.4));
#5780 = DIRECTION('',(-0.,-1.,-0.));
#5781 = DIRECTION('',(-1.,0.,0.));
#5782 = ADVANCED_FACE('',(#5783),#5792,.T.);
#5783 = FACE_BOUND('',#5784,.T.);
#5784 = EDGE_LOOP('',(#5785,#5786,#5787,#5788,#5789,#5790,#5791));
#5785 = ORIENTED_EDGE('',*,*,#5730,.T.);
#5786 = ORIENTED_EDGE('',*,*,#39,.F.);
#5787 = ORIENTED_EDGE('',*,*,#110,.F.);
#5788 = ORIENTED_EDGE('',*,*,#262,.F.);
#5789 = ORIENTED_EDGE('',*,*,#5764,.T.);
#5790 = ORIENTED_EDGE('',*,*,#367,.T.);
#5791 = ORIENTED_EDGE('',*,*,#350,.F.);
#5792 = PLANE('',#5793);
#5793 = AXIS2_PLACEMENT_3D('',#5794,#5795,#5796);
#5794 = CARTESIAN_POINT('',(-1.8,-6.,7.3));
#5795 = DIRECTION('',(-1.,0.,2.77555756156E-16));
#5796 = DIRECTION('',(2.77555756156E-16,0.,1.));
#5797 = ( GEOMETRIC_REPRESENTATION_CONTEXT(3) 
GLOBAL_UNCERTAINTY_ASSIGNED_CONTEXT((#5801)) 
GLOBAL_UNIT_ASSIGNED_CONTEXT((#5798,#5799,#5800)) REPRESENTATION_CONTEXT
('Context #1','3D Context with UNIT and UNCERTAINTY') );
#5798 = ( LENGTH_UNIT() NAMED_UNIT(*) SI_UNIT(.MILLI.,.METRE.) );
#5799 = ( NAMED_UNIT(*) PLANE_ANGLE_UNIT() SI_UNIT($,.RADIAN.) );
#5800 = ( NAMED_UNIT(*) SI_UNIT($,.STERADIAN.) SOLID_ANGLE_UNIT() );
#5801 = UNCERTAINTY_MEASURE_WITH_UNIT(LENGTH_MEASURE(5.E-04),#5798,
  'distance_accuracy_value','confusion accuracy');
#5802 = CONTEXT_DEPENDENT_SHAPE_REPRESENTATION(#5803,#5805);
#5803 = ( REPRESENTATION_RELATIONSHIP('','',#32,#10) 
REPRESENTATION_RELATIONSHIP_WITH_TRANSFORMATION(#5804) 
SHAPE_REPRESENTATION_RELATIONSHIP() );
#5804 = ITEM_DEFINED_TRANSFORMATION('','',#11,#15);
#5805 = PRODUCT_DEFINITION_SHAPE('Placement','Placement of an item',
  #5806);
#5806 = NEXT_ASSEMBLY_USAGE_OCCURRENCE('1','CLIP_D_B_R1.0','',#5,#27,$);
#5807 = PRODUCT_RELATED_PRODUCT_CATEGORY('part',$,(#29));
#5808 = MECHANICAL_DESIGN_GEOMETRIC_PRESENTATION_REPRESENTATION('',(
    #5809,#5820,#5828,#5835,#5842,#5849,#5856,#5863,#5870,#5877,#5884,
    #5891,#5898,#5905,#5912,#5919,#5926,#5933,#5940,#5947,#5954,#5961,
    #5968,#5975,#5982,#5989,#5996,#6003,#6010,#6017,#6024,#6031,#6038,
    #6045,#6052,#6059,#6066,#6073,#6080,#6087,#6094,#6101,#6108,#6115,
    #6122,#6129,#6136,#6143,#6150,#6157,#6164,#6171,#6178,#6185,#6193,
    #6200,#6208,#6215,#6222,#6229,#6236,#6243,#6250,#6257,#6264,#6271,
    #6278,#6285,#6292,#6299,#6306,#6313,#6320,#6327,#6334,#6341,#6348,
    #6355,#6362,#6369),#5797);
#5809 = STYLED_ITEM('color',(#5810),#33);
#5810 = PRESENTATION_STYLE_ASSIGNMENT((#5811,#5817));
#5811 = SURFACE_STYLE_USAGE(.BOTH.,#5812);
#5812 = SURFACE_SIDE_STYLE('',(#5813));
#5813 = SURFACE_STYLE_FILL_AREA(#5814);
#5814 = FILL_AREA_STYLE('',(#5815));
#5815 = FILL_AREA_STYLE_COLOUR('',#5816);
#5816 = COLOUR_RGB('',1.,0.500000003429,0.);
#5817 = CURVE_STYLE('',#5818,POSITIVE_LENGTH_MEASURE(0.1),#5819);
#5818 = DRAUGHTING_PRE_DEFINED_CURVE_FONT('continuous');
#5819 = COLOUR_RGB('',9.803921802644E-02,9.803921802644E-02,
  9.803921802644E-02);
#5820 = OVER_RIDING_STYLED_ITEM('overriding color',(#5821),#77,#5809);
#5821 = PRESENTATION_STYLE_ASSIGNMENT((#5822));
#5822 = SURFACE_STYLE_USAGE(.BOTH.,#5823);
#5823 = SURFACE_SIDE_STYLE('',(#5824));
#5824 = SURFACE_STYLE_FILL_AREA(#5825);
#5825 = FILL_AREA_STYLE('',(#5826));
#5826 = FILL_AREA_STYLE_COLOUR('',#5827);
#5827 = COLOUR_RGB('',0.500000003429,0.500000003429,0.500000003429);
#5828 = OVER_RIDING_STYLED_ITEM('overriding color',(#5829),#241,#5809);
#5829 = PRESENTATION_STYLE_ASSIGNMENT((#5830));
#5830 = SURFACE_STYLE_USAGE(.BOTH.,#5831);
#5831 = SURFACE_SIDE_STYLE('',(#5832));
#5832 = SURFACE_STYLE_FILL_AREA(#5833);
#5833 = FILL_AREA_STYLE('',(#5834));
#5834 = FILL_AREA_STYLE_COLOUR('',#5827);
#5835 = OVER_RIDING_STYLED_ITEM('overriding color',(#5836),#273,#5809);
#5836 = PRESENTATION_STYLE_ASSIGNMENT((#5837));
#5837 = SURFACE_STYLE_USAGE(.BOTH.,#5838);
#5838 = SURFACE_SIDE_STYLE('',(#5839));
#5839 = SURFACE_STYLE_FILL_AREA(#5840);
#5840 = FILL_AREA_STYLE('',(#5841));
#5841 = FILL_AREA_STYLE_COLOUR('',#5827);
#5842 = OVER_RIDING_STYLED_ITEM('overriding color',(#5843),#362,#5809);
#5843 = PRESENTATION_STYLE_ASSIGNMENT((#5844));
#5844 = SURFACE_STYLE_USAGE(.BOTH.,#5845);
#5845 = SURFACE_SIDE_STYLE('',(#5846));
#5846 = SURFACE_STYLE_FILL_AREA(#5847);
#5847 = FILL_AREA_STYLE('',(#5848));
#5848 = FILL_AREA_STYLE_COLOUR('',#5827);
#5849 = OVER_RIDING_STYLED_ITEM('overriding color',(#5850),#404,#5809);
#5850 = PRESENTATION_STYLE_ASSIGNMENT((#5851));
#5851 = SURFACE_STYLE_USAGE(.BOTH.,#5852);
#5852 = SURFACE_SIDE_STYLE('',(#5853));
#5853 = SURFACE_STYLE_FILL_AREA(#5854);
#5854 = FILL_AREA_STYLE('',(#5855));
#5855 = FILL_AREA_STYLE_COLOUR('',#5827);
#5856 = OVER_RIDING_STYLED_ITEM('overriding color',(#5857),#456,#5809);
#5857 = PRESENTATION_STYLE_ASSIGNMENT((#5858));
#5858 = SURFACE_STYLE_USAGE(.BOTH.,#5859);
#5859 = SURFACE_SIDE_STYLE('',(#5860));
#5860 = SURFACE_STYLE_FILL_AREA(#5861);
#5861 = FILL_AREA_STYLE('',(#5862));
#5862 = FILL_AREA_STYLE_COLOUR('',#5827);
#5863 = OVER_RIDING_STYLED_ITEM('overriding color',(#5864),#732,#5809);
#5864 = PRESENTATION_STYLE_ASSIGNMENT((#5865));
#5865 = SURFACE_STYLE_USAGE(.BOTH.,#5866);
#5866 = SURFACE_SIDE_STYLE('',(#5867));
#5867 = SURFACE_STYLE_FILL_AREA(#5868);
#5868 = FILL_AREA_STYLE('',(#5869));
#5869 = FILL_AREA_STYLE_COLOUR('',#5827);
#5870 = OVER_RIDING_STYLED_ITEM('overriding color',(#5871),#869,#5809);
#5871 = PRESENTATION_STYLE_ASSIGNMENT((#5872));
#5872 = SURFACE_STYLE_USAGE(.BOTH.,#5873);
#5873 = SURFACE_SIDE_STYLE('',(#5874));
#5874 = SURFACE_STYLE_FILL_AREA(#5875);
#5875 = FILL_AREA_STYLE('',(#5876));
#5876 = FILL_AREA_STYLE_COLOUR('',#5827);
#5877 = OVER_RIDING_STYLED_ITEM('overriding color',(#5878),#1199,#5809);
#5878 = PRESENTATION_STYLE_ASSIGNMENT((#5879));
#5879 = SURFACE_STYLE_USAGE(.BOTH.,#5880);
#5880 = SURFACE_SIDE_STYLE('',(#5881));
#5881 = SURFACE_STYLE_FILL_AREA(#5882);
#5882 = FILL_AREA_STYLE('',(#5883));
#5883 = FILL_AREA_STYLE_COLOUR('',#5827);
#5884 = OVER_RIDING_STYLED_ITEM('overriding color',(#5885),#1318,#5809);
#5885 = PRESENTATION_STYLE_ASSIGNMENT((#5886));
#5886 = SURFACE_STYLE_USAGE(.BOTH.,#5887);
#5887 = SURFACE_SIDE_STYLE('',(#5888));
#5888 = SURFACE_STYLE_FILL_AREA(#5889);
#5889 = FILL_AREA_STYLE('',(#5890));
#5890 = FILL_AREA_STYLE_COLOUR('',#5827);
#5891 = OVER_RIDING_STYLED_ITEM('overriding color',(#5892),#1448,#5809);
#5892 = PRESENTATION_STYLE_ASSIGNMENT((#5893));
#5893 = SURFACE_STYLE_USAGE(.BOTH.,#5894);
#5894 = SURFACE_SIDE_STYLE('',(#5895));
#5895 = SURFACE_STYLE_FILL_AREA(#5896);
#5896 = FILL_AREA_STYLE('',(#5897));
#5897 = FILL_AREA_STYLE_COLOUR('',#5827);
#5898 = OVER_RIDING_STYLED_ITEM('overriding color',(#5899),#1722,#5809);
#5899 = PRESENTATION_STYLE_ASSIGNMENT((#5900));
#5900 = SURFACE_STYLE_USAGE(.BOTH.,#5901);
#5901 = SURFACE_SIDE_STYLE('',(#5902));
#5902 = SURFACE_STYLE_FILL_AREA(#5903);
#5903 = FILL_AREA_STYLE('',(#5904));
#5904 = FILL_AREA_STYLE_COLOUR('',#5827);
#5905 = OVER_RIDING_STYLED_ITEM('overriding color',(#5906),#1796,#5809);
#5906 = PRESENTATION_STYLE_ASSIGNMENT((#5907));
#5907 = SURFACE_STYLE_USAGE(.BOTH.,#5908);
#5908 = SURFACE_SIDE_STYLE('',(#5909));
#5909 = SURFACE_STYLE_FILL_AREA(#5910);
#5910 = FILL_AREA_STYLE('',(#5911));
#5911 = FILL_AREA_STYLE_COLOUR('',#5827);
#5912 = OVER_RIDING_STYLED_ITEM('overriding color',(#5913),#1879,#5809);
#5913 = PRESENTATION_STYLE_ASSIGNMENT((#5914));
#5914 = SURFACE_STYLE_USAGE(.BOTH.,#5915);
#5915 = SURFACE_SIDE_STYLE('',(#5916));
#5916 = SURFACE_STYLE_FILL_AREA(#5917);
#5917 = FILL_AREA_STYLE('',(#5918));
#5918 = FILL_AREA_STYLE_COLOUR('',#5827);
#5919 = OVER_RIDING_STYLED_ITEM('overriding color',(#5920),#1949,#5809);
#5920 = PRESENTATION_STYLE_ASSIGNMENT((#5921));
#5921 = SURFACE_STYLE_USAGE(.BOTH.,#5922);
#5922 = SURFACE_SIDE_STYLE('',(#5923));
#5923 = SURFACE_STYLE_FILL_AREA(#5924);
#5924 = FILL_AREA_STYLE('',(#5925));
#5925 = FILL_AREA_STYLE_COLOUR('',#5827);
#5926 = OVER_RIDING_STYLED_ITEM('overriding color',(#5927),#2133,#5809);
#5927 = PRESENTATION_STYLE_ASSIGNMENT((#5928));
#5928 = SURFACE_STYLE_USAGE(.BOTH.,#5929);
#5929 = SURFACE_SIDE_STYLE('',(#5930));
#5930 = SURFACE_STYLE_FILL_AREA(#5931);
#5931 = FILL_AREA_STYLE('',(#5932));
#5932 = FILL_AREA_STYLE_COLOUR('',#5827);
#5933 = OVER_RIDING_STYLED_ITEM('overriding color',(#5934),#2165,#5809);
#5934 = PRESENTATION_STYLE_ASSIGNMENT((#5935));
#5935 = SURFACE_STYLE_USAGE(.BOTH.,#5936);
#5936 = SURFACE_SIDE_STYLE('',(#5937));
#5937 = SURFACE_STYLE_FILL_AREA(#5938);
#5938 = FILL_AREA_STYLE('',(#5939));
#5939 = FILL_AREA_STYLE_COLOUR('',#5827);
#5940 = OVER_RIDING_STYLED_ITEM('overriding color',(#5941),#2182,#5809);
#5941 = PRESENTATION_STYLE_ASSIGNMENT((#5942));
#5942 = SURFACE_STYLE_USAGE(.BOTH.,#5943);
#5943 = SURFACE_SIDE_STYLE('',(#5944));
#5944 = SURFACE_STYLE_FILL_AREA(#5945);
#5945 = FILL_AREA_STYLE('',(#5946));
#5946 = FILL_AREA_STYLE_COLOUR('',#5827);
#5947 = OVER_RIDING_STYLED_ITEM('overriding color',(#5948),#2200,#5809);
#5948 = PRESENTATION_STYLE_ASSIGNMENT((#5949));
#5949 = SURFACE_STYLE_USAGE(.BOTH.,#5950);
#5950 = SURFACE_SIDE_STYLE('',(#5951));
#5951 = SURFACE_STYLE_FILL_AREA(#5952);
#5952 = FILL_AREA_STYLE('',(#5953));
#5953 = FILL_AREA_STYLE_COLOUR('',#5827);
#5954 = OVER_RIDING_STYLED_ITEM('overriding color',(#5955),#2248,#5809);
#5955 = PRESENTATION_STYLE_ASSIGNMENT((#5956));
#5956 = SURFACE_STYLE_USAGE(.BOTH.,#5957);
#5957 = SURFACE_SIDE_STYLE('',(#5958));
#5958 = SURFACE_STYLE_FILL_AREA(#5959);
#5959 = FILL_AREA_STYLE('',(#5960));
#5960 = FILL_AREA_STYLE_COLOUR('',#5827);
#5961 = OVER_RIDING_STYLED_ITEM('overriding color',(#5962),#2265,#5809);
#5962 = PRESENTATION_STYLE_ASSIGNMENT((#5963));
#5963 = SURFACE_STYLE_USAGE(.BOTH.,#5964);
#5964 = SURFACE_SIDE_STYLE('',(#5965));
#5965 = SURFACE_STYLE_FILL_AREA(#5966);
#5966 = FILL_AREA_STYLE('',(#5967));
#5967 = FILL_AREA_STYLE_COLOUR('',#5827);
#5968 = OVER_RIDING_STYLED_ITEM('overriding color',(#5969),#2343,#5809);
#5969 = PRESENTATION_STYLE_ASSIGNMENT((#5970));
#5970 = SURFACE_STYLE_USAGE(.BOTH.,#5971);
#5971 = SURFACE_SIDE_STYLE('',(#5972));
#5972 = SURFACE_STYLE_FILL_AREA(#5973);
#5973 = FILL_AREA_STYLE('',(#5974));
#5974 = FILL_AREA_STYLE_COLOUR('',#5827);
#5975 = OVER_RIDING_STYLED_ITEM('overriding color',(#5976),#2369,#5809);
#5976 = PRESENTATION_STYLE_ASSIGNMENT((#5977));
#5977 = SURFACE_STYLE_USAGE(.BOTH.,#5978);
#5978 = SURFACE_SIDE_STYLE('',(#5979));
#5979 = SURFACE_STYLE_FILL_AREA(#5980);
#5980 = FILL_AREA_STYLE('',(#5981));
#5981 = FILL_AREA_STYLE_COLOUR('',#5827);
#5982 = OVER_RIDING_STYLED_ITEM('overriding color',(#5983),#2479,#5809);
#5983 = PRESENTATION_STYLE_ASSIGNMENT((#5984));
#5984 = SURFACE_STYLE_USAGE(.BOTH.,#5985);
#5985 = SURFACE_SIDE_STYLE('',(#5986));
#5986 = SURFACE_STYLE_FILL_AREA(#5987);
#5987 = FILL_AREA_STYLE('',(#5988));
#5988 = FILL_AREA_STYLE_COLOUR('',#5827);
#5989 = OVER_RIDING_STYLED_ITEM('overriding color',(#5990),#2593,#5809);
#5990 = PRESENTATION_STYLE_ASSIGNMENT((#5991));
#5991 = SURFACE_STYLE_USAGE(.BOTH.,#5992);
#5992 = SURFACE_SIDE_STYLE('',(#5993));
#5993 = SURFACE_STYLE_FILL_AREA(#5994);
#5994 = FILL_AREA_STYLE('',(#5995));
#5995 = FILL_AREA_STYLE_COLOUR('',#5827);
#5996 = OVER_RIDING_STYLED_ITEM('overriding color',(#5997),#2618,#5809);
#5997 = PRESENTATION_STYLE_ASSIGNMENT((#5998));
#5998 = SURFACE_STYLE_USAGE(.BOTH.,#5999);
#5999 = SURFACE_SIDE_STYLE('',(#6000));
#6000 = SURFACE_STYLE_FILL_AREA(#6001);
#6001 = FILL_AREA_STYLE('',(#6002));
#6002 = FILL_AREA_STYLE_COLOUR('',#5827);
#6003 = OVER_RIDING_STYLED_ITEM('overriding color',(#6004),#2663,#5809);
#6004 = PRESENTATION_STYLE_ASSIGNMENT((#6005));
#6005 = SURFACE_STYLE_USAGE(.BOTH.,#6006);
#6006 = SURFACE_SIDE_STYLE('',(#6007));
#6007 = SURFACE_STYLE_FILL_AREA(#6008);
#6008 = FILL_AREA_STYLE('',(#6009));
#6009 = FILL_AREA_STYLE_COLOUR('',#5827);
#6010 = OVER_RIDING_STYLED_ITEM('overriding color',(#6011),#2737,#5809);
#6011 = PRESENTATION_STYLE_ASSIGNMENT((#6012));
#6012 = SURFACE_STYLE_USAGE(.BOTH.,#6013);
#6013 = SURFACE_SIDE_STYLE('',(#6014));
#6014 = SURFACE_STYLE_FILL_AREA(#6015);
#6015 = FILL_AREA_STYLE('',(#6016));
#6016 = FILL_AREA_STYLE_COLOUR('',#5827);
#6017 = OVER_RIDING_STYLED_ITEM('overriding color',(#6018),#2820,#5809);
#6018 = PRESENTATION_STYLE_ASSIGNMENT((#6019));
#6019 = SURFACE_STYLE_USAGE(.BOTH.,#6020);
#6020 = SURFACE_SIDE_STYLE('',(#6021));
#6021 = SURFACE_STYLE_FILL_AREA(#6022);
#6022 = FILL_AREA_STYLE('',(#6023));
#6023 = FILL_AREA_STYLE_COLOUR('',#5827);
#6024 = OVER_RIDING_STYLED_ITEM('overriding color',(#6025),#2932,#5809);
#6025 = PRESENTATION_STYLE_ASSIGNMENT((#6026));
#6026 = SURFACE_STYLE_USAGE(.BOTH.,#6027);
#6027 = SURFACE_SIDE_STYLE('',(#6028));
#6028 = SURFACE_STYLE_FILL_AREA(#6029);
#6029 = FILL_AREA_STYLE('',(#6030));
#6030 = FILL_AREA_STYLE_COLOUR('',#5827);
#6031 = OVER_RIDING_STYLED_ITEM('overriding color',(#6032),#2963,#5809);
#6032 = PRESENTATION_STYLE_ASSIGNMENT((#6033));
#6033 = SURFACE_STYLE_USAGE(.BOTH.,#6034);
#6034 = SURFACE_SIDE_STYLE('',(#6035));
#6035 = SURFACE_STYLE_FILL_AREA(#6036);
#6036 = FILL_AREA_STYLE('',(#6037));
#6037 = FILL_AREA_STYLE_COLOUR('',#5827);
#6038 = OVER_RIDING_STYLED_ITEM('overriding color',(#6039),#2980,#5809);
#6039 = PRESENTATION_STYLE_ASSIGNMENT((#6040));
#6040 = SURFACE_STYLE_USAGE(.BOTH.,#6041);
#6041 = SURFACE_SIDE_STYLE('',(#6042));
#6042 = SURFACE_STYLE_FILL_AREA(#6043);
#6043 = FILL_AREA_STYLE('',(#6044));
#6044 = FILL_AREA_STYLE_COLOUR('',#5827);
#6045 = OVER_RIDING_STYLED_ITEM('overriding color',(#6046),#2998,#5809);
#6046 = PRESENTATION_STYLE_ASSIGNMENT((#6047));
#6047 = SURFACE_STYLE_USAGE(.BOTH.,#6048);
#6048 = SURFACE_SIDE_STYLE('',(#6049));
#6049 = SURFACE_STYLE_FILL_AREA(#6050);
#6050 = FILL_AREA_STYLE('',(#6051));
#6051 = FILL_AREA_STYLE_COLOUR('',#5827);
#6052 = OVER_RIDING_STYLED_ITEM('overriding color',(#6053),#3039,#5809);
#6053 = PRESENTATION_STYLE_ASSIGNMENT((#6054));
#6054 = SURFACE_STYLE_USAGE(.BOTH.,#6055);
#6055 = SURFACE_SIDE_STYLE('',(#6056));
#6056 = SURFACE_STYLE_FILL_AREA(#6057);
#6057 = FILL_AREA_STYLE('',(#6058));
#6058 = FILL_AREA_STYLE_COLOUR('',#5827);
#6059 = OVER_RIDING_STYLED_ITEM('overriding color',(#6060),#3066,#5809);
#6060 = PRESENTATION_STYLE_ASSIGNMENT((#6061));
#6061 = SURFACE_STYLE_USAGE(.BOTH.,#6062);
#6062 = SURFACE_SIDE_STYLE('',(#6063));
#6063 = SURFACE_STYLE_FILL_AREA(#6064);
#6064 = FILL_AREA_STYLE('',(#6065));
#6065 = FILL_AREA_STYLE_COLOUR('',#5827);
#6066 = OVER_RIDING_STYLED_ITEM('overriding color',(#6067),#3093,#5809);
#6067 = PRESENTATION_STYLE_ASSIGNMENT((#6068));
#6068 = SURFACE_STYLE_USAGE(.BOTH.,#6069);
#6069 = SURFACE_SIDE_STYLE('',(#6070));
#6070 = SURFACE_STYLE_FILL_AREA(#6071);
#6071 = FILL_AREA_STYLE('',(#6072));
#6072 = FILL_AREA_STYLE_COLOUR('',#5827);
#6073 = OVER_RIDING_STYLED_ITEM('overriding color',(#6074),#3163,#5809);
#6074 = PRESENTATION_STYLE_ASSIGNMENT((#6075));
#6075 = SURFACE_STYLE_USAGE(.BOTH.,#6076);
#6076 = SURFACE_SIDE_STYLE('',(#6077));
#6077 = SURFACE_STYLE_FILL_AREA(#6078);
#6078 = FILL_AREA_STYLE('',(#6079));
#6079 = FILL_AREA_STYLE_COLOUR('',#5827);
#6080 = OVER_RIDING_STYLED_ITEM('overriding color',(#6081),#3283,#5809);
#6081 = PRESENTATION_STYLE_ASSIGNMENT((#6082));
#6082 = SURFACE_STYLE_USAGE(.BOTH.,#6083);
#6083 = SURFACE_SIDE_STYLE('',(#6084));
#6084 = SURFACE_STYLE_FILL_AREA(#6085);
#6085 = FILL_AREA_STYLE('',(#6086));
#6086 = FILL_AREA_STYLE_COLOUR('',#5827);
#6087 = OVER_RIDING_STYLED_ITEM('overriding color',(#6088),#3315,#5809);
#6088 = PRESENTATION_STYLE_ASSIGNMENT((#6089));
#6089 = SURFACE_STYLE_USAGE(.BOTH.,#6090);
#6090 = SURFACE_SIDE_STYLE('',(#6091));
#6091 = SURFACE_STYLE_FILL_AREA(#6092);
#6092 = FILL_AREA_STYLE('',(#6093));
#6093 = FILL_AREA_STYLE_COLOUR('',#5827);
#6094 = OVER_RIDING_STYLED_ITEM('overriding color',(#6095),#3464,#5809);
#6095 = PRESENTATION_STYLE_ASSIGNMENT((#6096));
#6096 = SURFACE_STYLE_USAGE(.BOTH.,#6097);
#6097 = SURFACE_SIDE_STYLE('',(#6098));
#6098 = SURFACE_STYLE_FILL_AREA(#6099);
#6099 = FILL_AREA_STYLE('',(#6100));
#6100 = FILL_AREA_STYLE_COLOUR('',#5827);
#6101 = OVER_RIDING_STYLED_ITEM('overriding color',(#6102),#3528,#5809);
#6102 = PRESENTATION_STYLE_ASSIGNMENT((#6103));
#6103 = SURFACE_STYLE_USAGE(.BOTH.,#6104);
#6104 = SURFACE_SIDE_STYLE('',(#6105));
#6105 = SURFACE_STYLE_FILL_AREA(#6106);
#6106 = FILL_AREA_STYLE('',(#6107));
#6107 = FILL_AREA_STYLE_COLOUR('',#5827);
#6108 = OVER_RIDING_STYLED_ITEM('overriding color',(#6109),#3574,#5809);
#6109 = PRESENTATION_STYLE_ASSIGNMENT((#6110));
#6110 = SURFACE_STYLE_USAGE(.BOTH.,#6111);
#6111 = SURFACE_SIDE_STYLE('',(#6112));
#6112 = SURFACE_STYLE_FILL_AREA(#6113);
#6113 = FILL_AREA_STYLE('',(#6114));
#6114 = FILL_AREA_STYLE_COLOUR('',#5827);
#6115 = OVER_RIDING_STYLED_ITEM('overriding color',(#6116),#3616,#5809);
#6116 = PRESENTATION_STYLE_ASSIGNMENT((#6117));
#6117 = SURFACE_STYLE_USAGE(.BOTH.,#6118);
#6118 = SURFACE_SIDE_STYLE('',(#6119));
#6119 = SURFACE_STYLE_FILL_AREA(#6120);
#6120 = FILL_AREA_STYLE('',(#6121));
#6121 = FILL_AREA_STYLE_COLOUR('',#5827);
#6122 = OVER_RIDING_STYLED_ITEM('overriding color',(#6123),#3698,#5809);
#6123 = PRESENTATION_STYLE_ASSIGNMENT((#6124));
#6124 = SURFACE_STYLE_USAGE(.BOTH.,#6125);
#6125 = SURFACE_SIDE_STYLE('',(#6126));
#6126 = SURFACE_STYLE_FILL_AREA(#6127);
#6127 = FILL_AREA_STYLE('',(#6128));
#6128 = FILL_AREA_STYLE_COLOUR('',#5827);
#6129 = OVER_RIDING_STYLED_ITEM('overriding color',(#6130),#3758,#5809);
#6130 = PRESENTATION_STYLE_ASSIGNMENT((#6131));
#6131 = SURFACE_STYLE_USAGE(.BOTH.,#6132);
#6132 = SURFACE_SIDE_STYLE('',(#6133));
#6133 = SURFACE_STYLE_FILL_AREA(#6134);
#6134 = FILL_AREA_STYLE('',(#6135));
#6135 = FILL_AREA_STYLE_COLOUR('',#5827);
#6136 = OVER_RIDING_STYLED_ITEM('overriding color',(#6137),#3800,#5809);
#6137 = PRESENTATION_STYLE_ASSIGNMENT((#6138));
#6138 = SURFACE_STYLE_USAGE(.BOTH.,#6139);
#6139 = SURFACE_SIDE_STYLE('',(#6140));
#6140 = SURFACE_STYLE_FILL_AREA(#6141);
#6141 = FILL_AREA_STYLE('',(#6142));
#6142 = FILL_AREA_STYLE_COLOUR('',#5827);
#6143 = OVER_RIDING_STYLED_ITEM('overriding color',(#6144),#3842,#5809);
#6144 = PRESENTATION_STYLE_ASSIGNMENT((#6145));
#6145 = SURFACE_STYLE_USAGE(.BOTH.,#6146);
#6146 = SURFACE_SIDE_STYLE('',(#6147));
#6147 = SURFACE_STYLE_FILL_AREA(#6148);
#6148 = FILL_AREA_STYLE('',(#6149));
#6149 = FILL_AREA_STYLE_COLOUR('',#5827);
#6150 = OVER_RIDING_STYLED_ITEM('overriding color',(#6151),#3870,#5809);
#6151 = PRESENTATION_STYLE_ASSIGNMENT((#6152));
#6152 = SURFACE_STYLE_USAGE(.BOTH.,#6153);
#6153 = SURFACE_SIDE_STYLE('',(#6154));
#6154 = SURFACE_STYLE_FILL_AREA(#6155);
#6155 = FILL_AREA_STYLE('',(#6156));
#6156 = FILL_AREA_STYLE_COLOUR('',#5827);
#6157 = OVER_RIDING_STYLED_ITEM('overriding color',(#6158),#3964,#5809);
#6158 = PRESENTATION_STYLE_ASSIGNMENT((#6159));
#6159 = SURFACE_STYLE_USAGE(.BOTH.,#6160);
#6160 = SURFACE_SIDE_STYLE('',(#6161));
#6161 = SURFACE_STYLE_FILL_AREA(#6162);
#6162 = FILL_AREA_STYLE('',(#6163));
#6163 = FILL_AREA_STYLE_COLOUR('',#5827);
#6164 = OVER_RIDING_STYLED_ITEM('overriding color',(#6165),#4008,#5809);
#6165 = PRESENTATION_STYLE_ASSIGNMENT((#6166));
#6166 = SURFACE_STYLE_USAGE(.BOTH.,#6167);
#6167 = SURFACE_SIDE_STYLE('',(#6168));
#6168 = SURFACE_STYLE_FILL_AREA(#6169);
#6169 = FILL_AREA_STYLE('',(#6170));
#6170 = FILL_AREA_STYLE_COLOUR('',#5827);
#6171 = OVER_RIDING_STYLED_ITEM('overriding color',(#6172),#4038,#5809);
#6172 = PRESENTATION_STYLE_ASSIGNMENT((#6173));
#6173 = SURFACE_STYLE_USAGE(.BOTH.,#6174);
#6174 = SURFACE_SIDE_STYLE('',(#6175));
#6175 = SURFACE_STYLE_FILL_AREA(#6176);
#6176 = FILL_AREA_STYLE('',(#6177));
#6177 = FILL_AREA_STYLE_COLOUR('',#5827);
#6178 = OVER_RIDING_STYLED_ITEM('overriding color',(#6179),#4080,#5809);
#6179 = PRESENTATION_STYLE_ASSIGNMENT((#6180));
#6180 = SURFACE_STYLE_USAGE(.BOTH.,#6181);
#6181 = SURFACE_SIDE_STYLE('',(#6182));
#6182 = SURFACE_STYLE_FILL_AREA(#6183);
#6183 = FILL_AREA_STYLE('',(#6184));
#6184 = FILL_AREA_STYLE_COLOUR('',#5827);
#6185 = OVER_RIDING_STYLED_ITEM('overriding color',(#6186),#4108,#5809);
#6186 = PRESENTATION_STYLE_ASSIGNMENT((#6187));
#6187 = SURFACE_STYLE_USAGE(.BOTH.,#6188);
#6188 = SURFACE_SIDE_STYLE('',(#6189));
#6189 = SURFACE_STYLE_FILL_AREA(#6190);
#6190 = FILL_AREA_STYLE('',(#6191));
#6191 = FILL_AREA_STYLE_COLOUR('',#6192);
#6192 = DRAUGHTING_PRE_DEFINED_COLOUR('yellow');
#6193 = OVER_RIDING_STYLED_ITEM('overriding color',(#6194),#4150,#5809);
#6194 = PRESENTATION_STYLE_ASSIGNMENT((#6195));
#6195 = SURFACE_STYLE_USAGE(.BOTH.,#6196);
#6196 = SURFACE_SIDE_STYLE('',(#6197));
#6197 = SURFACE_STYLE_FILL_AREA(#6198);
#6198 = FILL_AREA_STYLE('',(#6199));
#6199 = FILL_AREA_STYLE_COLOUR('',#6192);
#6200 = OVER_RIDING_STYLED_ITEM('overriding color',(#6201),#4250,#5809);
#6201 = PRESENTATION_STYLE_ASSIGNMENT((#6202));
#6202 = SURFACE_STYLE_USAGE(.BOTH.,#6203);
#6203 = SURFACE_SIDE_STYLE('',(#6204));
#6204 = SURFACE_STYLE_FILL_AREA(#6205);
#6205 = FILL_AREA_STYLE('',(#6206));
#6206 = FILL_AREA_STYLE_COLOUR('',#6207);
#6207 = DRAUGHTING_PRE_DEFINED_COLOUR('blue');
#6208 = OVER_RIDING_STYLED_ITEM('overriding color',(#6209),#4292,#5809);
#6209 = PRESENTATION_STYLE_ASSIGNMENT((#6210));
#6210 = SURFACE_STYLE_USAGE(.BOTH.,#6211);
#6211 = SURFACE_SIDE_STYLE('',(#6212));
#6212 = SURFACE_STYLE_FILL_AREA(#6213);
#6213 = FILL_AREA_STYLE('',(#6214));
#6214 = FILL_AREA_STYLE_COLOUR('',#6207);
#6215 = OVER_RIDING_STYLED_ITEM('overriding color',(#6216),#4392,#5809);
#6216 = PRESENTATION_STYLE_ASSIGNMENT((#6217));
#6217 = SURFACE_STYLE_USAGE(.BOTH.,#6218);
#6218 = SURFACE_SIDE_STYLE('',(#6219));
#6219 = SURFACE_STYLE_FILL_AREA(#6220);
#6220 = FILL_AREA_STYLE('',(#6221));
#6221 = FILL_AREA_STYLE_COLOUR('',#5827);
#6222 = OVER_RIDING_STYLED_ITEM('overriding color',(#6223),#4706,#5809);
#6223 = PRESENTATION_STYLE_ASSIGNMENT((#6224));
#6224 = SURFACE_STYLE_USAGE(.BOTH.,#6225);
#6225 = SURFACE_SIDE_STYLE('',(#6226));
#6226 = SURFACE_STYLE_FILL_AREA(#6227);
#6227 = FILL_AREA_STYLE('',(#6228));
#6228 = FILL_AREA_STYLE_COLOUR('',#5827);
#6229 = OVER_RIDING_STYLED_ITEM('overriding color',(#6230),#4866,#5809);
#6230 = PRESENTATION_STYLE_ASSIGNMENT((#6231));
#6231 = SURFACE_STYLE_USAGE(.BOTH.,#6232);
#6232 = SURFACE_SIDE_STYLE('',(#6233));
#6233 = SURFACE_STYLE_FILL_AREA(#6234);
#6234 = FILL_AREA_STYLE('',(#6235));
#6235 = FILL_AREA_STYLE_COLOUR('',#5827);
#6236 = OVER_RIDING_STYLED_ITEM('overriding color',(#6237),#5024,#5809);
#6237 = PRESENTATION_STYLE_ASSIGNMENT((#6238));
#6238 = SURFACE_STYLE_USAGE(.BOTH.,#6239);
#6239 = SURFACE_SIDE_STYLE('',(#6240));
#6240 = SURFACE_STYLE_FILL_AREA(#6241);
#6241 = FILL_AREA_STYLE('',(#6242));
#6242 = FILL_AREA_STYLE_COLOUR('',#5827);
#6243 = OVER_RIDING_STYLED_ITEM('overriding color',(#6244),#5118,#5809);
#6244 = PRESENTATION_STYLE_ASSIGNMENT((#6245));
#6245 = SURFACE_STYLE_USAGE(.BOTH.,#6246);
#6246 = SURFACE_SIDE_STYLE('',(#6247));
#6247 = SURFACE_STYLE_FILL_AREA(#6248);
#6248 = FILL_AREA_STYLE('',(#6249));
#6249 = FILL_AREA_STYLE_COLOUR('',#5827);
#6250 = OVER_RIDING_STYLED_ITEM('overriding color',(#6251),#5157,#5809);
#6251 = PRESENTATION_STYLE_ASSIGNMENT((#6252));
#6252 = SURFACE_STYLE_USAGE(.BOTH.,#6253);
#6253 = SURFACE_SIDE_STYLE('',(#6254));
#6254 = SURFACE_STYLE_FILL_AREA(#6255);
#6255 = FILL_AREA_STYLE('',(#6256));
#6256 = FILL_AREA_STYLE_COLOUR('',#5827);
#6257 = OVER_RIDING_STYLED_ITEM('overriding color',(#6258),#5242,#5809);
#6258 = PRESENTATION_STYLE_ASSIGNMENT((#6259));
#6259 = SURFACE_STYLE_USAGE(.BOTH.,#6260);
#6260 = SURFACE_SIDE_STYLE('',(#6261));
#6261 = SURFACE_STYLE_FILL_AREA(#6262);
#6262 = FILL_AREA_STYLE('',(#6263));
#6263 = FILL_AREA_STYLE_COLOUR('',#5827);
#6264 = OVER_RIDING_STYLED_ITEM('overriding color',(#6265),#5268,#5809);
#6265 = PRESENTATION_STYLE_ASSIGNMENT((#6266));
#6266 = SURFACE_STYLE_USAGE(.BOTH.,#6267);
#6267 = SURFACE_SIDE_STYLE('',(#6268));
#6268 = SURFACE_STYLE_FILL_AREA(#6269);
#6269 = FILL_AREA_STYLE('',(#6270));
#6270 = FILL_AREA_STYLE_COLOUR('',#5827);
#6271 = OVER_RIDING_STYLED_ITEM('overriding color',(#6272),#5297,#5809);
#6272 = PRESENTATION_STYLE_ASSIGNMENT((#6273));
#6273 = SURFACE_STYLE_USAGE(.BOTH.,#6274);
#6274 = SURFACE_SIDE_STYLE('',(#6275));
#6275 = SURFACE_STYLE_FILL_AREA(#6276);
#6276 = FILL_AREA_STYLE('',(#6277));
#6277 = FILL_AREA_STYLE_COLOUR('',#5827);
#6278 = OVER_RIDING_STYLED_ITEM('overriding color',(#6279),#5351,#5809);
#6279 = PRESENTATION_STYLE_ASSIGNMENT((#6280));
#6280 = SURFACE_STYLE_USAGE(.BOTH.,#6281);
#6281 = SURFACE_SIDE_STYLE('',(#6282));
#6282 = SURFACE_STYLE_FILL_AREA(#6283);
#6283 = FILL_AREA_STYLE('',(#6284));
#6284 = FILL_AREA_STYLE_COLOUR('',#5827);
#6285 = OVER_RIDING_STYLED_ITEM('overriding color',(#6286),#5384,#5809);
#6286 = PRESENTATION_STYLE_ASSIGNMENT((#6287));
#6287 = SURFACE_STYLE_USAGE(.BOTH.,#6288);
#6288 = SURFACE_SIDE_STYLE('',(#6289));
#6289 = SURFACE_STYLE_FILL_AREA(#6290);
#6290 = FILL_AREA_STYLE('',(#6291));
#6291 = FILL_AREA_STYLE_COLOUR('',#5827);
#6292 = OVER_RIDING_STYLED_ITEM('overriding color',(#6293),#5402,#5809);
#6293 = PRESENTATION_STYLE_ASSIGNMENT((#6294));
#6294 = SURFACE_STYLE_USAGE(.BOTH.,#6295);
#6295 = SURFACE_SIDE_STYLE('',(#6296));
#6296 = SURFACE_STYLE_FILL_AREA(#6297);
#6297 = FILL_AREA_STYLE('',(#6298));
#6298 = FILL_AREA_STYLE_COLOUR('',#5827);
#6299 = OVER_RIDING_STYLED_ITEM('overriding color',(#6300),#5428,#5809);
#6300 = PRESENTATION_STYLE_ASSIGNMENT((#6301));
#6301 = SURFACE_STYLE_USAGE(.BOTH.,#6302);
#6302 = SURFACE_SIDE_STYLE('',(#6303));
#6303 = SURFACE_STYLE_FILL_AREA(#6304);
#6304 = FILL_AREA_STYLE('',(#6305));
#6305 = FILL_AREA_STYLE_COLOUR('',#5827);
#6306 = OVER_RIDING_STYLED_ITEM('overriding color',(#6307),#5453,#5809);
#6307 = PRESENTATION_STYLE_ASSIGNMENT((#6308));
#6308 = SURFACE_STYLE_USAGE(.BOTH.,#6309);
#6309 = SURFACE_SIDE_STYLE('',(#6310));
#6310 = SURFACE_STYLE_FILL_AREA(#6311);
#6311 = FILL_AREA_STYLE('',(#6312));
#6312 = FILL_AREA_STYLE_COLOUR('',#5827);
#6313 = OVER_RIDING_STYLED_ITEM('overriding color',(#6314),#5471,#5809);
#6314 = PRESENTATION_STYLE_ASSIGNMENT((#6315));
#6315 = SURFACE_STYLE_USAGE(.BOTH.,#6316);
#6316 = SURFACE_SIDE_STYLE('',(#6317));
#6317 = SURFACE_STYLE_FILL_AREA(#6318);
#6318 = FILL_AREA_STYLE('',(#6319));
#6319 = FILL_AREA_STYLE_COLOUR('',#5827);
#6320 = OVER_RIDING_STYLED_ITEM('overriding color',(#6321),#5495,#5809);
#6321 = PRESENTATION_STYLE_ASSIGNMENT((#6322));
#6322 = SURFACE_STYLE_USAGE(.BOTH.,#6323);
#6323 = SURFACE_SIDE_STYLE('',(#6324));
#6324 = SURFACE_STYLE_FILL_AREA(#6325);
#6325 = FILL_AREA_STYLE('',(#6326));
#6326 = FILL_AREA_STYLE_COLOUR('',#5827);
#6327 = OVER_RIDING_STYLED_ITEM('overriding color',(#6328),#5539,#5809);
#6328 = PRESENTATION_STYLE_ASSIGNMENT((#6329));
#6329 = SURFACE_STYLE_USAGE(.BOTH.,#6330);
#6330 = SURFACE_SIDE_STYLE('',(#6331));
#6331 = SURFACE_STYLE_FILL_AREA(#6332);
#6332 = FILL_AREA_STYLE('',(#6333));
#6333 = FILL_AREA_STYLE_COLOUR('',#5827);
#6334 = OVER_RIDING_STYLED_ITEM('overriding color',(#6335),#5585,#5809);
#6335 = PRESENTATION_STYLE_ASSIGNMENT((#6336));
#6336 = SURFACE_STYLE_USAGE(.BOTH.,#6337);
#6337 = SURFACE_SIDE_STYLE('',(#6338));
#6338 = SURFACE_STYLE_FILL_AREA(#6339);
#6339 = FILL_AREA_STYLE('',(#6340));
#6340 = FILL_AREA_STYLE_COLOUR('',#5827);
#6341 = OVER_RIDING_STYLED_ITEM('overriding color',(#6342),#5660,#5809);
#6342 = PRESENTATION_STYLE_ASSIGNMENT((#6343));
#6343 = SURFACE_STYLE_USAGE(.BOTH.,#6344);
#6344 = SURFACE_SIDE_STYLE('',(#6345));
#6345 = SURFACE_STYLE_FILL_AREA(#6346);
#6346 = FILL_AREA_STYLE('',(#6347));
#6347 = FILL_AREA_STYLE_COLOUR('',#5827);
#6348 = OVER_RIDING_STYLED_ITEM('overriding color',(#6349),#5690,#5809);
#6349 = PRESENTATION_STYLE_ASSIGNMENT((#6350));
#6350 = SURFACE_STYLE_USAGE(.BOTH.,#6351);
#6351 = SURFACE_SIDE_STYLE('',(#6352));
#6352 = SURFACE_STYLE_FILL_AREA(#6353);
#6353 = FILL_AREA_STYLE('',(#6354));
#6354 = FILL_AREA_STYLE_COLOUR('',#5827);
#6355 = OVER_RIDING_STYLED_ITEM('overriding color',(#6356),#5707,#5809);
#6356 = PRESENTATION_STYLE_ASSIGNMENT((#6357));
#6357 = SURFACE_STYLE_USAGE(.BOTH.,#6358);
#6358 = SURFACE_SIDE_STYLE('',(#6359));
#6359 = SURFACE_STYLE_FILL_AREA(#6360);
#6360 = FILL_AREA_STYLE('',(#6361));
#6361 = FILL_AREA_STYLE_COLOUR('',#5827);
#6362 = OVER_RIDING_STYLED_ITEM('overriding color',(#6363),#5751,#5809);
#6363 = PRESENTATION_STYLE_ASSIGNMENT((#6364));
#6364 = SURFACE_STYLE_USAGE(.BOTH.,#6365);
#6365 = SURFACE_SIDE_STYLE('',(#6366));
#6366 = SURFACE_STYLE_FILL_AREA(#6367);
#6367 = FILL_AREA_STYLE('',(#6368));
#6368 = FILL_AREA_STYLE_COLOUR('',#5827);
#6369 = OVER_RIDING_STYLED_ITEM('overriding color',(#6370),#5782,#5809);
#6370 = PRESENTATION_STYLE_ASSIGNMENT((#6371));
#6371 = SURFACE_STYLE_USAGE(.BOTH.,#6372);
#6372 = SURFACE_SIDE_STYLE('',(#6373));
#6373 = SURFACE_STYLE_FILL_AREA(#6374);
#6374 = FILL_AREA_STYLE('',(#6375));
#6375 = FILL_AREA_STYLE_COLOUR('',#5827);
ENDSEC;
END-ISO-10303-21;
