ISO-10303-21;
HEADER;
FILE_DESCRIPTION(('FreeCAD Model'),'2;1');
FILE_NAME('Open CASCADE Shape Model','2026-06-26T09:11:56',(''),(''),
  'Open CASCADE STEP processor 7.8','FreeCAD','Unknown');
FILE_SCHEMA(('AUTOMOTIVE_DESIGN { 1 0 10303 214 1 1 1 1 }'));
ENDSEC;
DATA;
#1 = APPLICATION_PROTOCOL_DEFINITION('international standard',
  'automotive_design',2000,#2);
#2 = APPLICATION_CONTEXT(
  'core data for automotive mechanical design processes');
#3 = SHAPE_DEFINITION_REPRESENTATION(#4,#10);
#4 = PRODUCT_DEFINITION_SHAPE('','',#5);
#5 = PRODUCT_DEFINITION('design','',#6,#9);
#6 = PRODUCT_DEFINITION_FORMATION('','',#7);
#7 = PRODUCT('IX-05402112','IX-05402112','',(#8));
#8 = PRODUCT_CONTEXT('',#2,'mechanical');
#9 = PRODUCT_DEFINITION_CONTEXT('part definition',#2,'design');
#10 = ADVANCED_BREP_SHAPE_REPRESENTATION('',(#11,#15),#3849);
#11 = AXIS2_PLACEMENT_3D('',#12,#13,#14);
#12 = CARTESIAN_POINT('',(0.,0.,0.));
#13 = DIRECTION('',(0.,0.,1.));
#14 = DIRECTION('',(1.,0.,-0.));
#15 = MANIFOLD_SOLID_BREP('',#16);
#16 = CLOSED_SHELL('',(#17,#59,#108,#157,#199,#241,#290,#340,#390,#428,
    #460,#500,#535,#655,#697,#754,#821,#870,#886,#989,#1032,#1048,#1146,
    #1164,#1189,#1247,#1286,#1321,#1356,#1404,#1526,#1549,#1562,#1594,
    #1625,#1664,#1695,#1745,#1778,#1823,#1854,#1889,#1922,#1934,#1952,
    #1980,#1999,#2077,#2174,#2199,#2233,#2264,#2285,#2303,#2341,#2410,
    #2454,#2477,#2490,#2507,#2518,#2616,#2663,#2779,#2805,#2836,#2886,
    #2911,#2960,#3018,#3042,#3060,#3087,#3104,#3121,#3148,#3172,#3195,
    #3207,#3219,#3232,#3249,#3268,#3293,#3311,#3328,#3347,#3371,#3395,
    #3442,#3467,#3499,#3521,#3533,#3553,#3578,#3596,#3626,#3651,#3684,
    #3713,#3731,#3754,#3778,#3797,#3815,#3837));
#17 = ADVANCED_FACE('',(#18),#54,.T.);
#18 = FACE_BOUND('',#19,.T.);
#19 = EDGE_LOOP('',(#20,#31,#39,#48));
#20 = ORIENTED_EDGE('',*,*,#21,.F.);
#21 = EDGE_CURVE('',#22,#24,#26,.T.);
#22 = VERTEX_POINT('',#23);
#23 = CARTESIAN_POINT('',(2.5,5.6,0.));
#24 = VERTEX_POINT('',#25);
#25 = CARTESIAN_POINT('',(-1.198563846511,5.6,-2.193956404726));
#26 = CIRCLE('',#27,2.5);
#27 = AXIS2_PLACEMENT_3D('',#28,#29,#30);
#28 = CARTESIAN_POINT('',(0.,5.6,0.));
#29 = DIRECTION('',(-0.,1.,0.));
#30 = DIRECTION('',(1.,0.,0.));
#31 = ORIENTED_EDGE('',*,*,#32,.T.);
#32 = EDGE_CURVE('',#22,#33,#35,.T.);
#33 = VERTEX_POINT('',#34);
#34 = CARTESIAN_POINT('',(2.5,3.1,0.));
#35 = LINE('',#36,#37);
#36 = CARTESIAN_POINT('',(2.5,-1.8,0.));
#37 = VECTOR('',#38,1.);
#38 = DIRECTION('',(0.,-1.,0.));
#39 = ORIENTED_EDGE('',*,*,#40,.T.);
#40 = EDGE_CURVE('',#33,#41,#43,.T.);
#41 = VERTEX_POINT('',#42);
#42 = CARTESIAN_POINT('',(-1.198563846511,3.1,-2.193956404726));
#43 = CIRCLE('',#44,2.5);
#44 = AXIS2_PLACEMENT_3D('',#45,#46,#47);
#45 = CARTESIAN_POINT('',(0.,3.1,0.));
#46 = DIRECTION('',(-0.,1.,0.));
#47 = DIRECTION('',(1.,0.,0.));
#48 = ORIENTED_EDGE('',*,*,#49,.F.);
#49 = EDGE_CURVE('',#24,#41,#50,.T.);
#50 = LINE('',#51,#52);
#51 = CARTESIAN_POINT('',(-1.198563846511,3.2,-2.193956404726));
#52 = VECTOR('',#53,1.);
#53 = DIRECTION('',(0.,-1.,0.));
#54 = CYLINDRICAL_SURFACE('',#55,2.5);
#55 = AXIS2_PLACEMENT_3D('',#56,#57,#58);
#56 = CARTESIAN_POINT('',(0.,-1.8,0.));
#57 = DIRECTION('',(0.,-1.,0.));
#58 = DIRECTION('',(1.,0.,0.));
#59 = ADVANCED_FACE('',(#60),#98,.T.);
#60 = FACE_BOUND('',#61,.T.);
#61 = EDGE_LOOP('',(#62,#73,#82,#91));
#62 = ORIENTED_EDGE('',*,*,#63,.T.);
#63 = EDGE_CURVE('',#64,#66,#68,.T.);
#64 = VERTEX_POINT('',#65);
#65 = CARTESIAN_POINT('',(2.548800947423,6.463939238321,4.665548839346)
  );
#66 = VERTEX_POINT('',#67);
#67 = CARTESIAN_POINT('',(2.604304773465,6.463939238321,-4.634795452748)
  );
#68 = CIRCLE('',#69,5.316364570071);
#69 = AXIS2_PLACEMENT_3D('',#70,#71,#72);
#70 = CARTESIAN_POINT('',(-8.066279067227E-16,6.463939238321,
    7.265569309205E-16));
#71 = DIRECTION('',(2.238938994207E-15,1.,-1.223137947144E-15));
#72 = DIRECTION('',(0.479425538604,-1.972152263053E-31,0.87758256189));
#73 = ORIENTED_EDGE('',*,*,#74,.T.);
#74 = EDGE_CURVE('',#66,#75,#77,.T.);
#75 = VERTEX_POINT('',#76);
#76 = CARTESIAN_POINT('',(1.798970485816,6.6,-3.20156853846));
#77 = CIRCLE('',#78,10.);
#78 = AXIS2_PLACEMENT_3D('',#79,#80,#81);
#79 = CARTESIAN_POINT('',(1.798970485816,-3.4,-3.20156853846));
#80 = DIRECTION('',(0.871797897165,-5.96989455891E-17,0.489865722928));
#81 = DIRECTION('',(0.489865722928,3.08148791102E-33,-0.871797897165));
#82 = ORIENTED_EDGE('',*,*,#83,.F.);
#83 = EDGE_CURVE('',#84,#75,#86,.T.);
#84 = VERTEX_POINT('',#85);
#85 = CARTESIAN_POINT('',(1.760630367149,6.6,3.222811912844));
#86 = CIRCLE('',#87,3.672374697018);
#87 = AXIS2_PLACEMENT_3D('',#88,#89,#90);
#88 = CARTESIAN_POINT('',(-6.949996134153E-14,6.6,3.919087276927E-14));
#89 = DIRECTION('',(-0.,1.,0.));
#90 = DIRECTION('',(1.,0.,0.));
#91 = ORIENTED_EDGE('',*,*,#92,.T.);
#92 = EDGE_CURVE('',#84,#64,#93,.T.);
#93 = CIRCLE('',#94,10.);
#94 = AXIS2_PLACEMENT_3D('',#95,#96,#97);
#95 = CARTESIAN_POINT('',(1.760630217074,-3.4,3.22281199483));
#96 = DIRECTION('',(0.87758256189,-2.009844332539E-16,-0.479425538604));
#97 = DIRECTION('',(0.479425538604,4.336808689942E-17,0.87758256189));
#98 = SURFACE_OF_REVOLUTION('',#99,#105);
#99 = B_SPLINE_CURVE_WITH_KNOTS('',4,(#100,#101,#102,#103,#104),
  .UNSPECIFIED.,.F.,.F.,(5,5),(1.40564764938,1.570796326795),
  .PIECEWISE_BEZIER_KNOTS.);
#100 = CARTESIAN_POINT('',(-2.604304773465,6.463939238321,4.634795452748
    ));
#101 = CARTESIAN_POINT('',(-2.404804934743,6.531814926626,4.279752158754
    ));
#102 = CARTESIAN_POINT('',(-2.203474283799,6.577271535591,3.921450628534
    ));
#103 = CARTESIAN_POINT('',(-2.001222176447,6.6,3.561509212684));
#104 = CARTESIAN_POINT('',(-1.798970485816,6.6,3.20156853846));
#105 = AXIS1_PLACEMENT('',#106,#107);
#106 = CARTESIAN_POINT('',(-6.306066779871E-14,-3.4,3.441691376338E-14)
  );
#107 = DIRECTION('',(1.498792429582E-16,1.,-1.448671746746E-16));
#108 = ADVANCED_FACE('',(#109),#147,.T.);
#109 = FACE_BOUND('',#110,.T.);
#110 = EDGE_LOOP('',(#111,#122,#131,#140));
#111 = ORIENTED_EDGE('',*,*,#112,.T.);
#112 = EDGE_CURVE('',#113,#115,#117,.T.);
#113 = VERTEX_POINT('',#114);
#114 = CARTESIAN_POINT('',(-2.548800947423,6.463939238321,
    -4.665548839347));
#115 = VERTEX_POINT('',#116);
#116 = CARTESIAN_POINT('',(-3.696913260715,6.463939238321,3.820545063817
    ));
#117 = CIRCLE('',#118,5.316364570071);
#118 = AXIS2_PLACEMENT_3D('',#119,#120,#121);
#119 = CARTESIAN_POINT('',(3.625386968726E-16,6.463939238321,
    -1.311140232718E-15));
#120 = DIRECTION('',(-2.943268896587E-15,1.,2.911818070877E-16));
#121 = DIRECTION('',(-9.845081512393E-02,-9.860761315263E-32,
    -0.99514191802));
#122 = ORIENTED_EDGE('',*,*,#123,.T.);
#123 = EDGE_CURVE('',#115,#124,#126,.T.);
#124 = VERTEX_POINT('',#125);
#125 = CARTESIAN_POINT('',(-2.553709501442,6.6,2.639110398892));
#126 = CIRCLE('',#127,10.);
#127 = AXIS2_PLACEMENT_3D('',#128,#129,#130);
#128 = CARTESIAN_POINT('',(-2.553709501442,-3.4,2.639110398892));
#129 = DIRECTION('',(-0.71863865118,3.121775696299E-16,-0.69538369914));
#130 = DIRECTION('',(-0.69538369914,0.,0.71863865118));
#131 = ORIENTED_EDGE('',*,*,#132,.F.);
#132 = EDGE_CURVE('',#133,#124,#135,.T.);
#133 = VERTEX_POINT('',#134);
#134 = CARTESIAN_POINT('',(-1.760629187174,6.6,-3.222812557467));
#135 = CIRCLE('',#136,3.672374697018);
#136 = AXIS2_PLACEMENT_3D('',#137,#138,#139);
#137 = CARTESIAN_POINT('',(9.600653605446E-14,6.6,-1.054711873394E-14));
#138 = DIRECTION('',(-0.,1.,0.));
#139 = DIRECTION('',(1.,0.,0.));
#140 = ORIENTED_EDGE('',*,*,#141,.T.);
#141 = EDGE_CURVE('',#133,#113,#142,.T.);
#142 = CIRCLE('',#143,10.);
#143 = AXIS2_PLACEMENT_3D('',#144,#145,#146);
#144 = CARTESIAN_POINT('',(-1.760630217074,-3.4,-3.22281199483));
#145 = DIRECTION('',(-0.87758256189,2.009844332539E-16,0.479425538604));
#146 = DIRECTION('',(-0.479425538604,-4.336808689942E-17,-0.87758256189)
  );
#147 = SURFACE_OF_REVOLUTION('',#148,#154);
#148 = B_SPLINE_CURVE_WITH_KNOTS('',4,(#149,#150,#151,#152,#153),
  .UNSPECIFIED.,.F.,.F.,(5,5),(1.40564764938,1.570796326795),
  .PIECEWISE_BEZIER_KNOTS.);
#149 = CARTESIAN_POINT('',(3.696913260716,6.463939238321,-3.820545063817
    ));
#150 = CARTESIAN_POINT('',(3.413715377426,6.531814926626,-3.527876505271
    ));
#151 = CARTESIAN_POINT('',(3.127918584038,6.577271535591,-3.232522124134
    ));
#152 = CARTESIAN_POINT('',(2.840813746964,6.6,-2.935815955846));
#153 = CARTESIAN_POINT('',(2.553709501442,6.6,-2.639110398892));
#154 = AXIS1_PLACEMENT('',#155,#156);
#155 = CARTESIAN_POINT('',(9.814371537686E-14,-3.4,-1.110223024625E-14)
  );
#156 = DIRECTION('',(3.609000086367E-16,1.,7.595932185014E-17));
#157 = ADVANCED_FACE('',(#158),#194,.T.);
#158 = FACE_BOUND('',#159,.T.);
#159 = EDGE_LOOP('',(#160,#171,#179,#188));
#160 = ORIENTED_EDGE('',*,*,#161,.F.);
#161 = EDGE_CURVE('',#162,#164,#166,.T.);
#162 = VERTEX_POINT('',#163);
#163 = CARTESIAN_POINT('',(7.5,6.1,0.));
#164 = VERTEX_POINT('',#165);
#165 = CARTESIAN_POINT('',(-3.595691539532,6.1,-6.581869214178));
#166 = CIRCLE('',#167,7.5);
#167 = AXIS2_PLACEMENT_3D('',#168,#169,#170);
#168 = CARTESIAN_POINT('',(0.,6.1,0.));
#169 = DIRECTION('',(-0.,1.,0.));
#170 = DIRECTION('',(1.,0.,0.));
#171 = ORIENTED_EDGE('',*,*,#172,.T.);
#172 = EDGE_CURVE('',#162,#173,#175,.T.);
#173 = VERTEX_POINT('',#174);
#174 = CARTESIAN_POINT('',(7.5,5.6,0.));
#175 = LINE('',#176,#177);
#176 = CARTESIAN_POINT('',(7.5,-1.8,0.));
#177 = VECTOR('',#178,1.);
#178 = DIRECTION('',(0.,-1.,0.));
#179 = ORIENTED_EDGE('',*,*,#180,.T.);
#180 = EDGE_CURVE('',#173,#181,#183,.T.);
#181 = VERTEX_POINT('',#182);
#182 = CARTESIAN_POINT('',(-3.595691539532,5.6,-6.581869214178));
#183 = CIRCLE('',#184,7.5);
#184 = AXIS2_PLACEMENT_3D('',#185,#186,#187);
#185 = CARTESIAN_POINT('',(0.,5.6,0.));
#186 = DIRECTION('',(-0.,1.,0.));
#187 = DIRECTION('',(1.,0.,0.));
#188 = ORIENTED_EDGE('',*,*,#189,.F.);
#189 = EDGE_CURVE('',#164,#181,#190,.T.);
#190 = LINE('',#191,#192);
#191 = CARTESIAN_POINT('',(-3.595691539532,6.1,-6.581869214178));
#192 = VECTOR('',#193,1.);
#193 = DIRECTION('',(0.,-1.,0.));
#194 = CYLINDRICAL_SURFACE('',#195,7.5);
#195 = AXIS2_PLACEMENT_3D('',#196,#197,#198);
#196 = CARTESIAN_POINT('',(0.,-1.8,0.));
#197 = DIRECTION('',(0.,-1.,0.));
#198 = DIRECTION('',(1.,0.,0.));
#199 = ADVANCED_FACE('',(#200),#236,.T.);
#200 = FACE_BOUND('',#201,.T.);
#201 = EDGE_LOOP('',(#202,#213,#221,#230));
#202 = ORIENTED_EDGE('',*,*,#203,.F.);
#203 = EDGE_CURVE('',#204,#206,#208,.T.);
#204 = VERTEX_POINT('',#205);
#205 = CARTESIAN_POINT('',(7.5,3.1,0.));
#206 = VERTEX_POINT('',#207);
#207 = CARTESIAN_POINT('',(-3.595691539532,3.1,-6.581869214178));
#208 = CIRCLE('',#209,7.5);
#209 = AXIS2_PLACEMENT_3D('',#210,#211,#212);
#210 = CARTESIAN_POINT('',(0.,3.1,0.));
#211 = DIRECTION('',(-0.,1.,0.));
#212 = DIRECTION('',(1.,0.,0.));
#213 = ORIENTED_EDGE('',*,*,#214,.T.);
#214 = EDGE_CURVE('',#204,#215,#217,.T.);
#215 = VERTEX_POINT('',#216);
#216 = CARTESIAN_POINT('',(8.25,2.800030326843,0.));
#217 = LINE('',#218,#219);
#218 = CARTESIAN_POINT('',(7.5,3.1,0.));
#219 = VECTOR('',#220,1.);
#220 = DIRECTION('',(0.928489636601,-0.371358310428,0.));
#221 = ORIENTED_EDGE('',*,*,#222,.T.);
#222 = EDGE_CURVE('',#215,#223,#225,.T.);
#223 = VERTEX_POINT('',#224);
#224 = CARTESIAN_POINT('',(-3.955260693485,2.800030326843,
    -7.240056135596));
#225 = CIRCLE('',#226,8.25);
#226 = AXIS2_PLACEMENT_3D('',#227,#228,#229);
#227 = CARTESIAN_POINT('',(0.,2.800030326843,0.));
#228 = DIRECTION('',(-0.,1.,0.));
#229 = DIRECTION('',(1.,0.,0.));
#230 = ORIENTED_EDGE('',*,*,#231,.F.);
#231 = EDGE_CURVE('',#206,#223,#232,.T.);
#232 = LINE('',#233,#234);
#233 = CARTESIAN_POINT('',(-3.775476116508,2.950015163422,
    -6.910962674887));
#234 = VECTOR('',#235,1.);
#235 = DIRECTION('',(-0.445141644116,-0.371358310428,-0.814826313977));
#236 = CONICAL_SURFACE('',#237,7.5,1.190324808609);
#237 = AXIS2_PLACEMENT_3D('',#238,#239,#240);
#238 = CARTESIAN_POINT('',(0.,3.1,0.));
#239 = DIRECTION('',(0.,-1.,0.));
#240 = DIRECTION('',(1.,0.,0.));
#241 = ADVANCED_FACE('',(#242),#285,.T.);
#242 = FACE_BOUND('',#243,.T.);
#243 = EDGE_LOOP('',(#244,#245,#253,#262,#270,#279));
#244 = ORIENTED_EDGE('',*,*,#222,.F.);
#245 = ORIENTED_EDGE('',*,*,#246,.T.);
#246 = EDGE_CURVE('',#215,#247,#249,.T.);
#247 = VERTEX_POINT('',#248);
#248 = CARTESIAN_POINT('',(8.25,2.6,0.));
#249 = LINE('',#250,#251);
#250 = CARTESIAN_POINT('',(8.25,-1.8,0.));
#251 = VECTOR('',#252,1.);
#252 = DIRECTION('',(0.,-1.,0.));
#253 = ORIENTED_EDGE('',*,*,#254,.T.);
#254 = EDGE_CURVE('',#247,#255,#257,.T.);
#255 = VERTEX_POINT('',#256);
#256 = CARTESIAN_POINT('',(-3.474606898801,2.6,-7.482620323042));
#257 = CIRCLE('',#258,8.25);
#258 = AXIS2_PLACEMENT_3D('',#259,#260,#261);
#259 = CARTESIAN_POINT('',(0.,2.6,0.));
#260 = DIRECTION('',(-0.,1.,0.));
#261 = DIRECTION('',(1.,0.,0.));
#262 = ORIENTED_EDGE('',*,*,#263,.F.);
#263 = EDGE_CURVE('',#264,#255,#266,.T.);
#264 = VERTEX_POINT('',#265);
#265 = CARTESIAN_POINT('',(-3.474606898801,2.603277046678,
    -7.482620323042));
#266 = LINE('',#267,#268);
#267 = CARTESIAN_POINT('',(-3.474606898801,2.601638523339,
    -7.482620323042));
#268 = VECTOR('',#269,1.);
#269 = DIRECTION('',(0.,-1.,0.));
#270 = ORIENTED_EDGE('',*,*,#271,.T.);
#271 = EDGE_CURVE('',#264,#272,#274,.T.);
#272 = VERTEX_POINT('',#273);
#273 = CARTESIAN_POINT('',(-3.955260693485,2.603277046678,
    -7.240056135596));
#274 = CIRCLE('',#275,8.25);
#275 = AXIS2_PLACEMENT_3D('',#276,#277,#278);
#276 = CARTESIAN_POINT('',(0.,2.603277046678,-1.731947918415E-14));
#277 = DIRECTION('',(-0.,1.,0.));
#278 = DIRECTION('',(1.,0.,0.));
#279 = ORIENTED_EDGE('',*,*,#280,.F.);
#280 = EDGE_CURVE('',#223,#272,#281,.T.);
#281 = LINE('',#282,#283);
#282 = CARTESIAN_POINT('',(-3.955260693485,2.700015163422,
    -7.240056135596));
#283 = VECTOR('',#284,1.);
#284 = DIRECTION('',(0.,-1.,0.));
#285 = CYLINDRICAL_SURFACE('',#286,8.25);
#286 = AXIS2_PLACEMENT_3D('',#287,#288,#289);
#287 = CARTESIAN_POINT('',(0.,-1.8,0.));
#288 = DIRECTION('',(0.,-1.,0.));
#289 = DIRECTION('',(1.,0.,0.));
#290 = ADVANCED_FACE('',(#291),#329,.T.);
#291 = FACE_BOUND('',#292,.T.);
#292 = EDGE_LOOP('',(#293,#304,#313,#322));
#293 = ORIENTED_EDGE('',*,*,#294,.T.);
#294 = EDGE_CURVE('',#295,#297,#299,.T.);
#295 = VERTEX_POINT('',#296);
#296 = CARTESIAN_POINT('',(1.958703833041,2.3815515637,3.585383316853));
#297 = VERTEX_POINT('',#298);
#298 = CARTESIAN_POINT('',(4.085522516685,2.3815515637,0.));
#299 = CIRCLE('',#300,4.085522516685);
#300 = AXIS2_PLACEMENT_3D('',#301,#302,#303);
#301 = CARTESIAN_POINT('',(0.,2.3815515637,0.));
#302 = DIRECTION('',(-0.,1.,0.));
#303 = DIRECTION('',(1.,0.,0.));
#304 = ORIENTED_EDGE('',*,*,#305,.T.);
#305 = EDGE_CURVE('',#297,#306,#308,.T.);
#306 = VERTEX_POINT('',#307);
#307 = CARTESIAN_POINT('',(2.961702736437,2.6,0.));
#308 = CIRCLE('',#309,3.);
#309 = AXIS2_PLACEMENT_3D('',#310,#311,#312);
#310 = CARTESIAN_POINT('',(2.961702736437,-0.4,0.));
#311 = DIRECTION('',(0.,0.,1.));
#312 = DIRECTION('',(1.,0.,-0.));
#313 = ORIENTED_EDGE('',*,*,#314,.F.);
#314 = EDGE_CURVE('',#315,#306,#317,.T.);
#315 = VERTEX_POINT('',#316);
#316 = CARTESIAN_POINT('',(1.419915929602,2.6,2.599138675001));
#317 = CIRCLE('',#318,2.961702736437);
#318 = AXIS2_PLACEMENT_3D('',#319,#320,#321);
#319 = CARTESIAN_POINT('',(0.,2.6,0.));
#320 = DIRECTION('',(-0.,1.,0.));
#321 = DIRECTION('',(1.,0.,0.));
#322 = ORIENTED_EDGE('',*,*,#323,.T.);
#323 = EDGE_CURVE('',#315,#295,#324,.T.);
#324 = CIRCLE('',#325,3.);
#325 = AXIS2_PLACEMENT_3D('',#326,#327,#328);
#326 = CARTESIAN_POINT('',(1.419915929602,-0.4,2.599138675001));
#327 = DIRECTION('',(0.87758256189,0.,-0.479425538604));
#328 = DIRECTION('',(0.479425538604,0.,0.87758256189));
#329 = SURFACE_OF_REVOLUTION('',#330,#337);
#330 = B_SPLINE_CURVE_WITH_KNOTS('',5,(#331,#332,#333,#334,#335,#336),
  .UNSPECIFIED.,.F.,.F.,(6,6),(1.186823891356,1.570796326795),
  .PIECEWISE_BEZIER_KNOTS.);
#331 = CARTESIAN_POINT('',(4.085522516685,2.3815515637,0.));
#332 = CARTESIAN_POINT('',(3.871914691043,2.467854727304,0.));
#333 = CARTESIAN_POINT('',(3.650022421114,2.533653307611,0.));
#334 = CARTESIAN_POINT('',(3.422469709852,2.577885073971,0.));
#335 = CARTESIAN_POINT('',(3.192086197701,2.6,0.));
#336 = CARTESIAN_POINT('',(2.961702736437,2.6,0.));
#337 = AXIS1_PLACEMENT('',#338,#339);
#338 = CARTESIAN_POINT('',(0.,-0.4,0.));
#339 = DIRECTION('',(0.,1.,0.));
#340 = ADVANCED_FACE('',(#341),#379,.T.);
#341 = FACE_BOUND('',#342,.T.);
#342 = EDGE_LOOP('',(#343,#354,#363,#372));
#343 = ORIENTED_EDGE('',*,*,#344,.T.);
#344 = EDGE_CURVE('',#345,#347,#349,.T.);
#345 = VERTEX_POINT('',#346);
#346 = CARTESIAN_POINT('',(-1.958703833041,2.3815515637,-3.585383316853)
  );
#347 = VERTEX_POINT('',#348);
#348 = CARTESIAN_POINT('',(-4.085522516685,2.3815515637,
    -5.003322072903E-16));
#349 = CIRCLE('',#350,4.085522516685);
#350 = AXIS2_PLACEMENT_3D('',#351,#352,#353);
#351 = CARTESIAN_POINT('',(0.,2.3815515637,0.));
#352 = DIRECTION('',(-0.,1.,0.));
#353 = DIRECTION('',(1.,0.,0.));
#354 = ORIENTED_EDGE('',*,*,#355,.T.);
#355 = EDGE_CURVE('',#347,#356,#358,.T.);
#356 = VERTEX_POINT('',#357);
#357 = CARTESIAN_POINT('',(-2.961702736437,2.6,-4.315180924554E-16));
#358 = CIRCLE('',#359,3.);
#359 = AXIS2_PLACEMENT_3D('',#360,#361,#362);
#360 = CARTESIAN_POINT('',(-2.961702736437,-0.4,-3.627039776204E-16));
#361 = DIRECTION('',(1.224646799147E-16,0.,-1.));
#362 = DIRECTION('',(-1.,0.,-1.224646799147E-16));
#363 = ORIENTED_EDGE('',*,*,#364,.F.);
#364 = EDGE_CURVE('',#365,#356,#367,.T.);
#365 = VERTEX_POINT('',#366);
#366 = CARTESIAN_POINT('',(-1.419915929602,2.6,-2.599138675001));
#367 = CIRCLE('',#368,2.961702736437);
#368 = AXIS2_PLACEMENT_3D('',#369,#370,#371);
#369 = CARTESIAN_POINT('',(0.,2.6,0.));
#370 = DIRECTION('',(-0.,1.,0.));
#371 = DIRECTION('',(1.,0.,0.));
#372 = ORIENTED_EDGE('',*,*,#373,.T.);
#373 = EDGE_CURVE('',#365,#345,#374,.T.);
#374 = CIRCLE('',#375,3.);
#375 = AXIS2_PLACEMENT_3D('',#376,#377,#378);
#376 = CARTESIAN_POINT('',(-1.419915929602,-0.4,-2.599138675001));
#377 = DIRECTION('',(-0.87758256189,0.,0.479425538604));
#378 = DIRECTION('',(-0.479425538604,0.,-0.87758256189));
#379 = SURFACE_OF_REVOLUTION('',#380,#387);
#380 = B_SPLINE_CURVE_WITH_KNOTS('',5,(#381,#382,#383,#384,#385,#386),
  .UNSPECIFIED.,.F.,.F.,(6,6),(1.186823891356,1.570796326795),
  .PIECEWISE_BEZIER_KNOTS.);
#381 = CARTESIAN_POINT('',(4.085522516685,2.3815515637,0.));
#382 = CARTESIAN_POINT('',(3.871914691043,2.467854727304,0.));
#383 = CARTESIAN_POINT('',(3.650022421114,2.533653307611,0.));
#384 = CARTESIAN_POINT('',(3.422469709852,2.577885073971,0.));
#385 = CARTESIAN_POINT('',(3.192086197701,2.6,0.));
#386 = CARTESIAN_POINT('',(2.961702736437,2.6,0.));
#387 = AXIS1_PLACEMENT('',#388,#389);
#388 = CARTESIAN_POINT('',(0.,-0.4,0.));
#389 = DIRECTION('',(0.,1.,0.));
#390 = ADVANCED_FACE('',(#391),#423,.T.);
#391 = FACE_BOUND('',#392,.T.);
#392 = EDGE_LOOP('',(#393,#400,#408,#417));
#393 = ORIENTED_EDGE('',*,*,#394,.F.);
#394 = EDGE_CURVE('',#297,#345,#395,.T.);
#395 = CIRCLE('',#396,4.085522516685);
#396 = AXIS2_PLACEMENT_3D('',#397,#398,#399);
#397 = CARTESIAN_POINT('',(0.,2.3815515637,0.));
#398 = DIRECTION('',(-0.,1.,0.));
#399 = DIRECTION('',(1.,0.,0.));
#400 = ORIENTED_EDGE('',*,*,#401,.T.);
#401 = EDGE_CURVE('',#297,#402,#404,.T.);
#402 = VERTEX_POINT('',#403);
#403 = CARTESIAN_POINT('',(8.,0.8,0.));
#404 = LINE('',#405,#406);
#405 = CARTESIAN_POINT('',(4.085522516685,2.3815515637,0.));
#406 = VECTOR('',#407,1.);
#407 = DIRECTION('',(0.927183854567,-0.374606593416,0.));
#408 = ORIENTED_EDGE('',*,*,#409,.T.);
#409 = EDGE_CURVE('',#402,#410,#412,.T.);
#410 = VERTEX_POINT('',#411);
#411 = CARTESIAN_POINT('',(-3.835404308834,0.8,-7.020660495123));
#412 = CIRCLE('',#413,8.);
#413 = AXIS2_PLACEMENT_3D('',#414,#415,#416);
#414 = CARTESIAN_POINT('',(0.,0.8,0.));
#415 = DIRECTION('',(-0.,1.,0.));
#416 = DIRECTION('',(1.,0.,0.));
#417 = ORIENTED_EDGE('',*,*,#418,.F.);
#418 = EDGE_CURVE('',#345,#410,#419,.T.);
#419 = LINE('',#420,#421);
#420 = CARTESIAN_POINT('',(-2.897054070938,1.59077578185,-5.303021905988
    ));
#421 = VECTOR('',#422,1.);
#422 = DIRECTION('',(-0.444515618861,-0.374606593416,-0.813680382434));
#423 = CONICAL_SURFACE('',#424,4.085522516685,1.186823891356);
#424 = AXIS2_PLACEMENT_3D('',#425,#426,#427);
#425 = CARTESIAN_POINT('',(0.,2.3815515637,0.));
#426 = DIRECTION('',(0.,-1.,0.));
#427 = DIRECTION('',(1.,0.,0.));
#428 = ADVANCED_FACE('',(#429),#455,.T.);
#429 = FACE_BOUND('',#430,.T.);
#430 = EDGE_LOOP('',(#431,#432,#440,#449));
#431 = ORIENTED_EDGE('',*,*,#409,.F.);
#432 = ORIENTED_EDGE('',*,*,#433,.T.);
#433 = EDGE_CURVE('',#402,#434,#436,.T.);
#434 = VERTEX_POINT('',#435);
#435 = CARTESIAN_POINT('',(8.,0.6,0.));
#436 = LINE('',#437,#438);
#437 = CARTESIAN_POINT('',(8.,1.600000000006,0.));
#438 = VECTOR('',#439,1.);
#439 = DIRECTION('',(0.,-1.,0.));
#440 = ORIENTED_EDGE('',*,*,#441,.T.);
#441 = EDGE_CURVE('',#434,#442,#444,.T.);
#442 = VERTEX_POINT('',#443);
#443 = CARTESIAN_POINT('',(-3.835404308834,0.6,-7.020660495123));
#444 = CIRCLE('',#445,8.);
#445 = AXIS2_PLACEMENT_3D('',#446,#447,#448);
#446 = CARTESIAN_POINT('',(0.,0.6,0.));
#447 = DIRECTION('',(-0.,1.,0.));
#448 = DIRECTION('',(1.,0.,0.));
#449 = ORIENTED_EDGE('',*,*,#450,.F.);
#450 = EDGE_CURVE('',#410,#442,#451,.T.);
#451 = LINE('',#452,#453);
#452 = CARTESIAN_POINT('',(-3.835404308834,0.7,-7.020660495123));
#453 = VECTOR('',#454,1.);
#454 = DIRECTION('',(0.,-1.,0.));
#455 = CYLINDRICAL_SURFACE('',#456,8.);
#456 = AXIS2_PLACEMENT_3D('',#457,#458,#459);
#457 = CARTESIAN_POINT('',(0.,1.600000000006,0.));
#458 = DIRECTION('',(0.,-1.,0.));
#459 = DIRECTION('',(1.,0.,0.));
#460 = ADVANCED_FACE('',(#461),#495,.F.);
#461 = FACE_BOUND('',#462,.F.);
#462 = EDGE_LOOP('',(#463,#473,#480,#488));
#463 = ORIENTED_EDGE('',*,*,#464,.F.);
#464 = EDGE_CURVE('',#465,#467,#469,.T.);
#465 = VERTEX_POINT('',#466);
#466 = CARTESIAN_POINT('',(3.835404308834,0.6,7.020660495123));
#467 = VERTEX_POINT('',#468);
#468 = CARTESIAN_POINT('',(2.024902354915,1.471850323926,3.706558898338)
  );
#469 = LINE('',#470,#471);
#470 = CARTESIAN_POINT('',(2.930153331874,1.035925161963,5.36360969673)
  );
#471 = VECTOR('',#472,1.);
#472 = DIRECTION('',(-0.467137893109,0.224951054344,-0.855090177684));
#473 = ORIENTED_EDGE('',*,*,#474,.T.);
#474 = EDGE_CURVE('',#465,#434,#475,.T.);
#475 = CIRCLE('',#476,8.);
#476 = AXIS2_PLACEMENT_3D('',#477,#478,#479);
#477 = CARTESIAN_POINT('',(0.,0.6,0.));
#478 = DIRECTION('',(-0.,1.,0.));
#479 = DIRECTION('',(1.,0.,0.));
#480 = ORIENTED_EDGE('',*,*,#481,.F.);
#481 = EDGE_CURVE('',#482,#434,#484,.T.);
#482 = VERTEX_POINT('',#483);
#483 = CARTESIAN_POINT('',(4.223601355927,1.471850323926,0.));
#484 = LINE('',#485,#486);
#485 = CARTESIAN_POINT('',(4.223601355927,1.471850323926,0.));
#486 = VECTOR('',#487,1.);
#487 = DIRECTION('',(0.974370064785,-0.224951054344,0.));
#488 = ORIENTED_EDGE('',*,*,#489,.F.);
#489 = EDGE_CURVE('',#467,#482,#490,.T.);
#490 = CIRCLE('',#491,4.223601355927);
#491 = AXIS2_PLACEMENT_3D('',#492,#493,#494);
#492 = CARTESIAN_POINT('',(0.,1.471850323926,0.));
#493 = DIRECTION('',(-0.,1.,0.));
#494 = DIRECTION('',(1.,0.,0.));
#495 = CONICAL_SURFACE('',#496,4.223601355927,1.343903524036);
#496 = AXIS2_PLACEMENT_3D('',#497,#498,#499);
#497 = CARTESIAN_POINT('',(0.,1.471850323926,0.));
#498 = DIRECTION('',(0.,-1.,0.));
#499 = DIRECTION('',(1.,0.,0.));
#500 = ADVANCED_FACE('',(#501),#530,.T.);
#501 = FACE_BOUND('',#502,.T.);
#502 = EDGE_LOOP('',(#503,#514,#523));
#503 = ORIENTED_EDGE('',*,*,#504,.T.);
#504 = EDGE_CURVE('',#505,#507,#509,.T.);
#505 = VERTEX_POINT('',#506);
#506 = CARTESIAN_POINT('',(1.400940328297,-7.879115574362,2.5644040698)
  );
#507 = VERTEX_POINT('',#508);
#508 = CARTESIAN_POINT('',(0.,-10.2,0.));
#509 = CIRCLE('',#510,3.);
#510 = AXIS2_PLACEMENT_3D('',#511,#512,#513);
#511 = CARTESIAN_POINT('',(0.,-7.2,0.));
#512 = DIRECTION('',(0.87758256189,0.,-0.479425538604));
#513 = DIRECTION('',(0.479425538604,0.,0.87758256189));
#514 = ORIENTED_EDGE('',*,*,#515,.T.);
#515 = EDGE_CURVE('',#507,#516,#518,.T.);
#516 = VERTEX_POINT('',#517);
#517 = CARTESIAN_POINT('',(2.922122864744,-7.879115574362,0.));
#518 = CIRCLE('',#519,3.);
#519 = AXIS2_PLACEMENT_3D('',#520,#521,#522);
#520 = CARTESIAN_POINT('',(0.,-7.2,0.));
#521 = DIRECTION('',(0.,0.,1.));
#522 = DIRECTION('',(1.,0.,-0.));
#523 = ORIENTED_EDGE('',*,*,#524,.F.);
#524 = EDGE_CURVE('',#505,#516,#525,.T.);
#525 = CIRCLE('',#526,2.922122864744);
#526 = AXIS2_PLACEMENT_3D('',#527,#528,#529);
#527 = CARTESIAN_POINT('',(0.,-7.879115574362,0.));
#528 = DIRECTION('',(-0.,1.,0.));
#529 = DIRECTION('',(1.,0.,0.));
#530 = SPHERICAL_SURFACE('',#531,3.);
#531 = AXIS2_PLACEMENT_3D('',#532,#533,#534);
#532 = CARTESIAN_POINT('',(0.,-7.2,0.));
#533 = DIRECTION('',(0.,0.,-1.));
#534 = DIRECTION('',(1.,0.,0.));
#535 = ADVANCED_FACE('',(#536),#650,.T.);
#536 = FACE_BOUND('',#537,.T.);
#537 = EDGE_LOOP('',(#538,#539,#547,#556,#567,#576,#608,#625,#635,#644)
  );
#538 = ORIENTED_EDGE('',*,*,#524,.T.);
#539 = ORIENTED_EDGE('',*,*,#540,.T.);
#540 = EDGE_CURVE('',#516,#541,#543,.T.);
#541 = VERTEX_POINT('',#542);
#542 = CARTESIAN_POINT('',(3.870204774573,-3.799674708994,0.));
#543 = LINE('',#544,#545);
#544 = CARTESIAN_POINT('',(2.922122864744,-7.879115574362,0.));
#545 = VECTOR('',#546,1.);
#546 = DIRECTION('',(0.226371858121,0.974040954915,0.));
#547 = ORIENTED_EDGE('',*,*,#548,.F.);
#548 = EDGE_CURVE('',#549,#541,#551,.T.);
#549 = VERTEX_POINT('',#550);
#550 = CARTESIAN_POINT('',(3.843954343788,-3.799674708994,0.45));
#551 = CIRCLE('',#552,3.870204774573);
#552 = AXIS2_PLACEMENT_3D('',#553,#554,#555);
#553 = CARTESIAN_POINT('',(0.,-3.799674708994,0.));
#554 = DIRECTION('',(-0.,1.,0.));
#555 = DIRECTION('',(1.,0.,0.));
#556 = ORIENTED_EDGE('',*,*,#557,.F.);
#557 = EDGE_CURVE('',#558,#549,#560,.T.);
#558 = VERTEX_POINT('',#559);
#559 = CARTESIAN_POINT('',(3.316702836167,-6.050547713724,0.45));
#560 = B_SPLINE_CURVE_WITH_KNOTS('',5,(#561,#562,#563,#564,#565,#566),
  .UNSPECIFIED.,.F.,.F.,(6,6),(3.31232488774,7.061425756246),
  .PIECEWISE_BEZIER_KNOTS.);
#561 = CARTESIAN_POINT('',(3.316702836167,-6.050547713724,0.45));
#562 = CARTESIAN_POINT('',(3.418304457165,-5.617341717834,0.45));
#563 = CARTESIAN_POINT('',(3.522123455094,-5.174381501257,0.45));
#564 = CARTESIAN_POINT('',(3.627855970235,-4.722981552942,0.45));
#565 = CARTESIAN_POINT('',(3.735205396481,-4.264429761831,0.45));
#566 = CARTESIAN_POINT('',(3.843954343788,-3.799674708994,0.45));
#567 = ORIENTED_EDGE('',*,*,#568,.T.);
#568 = EDGE_CURVE('',#558,#569,#571,.T.);
#569 = VERTEX_POINT('',#570);
#570 = CARTESIAN_POINT('',(3.316123406827,-6.050411817728,0.454482888578
    ));
#571 = B_SPLINE_CURVE_WITH_KNOTS('',3,(#572,#573,#574,#575),
  .UNSPECIFIED.,.F.,.F.,(4,4),(0.,1.),.PIECEWISE_BEZIER_KNOTS.);
#572 = CARTESIAN_POINT('',(3.316702836167,-6.050547713724,0.45));
#573 = CARTESIAN_POINT('',(3.316504044028,-6.050500861673,0.451545935477
    ));
#574 = CARTESIAN_POINT('',(3.316314213101,-6.050456339701,0.453014471934
    ));
#575 = CARTESIAN_POINT('',(3.316123406827,-6.050411817728,0.454482888578
    ));
#576 = ORIENTED_EDGE('',*,*,#577,.T.);
#577 = EDGE_CURVE('',#569,#578,#580,.T.);
#578 = VERTEX_POINT('',#579);
#579 = CARTESIAN_POINT('',(3.430258897349,-5.408645032045,0.67621101085)
  );
#580 = B_SPLINE_CURVE_WITH_KNOTS('',5,(#581,#582,#583,#584,#585,#586,
    #587,#588,#589,#590,#591,#592,#593,#594,#595,#596,#597,#598,#599,
    #600,#601,#602,#603,#604,#605,#606,#607),.UNSPECIFIED.,.F.,.F.,(6,3,
    3,3,3,3,3,3,6),(0.,3.680932215208E-02,5.706360944182E-02,
    8.760347601189E-02,0.166846714927,0.430944723726,1.440374407385,
    3.616279201219,6.090350257193),.UNSPECIFIED.);
#581 = CARTESIAN_POINT('',(3.316123406827,-6.050411817728,0.454482888578
    ));
#582 = CARTESIAN_POINT('',(3.317122095409,-6.046153284754,0.4544848364)
  );
#583 = CARTESIAN_POINT('',(3.318116903341,-6.041893841709,0.454486784223
    ));
#584 = CARTESIAN_POINT('',(3.319402100007,-6.036369989135,0.4545513962)
  );
#585 = CARTESIAN_POINT('',(3.32121953317,-6.028512364712,0.454805072217)
  );
#586 = CARTESIAN_POINT('',(3.323023760489,-6.020651700912,0.455058748235
    ));
#587 = CARTESIAN_POINT('',(3.323685665254,-6.01775928496,0.455181516556)
  );
#588 = CARTESIAN_POINT('',(3.325174777415,-6.011236047124,0.455509279825
    ));
#589 = CARTESIAN_POINT('',(3.326654795242,-6.00471073857,0.455837043093)
  );
#590 = CARTESIAN_POINT('',(3.327432425875,-6.001267189623,0.456082281613
    ));
#591 = CARTESIAN_POINT('',(3.33013891816,-5.989247482346,0.456907131018)
  );
#592 = CARTESIAN_POINT('',(3.332329490752,-5.979395698428,0.457784911479
    ));
#593 = CARTESIAN_POINT('',(3.333767041717,-5.972890500187,0.45842890978)
  );
#594 = CARTESIAN_POINT('',(3.33931990883,-5.947614568677,0.461166761443)
  );
#595 = CARTESIAN_POINT('',(3.343047569362,-5.930125956083,0.463880954814
    ));
#596 = CARTESIAN_POINT('',(3.34573425967,-5.917448381399,0.465952571924)
  );
#597 = CARTESIAN_POINT('',(3.356919803522,-5.863926299664,0.475791446407
    ));
#598 = CARTESIAN_POINT('',(3.363420335807,-5.830435266573,0.485334920044
    ));
#599 = CARTESIAN_POINT('',(3.367469586013,-5.809681639969,0.491017801515
    ));
#600 = CARTESIAN_POINT('',(3.381475165268,-5.735211206003,0.514696660527
    ));
#601 = CARTESIAN_POINT('',(3.391204415695,-5.678368827508,0.538129236443
    ));
#602 = CARTESIAN_POINT('',(3.396863251239,-5.644198240827,0.552965503593
    ));
#603 = CARTESIAN_POINT('',(3.40839716892,-5.571132921658,0.587157733656)
  );
#604 = CARTESIAN_POINT('',(3.417717061504,-5.505839582909,0.6213909134)
  );
#605 = CARTESIAN_POINT('',(3.422243808663,-5.47247285955,0.639631987899)
  );
#606 = CARTESIAN_POINT('',(3.42640808839,-5.440141193459,0.657904587212)
  );
#607 = CARTESIAN_POINT('',(3.430258897349,-5.408645032045,0.67621101085)
  );
#608 = ORIENTED_EDGE('',*,*,#609,.T.);
#609 = EDGE_CURVE('',#578,#610,#612,.T.);
#610 = VERTEX_POINT('',#611);
#611 = CARTESIAN_POINT('',(3.161109283296,-1.153893434191,3.181742472205
    ));
#612 = B_SPLINE_CURVE_WITH_KNOTS('',5,(#613,#614,#615,#616,#617,#618,
    #619,#620,#621,#622,#623,#624),.UNSPECIFIED.,.F.,.F.,(6,3,3,6),(
    -74.88680734939,-54.06043209586,-34.85272219018,-15.07303326242),
  .UNSPECIFIED.);
#613 = CARTESIAN_POINT('',(3.430258897349,-5.408645032045,0.67621101085)
  );
#614 = CARTESIAN_POINT('',(3.422416381769,-5.319596593616,0.8229837545)
  );
#615 = CARTESIAN_POINT('',(3.412510065169,-5.205231013492,0.971516806671
    ));
#616 = CARTESIAN_POINT('',(3.400558869209,-5.063892859354,1.12252479789)
  );
#617 = CARTESIAN_POINT('',(3.373780473689,-4.735476187345,1.418981288006
    ));
#618 = CARTESIAN_POINT('',(3.339912627533,-4.282069336633,1.731727916405
    ));
#619 = CARTESIAN_POINT('',(3.322074354875,-4.032213881161,1.886527510122
    ));
#620 = CARTESIAN_POINT('',(3.282820970703,-3.450754493353,2.212316874911
    ));
#621 = CARTESIAN_POINT('',(3.237714618591,-2.688694379582,2.568900323508
    ));
#622 = CARTESIAN_POINT('',(3.213412237117,-2.247635416806,2.759663998917
    ));
#623 = CARTESIAN_POINT('',(3.187808651207,-1.741415665855,2.96274034641)
  );
#624 = CARTESIAN_POINT('',(3.161109283296,-1.153893434191,3.181742472205
    ));
#625 = ORIENTED_EDGE('',*,*,#626,.F.);
#626 = EDGE_CURVE('',#627,#610,#629,.T.);
#627 = VERTEX_POINT('',#628);
#628 = CARTESIAN_POINT('',(3.084127738709,-1.145617966998,3.259065641629
    ));
#629 = B_SPLINE_CURVE_WITH_KNOTS('',4,(#630,#631,#632,#633,#634),
  .UNSPECIFIED.,.F.,.F.,(5,5),(-88.44167481172,-85.92283563779),
  .PIECEWISE_BEZIER_KNOTS.);
#630 = CARTESIAN_POINT('',(3.084127738709,-1.145617966998,3.259065641629
    ));
#631 = CARTESIAN_POINT('',(3.103852072786,-1.1455520342,3.240421150008)
  );
#632 = CARTESIAN_POINT('',(3.123273957865,-1.146803690382,3.221340258659
    ));
#633 = CARTESIAN_POINT('',(3.142395561357,-1.149496362539,3.201775345816
    ));
#634 = CARTESIAN_POINT('',(3.161109283296,-1.153893434191,3.181742472205
    ));
#635 = ORIENTED_EDGE('',*,*,#636,.F.);
#636 = EDGE_CURVE('',#637,#627,#639,.T.);
#637 = VERTEX_POINT('',#638);
#638 = CARTESIAN_POINT('',(2.151192209133,-1.145617966998,3.937730925862
    ));
#639 = CIRCLE('',#640,4.487020477457);
#640 = AXIS2_PLACEMENT_3D('',#641,#642,#643);
#641 = CARTESIAN_POINT('',(0.,-1.145617966998,0.));
#642 = DIRECTION('',(-0.,1.,0.));
#643 = DIRECTION('',(1.,0.,0.));
#644 = ORIENTED_EDGE('',*,*,#645,.T.);
#645 = EDGE_CURVE('',#637,#505,#646,.T.);
#646 = LINE('',#647,#648);
#647 = CARTESIAN_POINT('',(1.776066268715,-4.51236677068,3.251067497831)
  );
#648 = VECTOR('',#649,1.);
#649 = DIRECTION('',(-0.108528450004,-0.974040954915,-0.19865999519));
#650 = CONICAL_SURFACE('',#651,2.922122864744,0.228351225557);
#651 = AXIS2_PLACEMENT_3D('',#652,#653,#654);
#652 = CARTESIAN_POINT('',(0.,-7.879115574362,0.));
#653 = DIRECTION('',(0.,1.,0.));
#654 = DIRECTION('',(1.,0.,0.));
#655 = ADVANCED_FACE('',(#656),#692,.T.);
#656 = FACE_BOUND('',#657,.T.);
#657 = EDGE_LOOP('',(#658,#669,#677,#686));
#658 = ORIENTED_EDGE('',*,*,#659,.F.);
#659 = EDGE_CURVE('',#660,#662,#664,.T.);
#660 = VERTEX_POINT('',#661);
#661 = CARTESIAN_POINT('',(4.,1.518121757343,0.));
#662 = VERTEX_POINT('',#663);
#663 = CARTESIAN_POINT('',(3.974606898801,1.518121757343,-0.45));
#664 = CIRCLE('',#665,4.);
#665 = AXIS2_PLACEMENT_3D('',#666,#667,#668);
#666 = CARTESIAN_POINT('',(0.,1.518121757343,0.));
#667 = DIRECTION('',(-0.,1.,0.));
#668 = DIRECTION('',(1.,0.,0.));
#669 = ORIENTED_EDGE('',*,*,#670,.T.);
#670 = EDGE_CURVE('',#660,#671,#673,.T.);
#671 = VERTEX_POINT('',#672);
#672 = CARTESIAN_POINT('',(4.,-2.66781541839,0.));
#673 = LINE('',#674,#675);
#674 = CARTESIAN_POINT('',(4.,-3.95,0.));
#675 = VECTOR('',#676,1.);
#676 = DIRECTION('',(0.,-1.,0.));
#677 = ORIENTED_EDGE('',*,*,#678,.T.);
#678 = EDGE_CURVE('',#671,#679,#681,.T.);
#679 = VERTEX_POINT('',#680);
#680 = CARTESIAN_POINT('',(3.974606898801,-2.66781541839,-0.45));
#681 = CIRCLE('',#682,4.);
#682 = AXIS2_PLACEMENT_3D('',#683,#684,#685);
#683 = CARTESIAN_POINT('',(0.,-2.66781541839,0.));
#684 = DIRECTION('',(-0.,1.,0.));
#685 = DIRECTION('',(1.,0.,0.));
#686 = ORIENTED_EDGE('',*,*,#687,.T.);
#687 = EDGE_CURVE('',#679,#662,#688,.T.);
#688 = LINE('',#689,#690);
#689 = CARTESIAN_POINT('',(3.974606898801,-0.574846830524,-0.45));
#690 = VECTOR('',#691,1.);
#691 = DIRECTION('',(0.,1.,0.));
#692 = CYLINDRICAL_SURFACE('',#693,4.);
#693 = AXIS2_PLACEMENT_3D('',#694,#695,#696);
#694 = CARTESIAN_POINT('',(0.,-3.95,0.));
#695 = DIRECTION('',(0.,-1.,0.));
#696 = DIRECTION('',(1.,0.,0.));
#697 = ADVANCED_FACE('',(#698),#744,.F.);
#698 = FACE_BOUND('',#699,.F.);
#699 = EDGE_LOOP('',(#700,#711,#720,#729,#730,#737));
#700 = ORIENTED_EDGE('',*,*,#701,.F.);
#701 = EDGE_CURVE('',#702,#704,#706,.T.);
#702 = VERTEX_POINT('',#703);
#703 = CARTESIAN_POINT('',(-1.485665952973,1.6,-2.719493285483));
#704 = VERTEX_POINT('',#705);
#705 = CARTESIAN_POINT('',(-2.024902354915,1.471850323926,
    -3.706558898338));
#706 = CIRCLE('',#707,5.);
#707 = AXIS2_PLACEMENT_3D('',#708,#709,#710);
#708 = CARTESIAN_POINT('',(-1.485665952973,-3.4,-2.719493285483));
#709 = DIRECTION('',(-0.87758256189,0.,0.479425538604));
#710 = DIRECTION('',(-0.479425538604,0.,-0.87758256189));
#711 = ORIENTED_EDGE('',*,*,#712,.F.);
#712 = EDGE_CURVE('',#713,#702,#715,.T.);
#713 = VERTEX_POINT('',#714);
#714 = CARTESIAN_POINT('',(3.065998541032,1.6,-0.45));
#715 = CIRCLE('',#716,3.098846084208);
#716 = AXIS2_PLACEMENT_3D('',#717,#718,#719);
#717 = CARTESIAN_POINT('',(0.,1.6,0.));
#718 = DIRECTION('',(-0.,1.,0.));
#719 = DIRECTION('',(1.,0.,0.));
#720 = ORIENTED_EDGE('',*,*,#721,.F.);
#721 = EDGE_CURVE('',#662,#713,#722,.T.);
#722 = B_SPLINE_CURVE_WITH_KNOTS('',5,(#723,#724,#725,#726,#727,#728),
  .UNSPECIFIED.,.F.,.F.,(6,6),(4.687144721055E-02,1.33772530008),
  .PIECEWISE_BEZIER_KNOTS.);
#723 = CARTESIAN_POINT('',(3.974606898801,1.518121757343,-0.45));
#724 = CARTESIAN_POINT('',(3.794784911963,1.550861628824,-0.45));
#725 = CARTESIAN_POINT('',(3.613490965125,1.575459332249,-0.45));
#726 = CARTESIAN_POINT('',(3.431247315216,1.591844166606,-0.45));
#727 = CARTESIAN_POINT('',(3.248552843609,1.6,-0.45));
#728 = CARTESIAN_POINT('',(3.065998541032,1.6,-0.45));
#729 = ORIENTED_EDGE('',*,*,#659,.F.);
#730 = ORIENTED_EDGE('',*,*,#731,.F.);
#731 = EDGE_CURVE('',#482,#660,#732,.T.);
#732 = CIRCLE('',#733,5.);
#733 = AXIS2_PLACEMENT_3D('',#734,#735,#736);
#734 = CARTESIAN_POINT('',(3.098846084208,-3.4,0.));
#735 = DIRECTION('',(0.,0.,1.));
#736 = DIRECTION('',(1.,0.,-0.));
#737 = ORIENTED_EDGE('',*,*,#738,.T.);
#738 = EDGE_CURVE('',#482,#704,#739,.T.);
#739 = CIRCLE('',#740,4.223601355927);
#740 = AXIS2_PLACEMENT_3D('',#741,#742,#743);
#741 = CARTESIAN_POINT('',(0.,1.471850323926,0.));
#742 = DIRECTION('',(-0.,1.,0.));
#743 = DIRECTION('',(1.,0.,0.));
#744 = SURFACE_OF_REVOLUTION('',#745,#751);
#745 = B_SPLINE_CURVE_WITH_KNOTS('',4,(#746,#747,#748,#749,#750),
  .UNSPECIFIED.,.F.,.F.,(5,5),(1.343903524036,1.570796326795),
  .PIECEWISE_BEZIER_KNOTS.);
#746 = CARTESIAN_POINT('',(4.223601355927,1.471850323926,0.));
#747 = CARTESIAN_POINT('',(3.947254412272,1.535650042931,0.));
#748 = CARTESIAN_POINT('',(3.666080167745,1.578549656182,0.));
#749 = CARTESIAN_POINT('',(3.382462087657,1.6,0.));
#750 = CARTESIAN_POINT('',(3.098846084208,1.6,0.));
#751 = AXIS1_PLACEMENT('',#752,#753);
#752 = CARTESIAN_POINT('',(0.,-3.4,0.));
#753 = DIRECTION('',(0.,1.,0.));
#754 = ADVANCED_FACE('',(#755),#811,.F.);
#755 = FACE_BOUND('',#756,.F.);
#756 = EDGE_LOOP('',(#757,#766,#775,#786,#795,#804));
#757 = ORIENTED_EDGE('',*,*,#758,.T.);
#758 = EDGE_CURVE('',#467,#759,#761,.T.);
#759 = VERTEX_POINT('',#760);
#760 = CARTESIAN_POINT('',(1.485665952973,1.6,2.719493285483));
#761 = CIRCLE('',#762,5.);
#762 = AXIS2_PLACEMENT_3D('',#763,#764,#765);
#763 = CARTESIAN_POINT('',(1.485665952973,-3.4,2.719493285483));
#764 = DIRECTION('',(-0.87758256189,0.,0.479425538604));
#765 = DIRECTION('',(0.479425538604,0.,0.87758256189));
#766 = ORIENTED_EDGE('',*,*,#767,.F.);
#767 = EDGE_CURVE('',#768,#759,#770,.T.);
#768 = VERTEX_POINT('',#769);
#769 = CARTESIAN_POINT('',(-3.065998541032,1.6,0.45));
#770 = CIRCLE('',#771,3.098846084208);
#771 = AXIS2_PLACEMENT_3D('',#772,#773,#774);
#772 = CARTESIAN_POINT('',(0.,1.6,0.));
#773 = DIRECTION('',(-0.,1.,0.));
#774 = DIRECTION('',(1.,0.,0.));
#775 = ORIENTED_EDGE('',*,*,#776,.F.);
#776 = EDGE_CURVE('',#777,#768,#779,.T.);
#777 = VERTEX_POINT('',#778);
#778 = CARTESIAN_POINT('',(-3.974606898801,1.518121757343,0.45));
#779 = B_SPLINE_CURVE_WITH_KNOTS('',5,(#780,#781,#782,#783,#784,#785),
  .UNSPECIFIED.,.F.,.F.,(6,6),(4.687144721054E-02,1.337725300079),
  .PIECEWISE_BEZIER_KNOTS.);
#780 = CARTESIAN_POINT('',(-3.974606898801,1.518121757343,0.45));
#781 = CARTESIAN_POINT('',(-3.794784911963,1.550861628824,0.45));
#782 = CARTESIAN_POINT('',(-3.613490965125,1.575459332249,0.45));
#783 = CARTESIAN_POINT('',(-3.431247315216,1.591844166606,0.45));
#784 = CARTESIAN_POINT('',(-3.248552843609,1.6,0.45));
#785 = CARTESIAN_POINT('',(-3.065998541032,1.6,0.45));
#786 = ORIENTED_EDGE('',*,*,#787,.F.);
#787 = EDGE_CURVE('',#788,#777,#790,.T.);
#788 = VERTEX_POINT('',#789);
#789 = CARTESIAN_POINT('',(-4.,1.518121757343,-4.898587196589E-16));
#790 = CIRCLE('',#791,4.);
#791 = AXIS2_PLACEMENT_3D('',#792,#793,#794);
#792 = CARTESIAN_POINT('',(0.,1.518121757343,0.));
#793 = DIRECTION('',(-0.,1.,0.));
#794 = DIRECTION('',(1.,0.,0.));
#795 = ORIENTED_EDGE('',*,*,#796,.F.);
#796 = EDGE_CURVE('',#797,#788,#799,.T.);
#797 = VERTEX_POINT('',#798);
#798 = CARTESIAN_POINT('',(-4.223601355927,1.471850323926,
    -5.17241988141E-16));
#799 = CIRCLE('',#800,5.);
#800 = AXIS2_PLACEMENT_3D('',#801,#802,#803);
#801 = CARTESIAN_POINT('',(-3.098846084208,-3.4,-3.794991938075E-16));
#802 = DIRECTION('',(1.224646799147E-16,0.,-1.));
#803 = DIRECTION('',(-1.,0.,-1.224646799147E-16));
#804 = ORIENTED_EDGE('',*,*,#805,.T.);
#805 = EDGE_CURVE('',#797,#467,#806,.T.);
#806 = CIRCLE('',#807,4.223601355927);
#807 = AXIS2_PLACEMENT_3D('',#808,#809,#810);
#808 = CARTESIAN_POINT('',(0.,1.471850323926,0.));
#809 = DIRECTION('',(-0.,1.,0.));
#810 = DIRECTION('',(1.,0.,0.));
#811 = SURFACE_OF_REVOLUTION('',#812,#818);
#812 = B_SPLINE_CURVE_WITH_KNOTS('',4,(#813,#814,#815,#816,#817),
  .UNSPECIFIED.,.F.,.F.,(5,5),(1.343903524036,1.570796326795),
  .PIECEWISE_BEZIER_KNOTS.);
#813 = CARTESIAN_POINT('',(4.223601355927,1.471850323926,0.));
#814 = CARTESIAN_POINT('',(3.947254412272,1.535650042931,0.));
#815 = CARTESIAN_POINT('',(3.666080167745,1.578549656182,0.));
#816 = CARTESIAN_POINT('',(3.382462087657,1.6,0.));
#817 = CARTESIAN_POINT('',(3.098846084208,1.6,0.));
#818 = AXIS1_PLACEMENT('',#819,#820);
#819 = CARTESIAN_POINT('',(0.,-3.4,0.));
#820 = DIRECTION('',(0.,1.,0.));
#821 = ADVANCED_FACE('',(#822),#860,.F.);
#822 = FACE_BOUND('',#823,.F.);
#823 = EDGE_LOOP('',(#824,#833,#844,#851,#852,#859));
#824 = ORIENTED_EDGE('',*,*,#825,.F.);
#825 = EDGE_CURVE('',#826,#788,#828,.T.);
#826 = VERTEX_POINT('',#827);
#827 = CARTESIAN_POINT('',(-3.974606898801,1.518121757343,-0.45));
#828 = CIRCLE('',#829,4.);
#829 = AXIS2_PLACEMENT_3D('',#830,#831,#832);
#830 = CARTESIAN_POINT('',(0.,1.518121757343,0.));
#831 = DIRECTION('',(-0.,1.,0.));
#832 = DIRECTION('',(1.,0.,0.));
#833 = ORIENTED_EDGE('',*,*,#834,.T.);
#834 = EDGE_CURVE('',#826,#835,#837,.T.);
#835 = VERTEX_POINT('',#836);
#836 = CARTESIAN_POINT('',(-3.065998541032,1.6,-0.45));
#837 = B_SPLINE_CURVE_WITH_KNOTS('',5,(#838,#839,#840,#841,#842,#843),
  .UNSPECIFIED.,.F.,.F.,(6,6),(4.687144721057E-02,1.337725300081),
  .PIECEWISE_BEZIER_KNOTS.);
#838 = CARTESIAN_POINT('',(-3.974606898801,1.518121757343,-0.45));
#839 = CARTESIAN_POINT('',(-3.794784911963,1.550861628824,-0.45));
#840 = CARTESIAN_POINT('',(-3.613490965125,1.575459332249,-0.45));
#841 = CARTESIAN_POINT('',(-3.431247315216,1.591844166606,-0.45));
#842 = CARTESIAN_POINT('',(-3.248552843609,1.6,-0.45));
#843 = CARTESIAN_POINT('',(-3.065998541032,1.6,-0.45));
#844 = ORIENTED_EDGE('',*,*,#845,.F.);
#845 = EDGE_CURVE('',#702,#835,#846,.T.);
#846 = CIRCLE('',#847,3.098846084208);
#847 = AXIS2_PLACEMENT_3D('',#848,#849,#850);
#848 = CARTESIAN_POINT('',(0.,1.6,0.));
#849 = DIRECTION('',(-0.,1.,0.));
#850 = DIRECTION('',(1.,0.,0.));
#851 = ORIENTED_EDGE('',*,*,#701,.T.);
#852 = ORIENTED_EDGE('',*,*,#853,.T.);
#853 = EDGE_CURVE('',#704,#797,#854,.T.);
#854 = CIRCLE('',#855,4.223601355927);
#855 = AXIS2_PLACEMENT_3D('',#856,#857,#858);
#856 = CARTESIAN_POINT('',(0.,1.471850323926,0.));
#857 = DIRECTION('',(-0.,1.,0.));
#858 = DIRECTION('',(1.,0.,0.));
#859 = ORIENTED_EDGE('',*,*,#796,.T.);
#860 = SURFACE_OF_REVOLUTION('',#861,#867);
#861 = B_SPLINE_CURVE_WITH_KNOTS('',4,(#862,#863,#864,#865,#866),
  .UNSPECIFIED.,.F.,.F.,(5,5),(1.343903524036,1.570796326795),
  .PIECEWISE_BEZIER_KNOTS.);
#862 = CARTESIAN_POINT('',(4.223601355927,1.471850323926,0.));
#863 = CARTESIAN_POINT('',(3.947254412272,1.535650042931,0.));
#864 = CARTESIAN_POINT('',(3.666080167745,1.578549656182,0.));
#865 = CARTESIAN_POINT('',(3.382462087657,1.6,0.));
#866 = CARTESIAN_POINT('',(3.098846084208,1.6,0.));
#867 = AXIS1_PLACEMENT('',#868,#869);
#868 = CARTESIAN_POINT('',(0.,-3.4,0.));
#869 = DIRECTION('',(0.,1.,0.));
#870 = ADVANCED_FACE('',(#871),#881,.F.);
#871 = FACE_BOUND('',#872,.T.);
#872 = EDGE_LOOP('',(#873,#874,#875));
#873 = ORIENTED_EDGE('',*,*,#845,.F.);
#874 = ORIENTED_EDGE('',*,*,#712,.F.);
#875 = ORIENTED_EDGE('',*,*,#876,.F.);
#876 = EDGE_CURVE('',#835,#713,#877,.T.);
#877 = LINE('',#878,#879);
#878 = CARTESIAN_POINT('',(4.440892098501E-16,1.6,-0.45));
#879 = VECTOR('',#880,1.);
#880 = DIRECTION('',(1.,0.,0.));
#881 = PLANE('',#882);
#882 = AXIS2_PLACEMENT_3D('',#883,#884,#885);
#883 = CARTESIAN_POINT('',(0.,1.6,3.098846084208));
#884 = DIRECTION('',(-0.,1.,0.));
#885 = DIRECTION('',(1.,0.,0.));
#886 = ADVANCED_FACE('',(#887),#984,.T.);
#887 = FACE_BOUND('',#888,.T.);
#888 = EDGE_LOOP('',(#889,#899,#908,#919,#930,#936,#937,#938,#939,#940,
    #951,#962,#970,#978));
#889 = ORIENTED_EDGE('',*,*,#890,.F.);
#890 = EDGE_CURVE('',#891,#893,#895,.T.);
#891 = VERTEX_POINT('',#892);
#892 = CARTESIAN_POINT('',(-3.474606898801,-4.680490328569,-0.45));
#893 = VERTEX_POINT('',#894);
#894 = CARTESIAN_POINT('',(-3.474606898801,-3.7,-0.45));
#895 = LINE('',#896,#897);
#896 = CARTESIAN_POINT('',(-3.474606898801,-4.190245164285,-0.45));
#897 = VECTOR('',#898,1.);
#898 = DIRECTION('',(0.,1.,0.));
#899 = ORIENTED_EDGE('',*,*,#900,.F.);
#900 = EDGE_CURVE('',#901,#891,#903,.T.);
#901 = VERTEX_POINT('',#902);
#902 = CARTESIAN_POINT('',(-3.316702834352,-6.05054772146,-0.45));
#903 = CIRCLE('',#904,6.);
#904 = AXIS2_PLACEMENT_3D('',#905,#906,#907);
#905 = CARTESIAN_POINT('',(2.525393101199,-4.680490328569,-0.45));
#906 = DIRECTION('',(0.,0.,-1.));
#907 = DIRECTION('',(1.,0.,0.));
#908 = ORIENTED_EDGE('',*,*,#909,.T.);
#909 = EDGE_CURVE('',#901,#910,#912,.T.);
#910 = VERTEX_POINT('',#911);
#911 = CARTESIAN_POINT('',(-3.843954343788,-3.799674708994,-0.45));
#912 = B_SPLINE_CURVE_WITH_KNOTS('',5,(#913,#914,#915,#916,#917,#918),
  .UNSPECIFIED.,.F.,.F.,(6,6),(3.312324873947,7.06142575535),
  .PIECEWISE_BEZIER_KNOTS.);
#913 = CARTESIAN_POINT('',(-3.316702834352,-6.05054772146,-0.45));
#914 = CARTESIAN_POINT('',(-3.418304455693,-5.617341724114,-0.45));
#915 = CARTESIAN_POINT('',(-3.522123453985,-5.174381505989,-0.45));
#916 = CARTESIAN_POINT('',(-3.627855969498,-4.722981556091,-0.45));
#917 = CARTESIAN_POINT('',(-3.735205396107,-4.264429763429,-0.45));
#918 = CARTESIAN_POINT('',(-3.843954343788,-3.799674708994,-0.45));
#919 = ORIENTED_EDGE('',*,*,#920,.T.);
#920 = EDGE_CURVE('',#910,#921,#923,.T.);
#921 = VERTEX_POINT('',#922);
#922 = CARTESIAN_POINT('',(-3.974606898801,-2.66781541839,-0.45));
#923 = B_SPLINE_CURVE_WITH_KNOTS('',5,(#924,#925,#926,#927,#928,#929),
  .UNSPECIFIED.,.F.,.F.,(6,6),(0.,1.614872548547),
  .PIECEWISE_BEZIER_KNOTS.);
#924 = CARTESIAN_POINT('',(-3.843954343788,-3.799674708994,-0.45));
#925 = CARTESIAN_POINT('',(-3.895986968989,-3.577305425676,-0.45));
#926 = CARTESIAN_POINT('',(-3.93523962255,-3.351943482201,-0.45));
#927 = CARTESIAN_POINT('',(-3.961484527637,-3.124570256954,-0.45));
#928 = CARTESIAN_POINT('',(-3.974606898801,-2.896192884356,-0.45));
#929 = CARTESIAN_POINT('',(-3.974606898801,-2.66781541839,-0.45));
#930 = ORIENTED_EDGE('',*,*,#931,.T.);
#931 = EDGE_CURVE('',#921,#826,#932,.T.);
#932 = LINE('',#933,#934);
#933 = CARTESIAN_POINT('',(-3.974606898801,-0.574846830524,-0.45));
#934 = VECTOR('',#935,1.);
#935 = DIRECTION('',(0.,1.,0.));
#936 = ORIENTED_EDGE('',*,*,#834,.T.);
#937 = ORIENTED_EDGE('',*,*,#876,.T.);
#938 = ORIENTED_EDGE('',*,*,#721,.F.);
#939 = ORIENTED_EDGE('',*,*,#687,.F.);
#940 = ORIENTED_EDGE('',*,*,#941,.F.);
#941 = EDGE_CURVE('',#942,#679,#944,.T.);
#942 = VERTEX_POINT('',#943);
#943 = CARTESIAN_POINT('',(3.843954343788,-3.799674708994,-0.45));
#944 = B_SPLINE_CURVE_WITH_KNOTS('',5,(#945,#946,#947,#948,#949,#950),
  .UNSPECIFIED.,.F.,.F.,(6,6),(0.,1.614872548548),
  .PIECEWISE_BEZIER_KNOTS.);
#945 = CARTESIAN_POINT('',(3.843954343788,-3.799674708994,-0.45));
#946 = CARTESIAN_POINT('',(3.895986968989,-3.577305425675,-0.45));
#947 = CARTESIAN_POINT('',(3.93523962255,-3.351943482201,-0.45));
#948 = CARTESIAN_POINT('',(3.961484527637,-3.124570256955,-0.45));
#949 = CARTESIAN_POINT('',(3.974606898801,-2.896192884356,-0.45));
#950 = CARTESIAN_POINT('',(3.974606898801,-2.66781541839,-0.45));
#951 = ORIENTED_EDGE('',*,*,#952,.F.);
#952 = EDGE_CURVE('',#953,#942,#955,.T.);
#953 = VERTEX_POINT('',#954);
#954 = CARTESIAN_POINT('',(2.934298680525,-7.679115574301,-0.45));
#955 = B_SPLINE_CURVE_WITH_KNOTS('',5,(#956,#957,#958,#959,#960,#961),
  .UNSPECIFIED.,.F.,.F.,(6,6),(0.379348157599,7.061425754412),
  .PIECEWISE_BEZIER_KNOTS.);
#956 = CARTESIAN_POINT('',(2.934298680525,-7.679115574301,-0.45));
#957 = CARTESIAN_POINT('',(3.101052284392,-6.969893755483,-0.45));
#958 = CARTESIAN_POINT('',(3.277047963544,-6.220206646725,-0.45));
#959 = CARTESIAN_POINT('',(3.460750431145,-5.436648671229,-0.45));
#960 = CARTESIAN_POINT('',(3.650129496187,-4.628014472443,-0.45));
#961 = CARTESIAN_POINT('',(3.843954343788,-3.799674708994,-0.45));
#962 = ORIENTED_EDGE('',*,*,#963,.F.);
#963 = EDGE_CURVE('',#964,#953,#966,.T.);
#964 = VERTEX_POINT('',#965);
#965 = CARTESIAN_POINT('',(-1.5,-7.679115574362,-0.45));
#966 = LINE('',#967,#968);
#967 = CARTESIAN_POINT('',(0.717149340327,-7.679115574362,-0.45));
#968 = VECTOR('',#969,1.);
#969 = DIRECTION('',(1.,0.,0.));
#970 = ORIENTED_EDGE('',*,*,#971,.F.);
#971 = EDGE_CURVE('',#972,#964,#974,.T.);
#972 = VERTEX_POINT('',#973);
#973 = CARTESIAN_POINT('',(-1.5,-3.7,-0.45));
#974 = LINE('',#975,#976);
#975 = CARTESIAN_POINT('',(-1.5,-5.689557787181,-0.45));
#976 = VECTOR('',#977,1.);
#977 = DIRECTION('',(0.,-1.,0.));
#978 = ORIENTED_EDGE('',*,*,#979,.T.);
#979 = EDGE_CURVE('',#972,#893,#980,.T.);
#980 = LINE('',#981,#982);
#981 = CARTESIAN_POINT('',(-2.487303449401,-3.7,-0.45));
#982 = VECTOR('',#983,1.);
#983 = DIRECTION('',(-1.,0.,0.));
#984 = PLANE('',#985);
#985 = AXIS2_PLACEMENT_3D('',#986,#987,#988);
#986 = CARTESIAN_POINT('',(0.,-7.679115574362,-0.45));
#987 = DIRECTION('',(0.,0.,-1.));
#988 = DIRECTION('',(0.,1.,0.));
#989 = ADVANCED_FACE('',(#990),#1022,.F.);
#990 = FACE_BOUND('',#991,.F.);
#991 = EDGE_LOOP('',(#992,#1001,#1012,#1019,#1020,#1021));
#992 = ORIENTED_EDGE('',*,*,#993,.F.);
#993 = EDGE_CURVE('',#994,#660,#996,.T.);
#994 = VERTEX_POINT('',#995);
#995 = CARTESIAN_POINT('',(3.974606898801,1.518121757343,0.45));
#996 = CIRCLE('',#997,4.);
#997 = AXIS2_PLACEMENT_3D('',#998,#999,#1000);
#998 = CARTESIAN_POINT('',(0.,1.518121757343,0.));
#999 = DIRECTION('',(-0.,1.,0.));
#1000 = DIRECTION('',(1.,0.,0.));
#1001 = ORIENTED_EDGE('',*,*,#1002,.T.);
#1002 = EDGE_CURVE('',#994,#1003,#1005,.T.);
#1003 = VERTEX_POINT('',#1004);
#1004 = CARTESIAN_POINT('',(3.065998541032,1.6,0.45));
#1005 = B_SPLINE_CURVE_WITH_KNOTS('',5,(#1006,#1007,#1008,#1009,#1010,
    #1011),.UNSPECIFIED.,.F.,.F.,(6,6),(4.687144721056E-02,
    1.337725300085),.PIECEWISE_BEZIER_KNOTS.);
#1006 = CARTESIAN_POINT('',(3.974606898801,1.518121757343,0.45));
#1007 = CARTESIAN_POINT('',(3.794784911962,1.550861628824,0.45));
#1008 = CARTESIAN_POINT('',(3.613490965124,1.575459332249,0.45));
#1009 = CARTESIAN_POINT('',(3.431247315217,1.591844166606,0.45));
#1010 = CARTESIAN_POINT('',(3.248552843609,1.6,0.45));
#1011 = CARTESIAN_POINT('',(3.065998541032,1.6,0.45));
#1012 = ORIENTED_EDGE('',*,*,#1013,.F.);
#1013 = EDGE_CURVE('',#759,#1003,#1014,.T.);
#1014 = CIRCLE('',#1015,3.098846084208);
#1015 = AXIS2_PLACEMENT_3D('',#1016,#1017,#1018);
#1016 = CARTESIAN_POINT('',(0.,1.6,0.));
#1017 = DIRECTION('',(-0.,1.,0.));
#1018 = DIRECTION('',(1.,0.,0.));
#1019 = ORIENTED_EDGE('',*,*,#758,.F.);
#1020 = ORIENTED_EDGE('',*,*,#489,.T.);
#1021 = ORIENTED_EDGE('',*,*,#731,.T.);
#1022 = SURFACE_OF_REVOLUTION('',#1023,#1029);
#1023 = B_SPLINE_CURVE_WITH_KNOTS('',4,(#1024,#1025,#1026,#1027,#1028),
  .UNSPECIFIED.,.F.,.F.,(5,5),(1.343903524036,1.570796326795),
  .PIECEWISE_BEZIER_KNOTS.);
#1024 = CARTESIAN_POINT('',(4.223601355927,1.471850323926,0.));
#1025 = CARTESIAN_POINT('',(3.947254412272,1.535650042931,0.));
#1026 = CARTESIAN_POINT('',(3.666080167745,1.578549656182,0.));
#1027 = CARTESIAN_POINT('',(3.382462087657,1.6,0.));
#1028 = CARTESIAN_POINT('',(3.098846084208,1.6,0.));
#1029 = AXIS1_PLACEMENT('',#1030,#1031);
#1030 = CARTESIAN_POINT('',(0.,-3.4,0.));
#1031 = DIRECTION('',(0.,1.,0.));
#1032 = ADVANCED_FACE('',(#1033),#1043,.F.);
#1033 = FACE_BOUND('',#1034,.T.);
#1034 = EDGE_LOOP('',(#1035,#1041,#1042));
#1035 = ORIENTED_EDGE('',*,*,#1036,.T.);
#1036 = EDGE_CURVE('',#768,#1003,#1037,.T.);
#1037 = LINE('',#1038,#1039);
#1038 = CARTESIAN_POINT('',(4.440892098501E-16,1.6,0.45));
#1039 = VECTOR('',#1040,1.);
#1040 = DIRECTION('',(1.,0.,0.));
#1041 = ORIENTED_EDGE('',*,*,#1013,.F.);
#1042 = ORIENTED_EDGE('',*,*,#767,.F.);
#1043 = PLANE('',#1044);
#1044 = AXIS2_PLACEMENT_3D('',#1045,#1046,#1047);
#1045 = CARTESIAN_POINT('',(0.,1.6,3.098846084208));
#1046 = DIRECTION('',(-0.,1.,0.));
#1047 = DIRECTION('',(1.,0.,0.));
#1048 = ADVANCED_FACE('',(#1049),#1141,.F.);
#1049 = FACE_BOUND('',#1050,.T.);
#1050 = EDGE_LOOP('',(#1051,#1052,#1053,#1054,#1062,#1073,#1084,#1092,
    #1100,#1108,#1116,#1123,#1124,#1135));
#1051 = ORIENTED_EDGE('',*,*,#1002,.T.);
#1052 = ORIENTED_EDGE('',*,*,#1036,.F.);
#1053 = ORIENTED_EDGE('',*,*,#776,.F.);
#1054 = ORIENTED_EDGE('',*,*,#1055,.F.);
#1055 = EDGE_CURVE('',#1056,#777,#1058,.T.);
#1056 = VERTEX_POINT('',#1057);
#1057 = CARTESIAN_POINT('',(-3.974606898801,-2.66781541839,0.45));
#1058 = LINE('',#1059,#1060);
#1059 = CARTESIAN_POINT('',(-3.974606898801,-0.574846830524,0.45));
#1060 = VECTOR('',#1061,1.);
#1061 = DIRECTION('',(0.,1.,0.));
#1062 = ORIENTED_EDGE('',*,*,#1063,.F.);
#1063 = EDGE_CURVE('',#1064,#1056,#1066,.T.);
#1064 = VERTEX_POINT('',#1065);
#1065 = CARTESIAN_POINT('',(-3.843954343788,-3.799674708994,0.45));
#1066 = B_SPLINE_CURVE_WITH_KNOTS('',5,(#1067,#1068,#1069,#1070,#1071,
    #1072),.UNSPECIFIED.,.F.,.F.,(6,6),(0.,1.614872548549),
  .PIECEWISE_BEZIER_KNOTS.);
#1067 = CARTESIAN_POINT('',(-3.843954343788,-3.799674708994,0.45));
#1068 = CARTESIAN_POINT('',(-3.895986968989,-3.577305425675,0.45));
#1069 = CARTESIAN_POINT('',(-3.93523962255,-3.351943482201,0.45));
#1070 = CARTESIAN_POINT('',(-3.961484527637,-3.124570256955,0.45));
#1071 = CARTESIAN_POINT('',(-3.974606898801,-2.896192884357,0.45));
#1072 = CARTESIAN_POINT('',(-3.974606898801,-2.66781541839,0.45));
#1073 = ORIENTED_EDGE('',*,*,#1074,.F.);
#1074 = EDGE_CURVE('',#1075,#1064,#1077,.T.);
#1075 = VERTEX_POINT('',#1076);
#1076 = CARTESIAN_POINT('',(-2.93429868053,-7.679115574279,0.45));
#1077 = B_SPLINE_CURVE_WITH_KNOTS('',5,(#1078,#1079,#1080,#1081,#1082,
    #1083),.UNSPECIFIED.,.F.,.F.,(6,6),(0.379348157639,7.061425756151),
  .PIECEWISE_BEZIER_KNOTS.);
#1078 = CARTESIAN_POINT('',(-2.93429868053,-7.679115574279,0.45));
#1079 = CARTESIAN_POINT('',(-3.101052284438,-6.969893755285,0.45));
#1080 = CARTESIAN_POINT('',(-3.277047963613,-6.220206646425,0.45));
#1081 = CARTESIAN_POINT('',(-3.460750431043,-5.436648671662,0.45));
#1082 = CARTESIAN_POINT('',(-3.650129496138,-4.628014472654,0.45));
#1083 = CARTESIAN_POINT('',(-3.843954343788,-3.799674708994,0.45));
#1084 = ORIENTED_EDGE('',*,*,#1085,.T.);
#1085 = EDGE_CURVE('',#1075,#1086,#1088,.T.);
#1086 = VERTEX_POINT('',#1087);
#1087 = CARTESIAN_POINT('',(1.5,-7.679115574362,0.45));
#1088 = LINE('',#1089,#1090);
#1089 = CARTESIAN_POINT('',(-0.717149340327,-7.679115574362,0.45));
#1090 = VECTOR('',#1091,1.);
#1091 = DIRECTION('',(1.,0.,0.));
#1092 = ORIENTED_EDGE('',*,*,#1093,.T.);
#1093 = EDGE_CURVE('',#1086,#1094,#1096,.T.);
#1094 = VERTEX_POINT('',#1095);
#1095 = CARTESIAN_POINT('',(1.5,-3.7,0.45));
#1096 = LINE('',#1097,#1098);
#1097 = CARTESIAN_POINT('',(1.5,-5.689557787181,0.45));
#1098 = VECTOR('',#1099,1.);
#1099 = DIRECTION('',(0.,1.,0.));
#1100 = ORIENTED_EDGE('',*,*,#1101,.F.);
#1101 = EDGE_CURVE('',#1102,#1094,#1104,.T.);
#1102 = VERTEX_POINT('',#1103);
#1103 = CARTESIAN_POINT('',(3.474606898801,-3.7,0.45));
#1104 = LINE('',#1105,#1106);
#1105 = CARTESIAN_POINT('',(2.487303449401,-3.7,0.45));
#1106 = VECTOR('',#1107,1.);
#1107 = DIRECTION('',(-1.,0.,0.));
#1108 = ORIENTED_EDGE('',*,*,#1109,.F.);
#1109 = EDGE_CURVE('',#1110,#1102,#1112,.T.);
#1110 = VERTEX_POINT('',#1111);
#1111 = CARTESIAN_POINT('',(3.474606898801,-4.680490328569,0.45));
#1112 = LINE('',#1113,#1114);
#1113 = CARTESIAN_POINT('',(3.474606898801,-4.190245164285,0.45));
#1114 = VECTOR('',#1115,1.);
#1115 = DIRECTION('',(0.,1.,0.));
#1116 = ORIENTED_EDGE('',*,*,#1117,.F.);
#1117 = EDGE_CURVE('',#558,#1110,#1118,.T.);
#1118 = CIRCLE('',#1119,6.);
#1119 = AXIS2_PLACEMENT_3D('',#1120,#1121,#1122);
#1120 = CARTESIAN_POINT('',(-2.525393101199,-4.680490328569,0.45));
#1121 = DIRECTION('',(0.,0.,1.));
#1122 = DIRECTION('',(1.,0.,-0.));
#1123 = ORIENTED_EDGE('',*,*,#557,.T.);
#1124 = ORIENTED_EDGE('',*,*,#1125,.T.);
#1125 = EDGE_CURVE('',#549,#1126,#1128,.T.);
#1126 = VERTEX_POINT('',#1127);
#1127 = CARTESIAN_POINT('',(3.974606898801,-2.66781541839,0.45));
#1128 = B_SPLINE_CURVE_WITH_KNOTS('',5,(#1129,#1130,#1131,#1132,#1133,
    #1134),.UNSPECIFIED.,.F.,.F.,(6,6),(0.,1.614872548549),
  .PIECEWISE_BEZIER_KNOTS.);
#1129 = CARTESIAN_POINT('',(3.843954343788,-3.799674708994,0.45));
#1130 = CARTESIAN_POINT('',(3.895986968989,-3.577305425675,0.45));
#1131 = CARTESIAN_POINT('',(3.93523962255,-3.351943482201,0.45));
#1132 = CARTESIAN_POINT('',(3.961484527637,-3.124570256955,0.45));
#1133 = CARTESIAN_POINT('',(3.974606898801,-2.896192884357,0.45));
#1134 = CARTESIAN_POINT('',(3.974606898801,-2.66781541839,0.45));
#1135 = ORIENTED_EDGE('',*,*,#1136,.T.);
#1136 = EDGE_CURVE('',#1126,#994,#1137,.T.);
#1137 = LINE('',#1138,#1139);
#1138 = CARTESIAN_POINT('',(3.974606898801,-0.574846830524,0.45));
#1139 = VECTOR('',#1140,1.);
#1140 = DIRECTION('',(0.,1.,0.));
#1141 = PLANE('',#1142);
#1142 = AXIS2_PLACEMENT_3D('',#1143,#1144,#1145);
#1143 = CARTESIAN_POINT('',(0.,2.320884425638,0.45));
#1144 = DIRECTION('',(0.,0.,-1.));
#1145 = DIRECTION('',(0.,-1.,0.));
#1146 = ADVANCED_FACE('',(#1147),#1159,.T.);
#1147 = FACE_BOUND('',#1148,.T.);
#1148 = EDGE_LOOP('',(#1149,#1150,#1151,#1152));
#1149 = ORIENTED_EDGE('',*,*,#670,.F.);
#1150 = ORIENTED_EDGE('',*,*,#993,.F.);
#1151 = ORIENTED_EDGE('',*,*,#1136,.F.);
#1152 = ORIENTED_EDGE('',*,*,#1153,.T.);
#1153 = EDGE_CURVE('',#1126,#671,#1154,.T.);
#1154 = CIRCLE('',#1155,4.);
#1155 = AXIS2_PLACEMENT_3D('',#1156,#1157,#1158);
#1156 = CARTESIAN_POINT('',(0.,-2.66781541839,0.));
#1157 = DIRECTION('',(-0.,1.,0.));
#1158 = DIRECTION('',(1.,0.,0.));
#1159 = CYLINDRICAL_SURFACE('',#1160,4.);
#1160 = AXIS2_PLACEMENT_3D('',#1161,#1162,#1163);
#1161 = CARTESIAN_POINT('',(0.,-3.95,0.));
#1162 = DIRECTION('',(0.,-1.,0.));
#1163 = DIRECTION('',(1.,0.,0.));
#1164 = ADVANCED_FACE('',(#1165),#1179,.T.);
#1165 = FACE_BOUND('',#1166,.T.);
#1166 = EDGE_LOOP('',(#1167,#1168,#1169,#1176,#1177,#1178));
#1167 = ORIENTED_EDGE('',*,*,#1125,.F.);
#1168 = ORIENTED_EDGE('',*,*,#548,.T.);
#1169 = ORIENTED_EDGE('',*,*,#1170,.T.);
#1170 = EDGE_CURVE('',#541,#942,#1171,.T.);
#1171 = CIRCLE('',#1172,3.870204774573);
#1172 = AXIS2_PLACEMENT_3D('',#1173,#1174,#1175);
#1173 = CARTESIAN_POINT('',(0.,-3.799674708994,0.));
#1174 = DIRECTION('',(-0.,1.,0.));
#1175 = DIRECTION('',(1.,0.,0.));
#1176 = ORIENTED_EDGE('',*,*,#941,.T.);
#1177 = ORIENTED_EDGE('',*,*,#678,.F.);
#1178 = ORIENTED_EDGE('',*,*,#1153,.F.);
#1179 = ( BOUNDED_SURFACE() B_SPLINE_SURFACE(2,2,(
    (#1180,#1181,#1182)
    ,(#1183,#1184,#1185)
    ,(#1186,#1187,#1188
)),.UNSPECIFIED.,.F.,.F.,.F.) B_SPLINE_SURFACE_WITH_KNOTS((3,3),(3,3),(
    39.269908169833,40.411664297697),(0.,0.486156139504),
.PIECEWISE_BEZIER_KNOTS.) GEOMETRIC_REPRESENTATION_ITEM() 
RATIONAL_B_SPLINE_SURFACE((
    (1.,0.970601709269,1.)
    ,(0.993489042444,0.964282162736,0.993489042444)
,(1.,0.970601709269,1.))) REPRESENTATION_ITEM('') SURFACE() );
#1180 = CARTESIAN_POINT('',(3.882406837077,-2.667815418351,0.96276536675
    ));
#1181 = CARTESIAN_POINT('',(4.121154910196,-2.667815418351,
    -4.797273689405E-13));
#1182 = CARTESIAN_POINT('',(3.882406837077,-2.667815418351,
    -0.962765366751));
#1183 = CARTESIAN_POINT('',(3.882406837082,-3.241187155075,
    0.962765366752));
#1184 = CARTESIAN_POINT('',(4.121154910201,-3.241187155075,
    -4.797273689405E-13));
#1185 = CARTESIAN_POINT('',(3.882406837082,-3.241187155075,
    -0.962765366752));
#1186 = CARTESIAN_POINT('',(3.756427369414,-3.799674709034,
    0.931524779796));
#1187 = CARTESIAN_POINT('',(3.987428352539,-3.799674709034,
    -4.640732242933E-13));
#1188 = CARTESIAN_POINT('',(3.756427369414,-3.799674709034,
    -0.931524779796));
#1189 = ADVANCED_FACE('',(#1190),#1242,.T.);
#1190 = FACE_BOUND('',#1191,.T.);
#1191 = EDGE_LOOP('',(#1192,#1193,#1202,#1210,#1219,#1233,#1240,#1241));
#1192 = ORIENTED_EDGE('',*,*,#540,.F.);
#1193 = ORIENTED_EDGE('',*,*,#1194,.T.);
#1194 = EDGE_CURVE('',#516,#1195,#1197,.T.);
#1195 = VERTEX_POINT('',#1196);
#1196 = CARTESIAN_POINT('',(-1.400940328297,-7.879115574362,
    -2.5644040698));
#1197 = CIRCLE('',#1198,2.922122864744);
#1198 = AXIS2_PLACEMENT_3D('',#1199,#1200,#1201);
#1199 = CARTESIAN_POINT('',(0.,-7.879115574362,0.));
#1200 = DIRECTION('',(-0.,1.,0.));
#1201 = DIRECTION('',(1.,0.,0.));
#1202 = ORIENTED_EDGE('',*,*,#1203,.F.);
#1203 = EDGE_CURVE('',#1204,#1195,#1206,.T.);
#1204 = VERTEX_POINT('',#1205);
#1205 = CARTESIAN_POINT('',(-2.151192209133,-1.145617966998,
    -3.937730925862));
#1206 = LINE('',#1207,#1208);
#1207 = CARTESIAN_POINT('',(-1.776066268715,-4.51236677068,
    -3.251067497831));
#1208 = VECTOR('',#1209,1.);
#1209 = DIRECTION('',(0.108528450004,-0.974040954915,0.19865999519));
#1210 = ORIENTED_EDGE('',*,*,#1211,.F.);
#1211 = EDGE_CURVE('',#1212,#1204,#1214,.T.);
#1212 = VERTEX_POINT('',#1213);
#1213 = CARTESIAN_POINT('',(1.499999999999,-1.145617966998,
    -4.228871334662));
#1214 = CIRCLE('',#1215,4.487020477457);
#1215 = AXIS2_PLACEMENT_3D('',#1216,#1217,#1218);
#1216 = CARTESIAN_POINT('',(0.,-1.145617966998,0.));
#1217 = DIRECTION('',(-0.,1.,0.));
#1218 = DIRECTION('',(1.,0.,0.));
#1219 = ORIENTED_EDGE('',*,*,#1220,.F.);
#1220 = EDGE_CURVE('',#1221,#1212,#1223,.T.);
#1221 = VERTEX_POINT('',#1222);
#1222 = CARTESIAN_POINT('',(1.5,-7.679115574362,-2.561758916698));
#1223 = B_SPLINE_CURVE_WITH_KNOTS('',5,(#1224,#1225,#1226,#1227,#1228,
    #1229,#1230,#1231,#1232),.UNSPECIFIED.,.F.,.F.,(6,3,6),(0.,
    20.699368465422,21.231598596588),.UNSPECIFIED.);
#1224 = CARTESIAN_POINT('',(1.5,-7.679115574362,-2.561758916698));
#1225 = CARTESIAN_POINT('',(1.5,-6.818502492019,-2.793534215223));
#1226 = CARTESIAN_POINT('',(1.5,-5.803606727436,-3.06016757882));
#1227 = CARTESIAN_POINT('',(1.5,-4.585529139357,-3.373062887183));
#1228 = CARTESIAN_POINT('',(1.5,-3.072722104098,-3.753155604105));
#1229 = CARTESIAN_POINT('',(1.5,-1.281383892077,-4.195380129685));
#1230 = CARTESIAN_POINT('',(1.5,-1.236302557588,-4.206505104028));
#1231 = CARTESIAN_POINT('',(1.5,-1.19104767295,-4.217668737392));
#1232 = CARTESIAN_POINT('',(1.499999999999,-1.145617966998,
    -4.228871334662));
#1233 = ORIENTED_EDGE('',*,*,#1234,.F.);
#1234 = EDGE_CURVE('',#953,#1221,#1235,.T.);
#1235 = CIRCLE('',#1236,2.96860383805);
#1236 = AXIS2_PLACEMENT_3D('',#1237,#1238,#1239);
#1237 = CARTESIAN_POINT('',(-1.33226762955E-15,-7.679115574362,
    8.881784197001E-16));
#1238 = DIRECTION('',(0.,1.,0.));
#1239 = DIRECTION('',(0.,0.,-1.));
#1240 = ORIENTED_EDGE('',*,*,#952,.T.);
#1241 = ORIENTED_EDGE('',*,*,#1170,.F.);
#1242 = CONICAL_SURFACE('',#1243,2.922122864744,0.228351225557);
#1243 = AXIS2_PLACEMENT_3D('',#1244,#1245,#1246);
#1244 = CARTESIAN_POINT('',(0.,-7.879115574362,0.));
#1245 = DIRECTION('',(0.,1.,0.));
#1246 = DIRECTION('',(1.,0.,0.));
#1247 = ADVANCED_FACE('',(#1248),#1281,.T.);
#1248 = FACE_BOUND('',#1249,.T.);
#1249 = EDGE_LOOP('',(#1250,#1251,#1260,#1269));
#1250 = ORIENTED_EDGE('',*,*,#1211,.T.);
#1251 = ORIENTED_EDGE('',*,*,#1252,.F.);
#1252 = EDGE_CURVE('',#1253,#1204,#1255,.T.);
#1253 = VERTEX_POINT('',#1254);
#1254 = CARTESIAN_POINT('',(-2.109355476597,-0.732107220287,
    -3.861149300637));
#1255 = CIRCLE('',#1256,0.5);
#1256 = AXIS2_PLACEMENT_3D('',#1257,#1258,#1259);
#1257 = CARTESIAN_POINT('',(-1.917702154417,-1.032432037938,
    -3.510330247561));
#1258 = DIRECTION('',(-0.87758256189,0.,0.479425538604));
#1259 = DIRECTION('',(-0.479425538604,0.,-0.87758256189));
#1260 = ORIENTED_EDGE('',*,*,#1261,.F.);
#1261 = EDGE_CURVE('',#1262,#1253,#1264,.T.);
#1262 = VERTEX_POINT('',#1263);
#1263 = CARTESIAN_POINT('',(1.500000000001,-0.732107220287,
    -4.136164219232));
#1264 = CIRCLE('',#1265,4.399756180569);
#1265 = AXIS2_PLACEMENT_3D('',#1266,#1267,#1268);
#1266 = CARTESIAN_POINT('',(0.,-0.732107220287,0.));
#1267 = DIRECTION('',(-0.,1.,0.));
#1268 = DIRECTION('',(1.,0.,0.));
#1269 = ORIENTED_EDGE('',*,*,#1270,.F.);
#1270 = EDGE_CURVE('',#1212,#1262,#1271,.T.);
#1271 = B_SPLINE_CURVE_WITH_KNOTS('',5,(#1272,#1273,#1274,#1275,#1276,
    #1277,#1278,#1279,#1280),.UNSPECIFIED.,.F.,.F.,(6,3,6),(0.,
    0.309382579263,0.620598658117),.UNSPECIFIED.);
#1272 = CARTESIAN_POINT('',(1.499999999999,-1.145617966998,
    -4.228871334662));
#1273 = CARTESIAN_POINT('',(1.5,-1.103123206387,-4.239350198199));
#1274 = CARTESIAN_POINT('',(1.5,-1.059435875204,-4.244936120712));
#1275 = CARTESIAN_POINT('',(1.5,-1.01529161098,-4.245396858067));
#1276 = CARTESIAN_POINT('',(1.5,-0.927443608053,-4.23601702304));
#1277 = CARTESIAN_POINT('',(1.5,-0.843998987973,-4.206830515901));
#1278 = CARTESIAN_POINT('',(1.5,-0.804017008941,-4.187428506674));
#1279 = CARTESIAN_POINT('',(1.5,-0.766557324585,-4.163694929301));
#1280 = CARTESIAN_POINT('',(1.500000000001,-0.732107220287,
    -4.136164219232));
#1281 = TOROIDAL_SURFACE('',#1282,4.,0.5);
#1282 = AXIS2_PLACEMENT_3D('',#1283,#1284,#1285);
#1283 = CARTESIAN_POINT('',(0.,-1.032432037938,0.));
#1284 = DIRECTION('',(0.,1.,0.));
#1285 = DIRECTION('',(1.,0.,0.));
#1286 = ADVANCED_FACE('',(#1287),#1316,.T.);
#1287 = FACE_BOUND('',#1288,.T.);
#1288 = EDGE_LOOP('',(#1289,#1300,#1301,#1309));
#1289 = ORIENTED_EDGE('',*,*,#1290,.T.);
#1290 = EDGE_CURVE('',#1291,#1262,#1293,.T.);
#1291 = VERTEX_POINT('',#1292);
#1292 = CARTESIAN_POINT('',(1.5,-0.333432483852,-3.816018758683));
#1293 = B_SPLINE_CURVE_WITH_KNOTS('',5,(#1294,#1295,#1296,#1297,#1298,
    #1299),.UNSPECIFIED.,.F.,.F.,(6,6),(1.015595146412,3.771824661379),
  .PIECEWISE_BEZIER_KNOTS.);
#1294 = CARTESIAN_POINT('',(1.5,-0.333432483852,-3.816018758683));
#1295 = CARTESIAN_POINT('',(1.5,-0.407712172912,-3.875979236754));
#1296 = CARTESIAN_POINT('',(1.5,-0.484565356911,-3.937859492851));
#1297 = CARTESIAN_POINT('',(1.5,-0.564142618934,-4.001771684955));
#1298 = CARTESIAN_POINT('',(1.5,-0.646587937004,-4.067821709353));
#1299 = CARTESIAN_POINT('',(1.500000000001,-0.732107220287,
    -4.136164219232));
#1300 = ORIENTED_EDGE('',*,*,#1261,.T.);
#1301 = ORIENTED_EDGE('',*,*,#1302,.F.);
#1302 = EDGE_CURVE('',#1303,#1253,#1305,.T.);
#1303 = VERTEX_POINT('',#1304);
#1304 = CARTESIAN_POINT('',(-1.965761601539,-0.333432483851,
    -3.598302475431));
#1305 = LINE('',#1306,#1307);
#1306 = CARTESIAN_POINT('',(-2.013528815507,-0.466053610144,
    -3.685739774099));
#1307 = VECTOR('',#1308,1.);
#1308 = DIRECTION('',(-0.287966774917,-0.799512361138,-0.527119645746));
#1309 = ORIENTED_EDGE('',*,*,#1310,.T.);
#1310 = EDGE_CURVE('',#1303,#1291,#1311,.T.);
#1311 = CIRCLE('',#1312,4.100243819431);
#1312 = AXIS2_PLACEMENT_3D('',#1313,#1314,#1315);
#1313 = CARTESIAN_POINT('',(0.,-0.333432483851,0.));
#1314 = DIRECTION('',(0.,-1.,0.));
#1315 = DIRECTION('',(1.,0.,0.));
#1316 = CONICAL_SURFACE('',#1317,4.,0.64431340044);
#1317 = AXIS2_PLACEMENT_3D('',#1318,#1319,#1320);
#1318 = CARTESIAN_POINT('',(0.,-0.2,0.));
#1319 = DIRECTION('',(0.,-1.,0.));
#1320 = DIRECTION('',(1.,0.,0.));
#1321 = ADVANCED_FACE('',(#1322),#1351,.T.);
#1322 = FACE_BOUND('',#1323,.T.);
#1323 = EDGE_LOOP('',(#1324,#1333,#1334,#1343));
#1324 = ORIENTED_EDGE('',*,*,#1325,.T.);
#1325 = EDGE_CURVE('',#1326,#1303,#1328,.T.);
#1326 = VERTEX_POINT('',#1327);
#1327 = CARTESIAN_POINT('',(-3.074012753639,-0.333432483851,
    -2.713382569643));
#1328 = CIRCLE('',#1329,4.100243819431);
#1329 = AXIS2_PLACEMENT_3D('',#1330,#1331,#1332);
#1330 = CARTESIAN_POINT('',(0.,-0.333432483851,0.));
#1331 = DIRECTION('',(0.,-1.,0.));
#1332 = DIRECTION('',(1.,0.,0.));
#1333 = ORIENTED_EDGE('',*,*,#1302,.T.);
#1334 = ORIENTED_EDGE('',*,*,#1335,.T.);
#1335 = EDGE_CURVE('',#1253,#1336,#1338,.T.);
#1336 = VERTEX_POINT('',#1337);
#1337 = CARTESIAN_POINT('',(-3.02414777726,-0.732107220287,
    -3.195682191606));
#1338 = CIRCLE('',#1339,4.399756180569);
#1339 = AXIS2_PLACEMENT_3D('',#1340,#1341,#1342);
#1340 = CARTESIAN_POINT('',(0.,-0.732107220287,0.));
#1341 = DIRECTION('',(-0.,1.,0.));
#1342 = DIRECTION('',(1.,0.,0.));
#1343 = ORIENTED_EDGE('',*,*,#1344,.T.);
#1344 = EDGE_CURVE('',#1336,#1326,#1345,.T.);
#1345 = B_SPLINE_CURVE_WITH_KNOTS('',4,(#1346,#1347,#1348,#1349,#1350),
  .UNSPECIFIED.,.F.,.F.,(5,5),(-82.71755488252,-73.70311241833),
  .PIECEWISE_BEZIER_KNOTS.);
#1346 = CARTESIAN_POINT('',(-3.02414777726,-0.732107220287,
    -3.195682191606));
#1347 = CARTESIAN_POINT('',(-3.037173617436,-0.618503439902,
    -3.065851215155));
#1348 = CARTESIAN_POINT('',(-3.049839517466,-0.515211890901,
    -2.942964422678));
#1349 = CARTESIAN_POINT('',(-3.062132152501,-0.420548813833,
    -2.825742336195));
#1350 = CARTESIAN_POINT('',(-3.074012753639,-0.333432483851,
    -2.713382569643));
#1351 = CONICAL_SURFACE('',#1352,4.,0.64431340044);
#1352 = AXIS2_PLACEMENT_3D('',#1353,#1354,#1355);
#1353 = CARTESIAN_POINT('',(0.,-0.2,0.));
#1354 = DIRECTION('',(0.,-1.,0.));
#1355 = DIRECTION('',(1.,0.,0.));
#1356 = ADVANCED_FACE('',(#1357),#1399,.T.);
#1357 = FACE_BOUND('',#1358,.T.);
#1358 = EDGE_LOOP('',(#1359,#1376,#1377,#1378,#1387));
#1359 = ORIENTED_EDGE('',*,*,#1360,.F.);
#1360 = EDGE_CURVE('',#1336,#1361,#1363,.T.);
#1361 = VERTEX_POINT('',#1362);
#1362 = CARTESIAN_POINT('',(-3.314776387824,-0.990272566039,
    -3.040762296701));
#1363 = B_SPLINE_CURVE_WITH_KNOTS('',5,(#1364,#1365,#1366,#1367,#1368,
    #1369,#1370,#1371,#1372,#1373,#1374,#1375),.UNSPECIFIED.,.F.,.F.,(6,
    3,3,6),(0.,0.347676225883,0.695352451767,1.086234592936),
  .UNSPECIFIED.);
#1364 = CARTESIAN_POINT('',(-3.02414777726,-0.732107220287,
    -3.195682191606));
#1365 = CARTESIAN_POINT('',(-3.043630226803,-0.744574235446,
    -3.190140565604));
#1366 = CARTESIAN_POINT('',(-3.062982744543,-0.757565369215,
    -3.184091066376));
#1367 = CARTESIAN_POINT('',(-3.081766012892,-0.770807970427,
    -3.177622886093));
#1368 = CARTESIAN_POINT('',(-3.118702708484,-0.798047721723,
    -3.163762041456));
#1369 = CARTESIAN_POINT('',(-3.15523907006,-0.827676125436,
    -3.147426723971));
#1370 = CARTESIAN_POINT('',(-3.173632438682,-0.84329914326,
    -3.138497735055));
#1371 = CARTESIAN_POINT('',(-3.213326647212,-0.878827209842,
    -3.117349010117));
#1372 = CARTESIAN_POINT('',(-3.252854687223,-0.918544207478,
    -3.091672143529));
#1373 = CARTESIAN_POINT('',(-3.273328202993,-0.940513279233,
    -3.076835014765));
#1374 = CARTESIAN_POINT('',(-3.293946384947,-0.964154103565,
    -3.060199874401));
#1375 = CARTESIAN_POINT('',(-3.314776387824,-0.990272566039,
    -3.040762296701));
#1376 = ORIENTED_EDGE('',*,*,#1335,.F.);
#1377 = ORIENTED_EDGE('',*,*,#1252,.T.);
#1378 = ORIENTED_EDGE('',*,*,#1379,.T.);
#1379 = EDGE_CURVE('',#1204,#1380,#1382,.T.);
#1380 = VERTEX_POINT('',#1381);
#1381 = CARTESIAN_POINT('',(-3.160742650832,-1.145617966998,
    -3.184816895888));
#1382 = CIRCLE('',#1383,4.487020477457);
#1383 = AXIS2_PLACEMENT_3D('',#1384,#1385,#1386);
#1384 = CARTESIAN_POINT('',(0.,-1.145617966998,0.));
#1385 = DIRECTION('',(-0.,1.,0.));
#1386 = DIRECTION('',(1.,0.,0.));
#1387 = ORIENTED_EDGE('',*,*,#1388,.F.);
#1388 = EDGE_CURVE('',#1361,#1380,#1389,.T.);
#1389 = B_SPLINE_CURVE_WITH_KNOTS('',5,(#1390,#1391,#1392,#1393,#1394,
    #1395,#1396,#1397,#1398),.UNSPECIFIED.,.F.,.F.,(6,3,6),(0.,
    0.619648800923,0.752748953394),.UNSPECIFIED.);
#1390 = CARTESIAN_POINT('',(-3.314776387824,-0.990272566039,
    -3.040762296701));
#1391 = CARTESIAN_POINT('',(-3.2923927927,-1.017050232329,
    -3.068514969355));
#1392 = CARTESIAN_POINT('',(-3.268697073769,-1.043323152216,
    -3.094434000444));
#1393 = CARTESIAN_POINT('',(-3.243764113287,-1.06910991538,
    -3.118726189862));
#1394 = CARTESIAN_POINT('',(-3.212109991744,-1.09983477416,
    -3.146310133007));
#1395 = CARTESIAN_POINT('',(-3.178730672859,-1.129841336031,
    -3.171753619232));
#1396 = CARTESIAN_POINT('',(-3.172803145237,-1.135119063477,
    -3.176159637006));
#1397 = CARTESIAN_POINT('',(-3.166798085977,-1.140380776428,
    -3.180522048807));
#1398 = CARTESIAN_POINT('',(-3.160742650832,-1.145617966998,
    -3.184816895888));
#1399 = TOROIDAL_SURFACE('',#1400,4.,0.5);
#1400 = AXIS2_PLACEMENT_3D('',#1401,#1402,#1403);
#1401 = CARTESIAN_POINT('',(0.,-1.032432037938,0.));
#1402 = DIRECTION('',(0.,1.,0.));
#1403 = DIRECTION('',(1.,0.,0.));
#1404 = ADVANCED_FACE('',(#1405),#1521,.T.);
#1405 = FACE_BOUND('',#1406,.T.);
#1406 = EDGE_LOOP('',(#1407,#1408,#1409,#1416,#1417,#1426,#1440,#1447,
    #1448,#1455,#1456,#1465,#1497));
#1407 = ORIENTED_EDGE('',*,*,#1379,.F.);
#1408 = ORIENTED_EDGE('',*,*,#1203,.T.);
#1409 = ORIENTED_EDGE('',*,*,#1410,.T.);
#1410 = EDGE_CURVE('',#1195,#505,#1411,.T.);
#1411 = CIRCLE('',#1412,2.922122864744);
#1412 = AXIS2_PLACEMENT_3D('',#1413,#1414,#1415);
#1413 = CARTESIAN_POINT('',(0.,-7.879115574362,0.));
#1414 = DIRECTION('',(-0.,1.,0.));
#1415 = DIRECTION('',(1.,0.,0.));
#1416 = ORIENTED_EDGE('',*,*,#645,.F.);
#1417 = ORIENTED_EDGE('',*,*,#1418,.F.);
#1418 = EDGE_CURVE('',#1419,#637,#1421,.T.);
#1419 = VERTEX_POINT('',#1420);
#1420 = CARTESIAN_POINT('',(-1.499999999999,-1.145617966998,
    4.228871334662));
#1421 = CIRCLE('',#1422,4.487020477457);
#1422 = AXIS2_PLACEMENT_3D('',#1423,#1424,#1425);
#1423 = CARTESIAN_POINT('',(0.,-1.145617966998,0.));
#1424 = DIRECTION('',(-0.,1.,0.));
#1425 = DIRECTION('',(1.,0.,0.));
#1426 = ORIENTED_EDGE('',*,*,#1427,.F.);
#1427 = EDGE_CURVE('',#1428,#1419,#1430,.T.);
#1428 = VERTEX_POINT('',#1429);
#1429 = CARTESIAN_POINT('',(-1.5,-7.679115574362,2.561758916698));
#1430 = B_SPLINE_CURVE_WITH_KNOTS('',5,(#1431,#1432,#1433,#1434,#1435,
    #1436,#1437,#1438,#1439),.UNSPECIFIED.,.F.,.F.,(6,3,6),(0.,
    20.699368407,21.231598538211),.UNSPECIFIED.);
#1431 = CARTESIAN_POINT('',(-1.5,-7.679115574362,2.561758916698));
#1432 = CARTESIAN_POINT('',(-1.5,-6.818502494448,2.793534213062));
#1433 = CARTESIAN_POINT('',(-1.5,-5.803606733165,3.06016757581));
#1434 = CARTESIAN_POINT('',(-1.5,-4.58552913088,3.37306288931));
#1435 = CARTESIAN_POINT('',(-1.5,-3.072722099186,3.753155605317));
#1436 = CARTESIAN_POINT('',(-1.5,-1.281383892089,4.195380129682));
#1437 = CARTESIAN_POINT('',(-1.5,-1.236302557596,4.206505104026));
#1438 = CARTESIAN_POINT('',(-1.5,-1.191047672954,4.217668737391));
#1439 = CARTESIAN_POINT('',(-1.499999999999,-1.145617966998,
    4.228871334662));
#1440 = ORIENTED_EDGE('',*,*,#1441,.F.);
#1441 = EDGE_CURVE('',#1075,#1428,#1442,.T.);
#1442 = CIRCLE('',#1443,2.96860383805);
#1443 = AXIS2_PLACEMENT_3D('',#1444,#1445,#1446);
#1444 = CARTESIAN_POINT('',(0.,-7.679115574362,0.));
#1445 = DIRECTION('',(0.,1.,0.));
#1446 = DIRECTION('',(0.,0.,-1.));
#1447 = ORIENTED_EDGE('',*,*,#1074,.T.);
#1448 = ORIENTED_EDGE('',*,*,#1449,.F.);
#1449 = EDGE_CURVE('',#910,#1064,#1450,.T.);
#1450 = CIRCLE('',#1451,3.870204774573);
#1451 = AXIS2_PLACEMENT_3D('',#1452,#1453,#1454);
#1452 = CARTESIAN_POINT('',(0.,-3.799674708994,0.));
#1453 = DIRECTION('',(-0.,1.,0.));
#1454 = DIRECTION('',(1.,0.,0.));
#1455 = ORIENTED_EDGE('',*,*,#909,.F.);
#1456 = ORIENTED_EDGE('',*,*,#1457,.T.);
#1457 = EDGE_CURVE('',#901,#1458,#1460,.T.);
#1458 = VERTEX_POINT('',#1459);
#1459 = CARTESIAN_POINT('',(-3.316123406827,-6.050411817728,
    -0.454482888578));
#1460 = B_SPLINE_CURVE_WITH_KNOTS('',3,(#1461,#1462,#1463,#1464),
  .UNSPECIFIED.,.F.,.F.,(4,4),(0.,1.),.PIECEWISE_BEZIER_KNOTS.);
#1461 = CARTESIAN_POINT('',(-3.316702834352,-6.05054772146,-0.45));
#1462 = CARTESIAN_POINT('',(-3.316504044028,-6.050500861673,
    -0.451545935477));
#1463 = CARTESIAN_POINT('',(-3.316314213101,-6.050456339701,
    -0.453014471934));
#1464 = CARTESIAN_POINT('',(-3.316123406827,-6.050411817728,
    -0.454482888578));
#1465 = ORIENTED_EDGE('',*,*,#1466,.T.);
#1466 = EDGE_CURVE('',#1458,#1467,#1469,.T.);
#1467 = VERTEX_POINT('',#1468);
#1468 = CARTESIAN_POINT('',(-3.430264964411,-5.408595407205,
    -0.676239854669));
#1469 = B_SPLINE_CURVE_WITH_KNOTS('',5,(#1470,#1471,#1472,#1473,#1474,
    #1475,#1476,#1477,#1478,#1479,#1480,#1481,#1482,#1483,#1484,#1485,
    #1486,#1487,#1488,#1489,#1490,#1491,#1492,#1493,#1494,#1495,#1496),
  .UNSPECIFIED.,.F.,.F.,(6,3,3,3,3,3,3,3,6),(0.,3.680932215203E-02,
    5.70636094418E-02,8.760347601179E-02,0.166846714927,0.430944723725,
    1.440374301992,3.616279054848,6.091129745069),.UNSPECIFIED.);
#1470 = CARTESIAN_POINT('',(-3.316123406827,-6.050411817728,
    -0.454482888578));
#1471 = CARTESIAN_POINT('',(-3.317122095409,-6.046153284754,
    -0.4544848364));
#1472 = CARTESIAN_POINT('',(-3.318116903341,-6.041893841709,
    -0.454486784223));
#1473 = CARTESIAN_POINT('',(-3.319402100007,-6.036369989135,
    -0.4545513962));
#1474 = CARTESIAN_POINT('',(-3.32121953317,-6.028512364712,
    -0.454805072217));
#1475 = CARTESIAN_POINT('',(-3.323023760489,-6.020651700912,
    -0.455058748235));
#1476 = CARTESIAN_POINT('',(-3.323685665254,-6.01775928496,
    -0.455181516556));
#1477 = CARTESIAN_POINT('',(-3.325174777415,-6.011236047124,
    -0.455509279825));
#1478 = CARTESIAN_POINT('',(-3.326654795242,-6.00471073857,
    -0.455837043093));
#1479 = CARTESIAN_POINT('',(-3.327432425875,-6.001267189623,
    -0.456082281613));
#1480 = CARTESIAN_POINT('',(-3.33013891816,-5.989247482346,
    -0.456907131018));
#1481 = CARTESIAN_POINT('',(-3.332329490752,-5.979395698428,
    -0.457784911479));
#1482 = CARTESIAN_POINT('',(-3.333767041717,-5.972890500187,
    -0.45842890978));
#1483 = CARTESIAN_POINT('',(-3.33931990883,-5.947614568677,
    -0.461166761443));
#1484 = CARTESIAN_POINT('',(-3.343047569362,-5.930125956083,
    -0.463880954814));
#1485 = CARTESIAN_POINT('',(-3.34573425967,-5.917448381399,
    -0.465952571924));
#1486 = CARTESIAN_POINT('',(-3.356919802597,-5.863926304093,
    -0.475791445593));
#1487 = CARTESIAN_POINT('',(-3.363420334731,-5.830435272118,
    -0.485334918465));
#1488 = CARTESIAN_POINT('',(-3.367469586939,-5.809681635042,
    -0.491017803082));
#1489 = CARTESIAN_POINT('',(-3.38147516541,-5.735211205078,
    -0.514696660997));
#1490 = CARTESIAN_POINT('',(-3.391204415444,-5.678368828976,
    -0.53812923584));
#1491 = CARTESIAN_POINT('',(-3.396863251442,-5.644198239538,
    -0.552965504195));
#1492 = CARTESIAN_POINT('',(-3.408399102826,-5.571120670649,
    -0.587163466769));
#1493 = CARTESIAN_POINT('',(-3.417720186666,-5.505817688422,
    -0.621402392755));
#1494 = CARTESIAN_POINT('',(-3.422248086587,-5.472441315924,
    -0.639649232399));
#1495 = CARTESIAN_POINT('',(-3.4264133372,-5.440100440395,
    -0.657927619624));
#1496 = CARTESIAN_POINT('',(-3.430264964411,-5.408595407205,
    -0.676239854669));
#1497 = ORIENTED_EDGE('',*,*,#1498,.T.);
#1498 = EDGE_CURVE('',#1467,#1380,#1499,.T.);
#1499 = B_SPLINE_CURVE_WITH_KNOTS('',3,(#1500,#1501,#1502,#1503,#1504,
    #1505,#1506,#1507,#1508,#1509,#1510,#1511,#1512,#1513,#1514,#1515,
    #1516,#1517,#1518,#1519,#1520),.UNSPECIFIED.,.F.,.F.,(4,2,1,1,2,2,2,
    1,1,1,2,2,4),(0.,0.125,0.1875,0.21875,0.234375,0.25,0.375,0.4375,
    0.46875,0.484375,0.4921875,0.5,1.),.UNSPECIFIED.);
#1500 = CARTESIAN_POINT('',(-3.430264964411,-5.408595407205,
    -0.676239854669));
#1501 = CARTESIAN_POINT('',(-3.425412007078,-5.353524097423,
    -0.767015952306));
#1502 = CARTESIAN_POINT('',(-3.419674578884,-5.287785598204,
    -0.857168123397));
#1503 = CARTESIAN_POINT('',(-3.40993667973,-5.173176423622,
    -0.991894660213));
#1504 = CARTESIAN_POINT('',(-3.404783402127,-5.111871479892,
    -1.05913218925));
#1505 = CARTESIAN_POINT('',(-3.398303597545,-5.033348421773,
    -1.137446959486));
#1506 = CARTESIAN_POINT('',(-3.3954287598,-4.998195548915,-1.17099222335
    ));
#1507 = CARTESIAN_POINT('',(-3.393490725754,-4.974426937306,
    -1.193352724014));
#1508 = CARTESIAN_POINT('',(-3.3925920299,-4.963375904535,
    -1.203616627902));
#1509 = CARTESIAN_POINT('',(-3.38294915649,-4.844417293998,
    -1.312450029742));
#1510 = CARTESIAN_POINT('',(-3.373635693443,-4.726695047756,
    -1.408634010563));
#1511 = CARTESIAN_POINT('',(-3.358806271989,-4.532139789745,
    -1.552527976026));
#1512 = CARTESIAN_POINT('',(-3.351175582331,-4.430369188577,
    -1.624378814007));
#1513 = CARTESIAN_POINT('',(-3.341940074459,-4.303774119266,
    -1.708128373457));
#1514 = CARTESIAN_POINT('',(-3.33724404298,-4.238510909289,
    -1.749994944794));
#1515 = CARTESIAN_POINT('',(-3.335215209125,-4.210119746016,
    -1.767937154686));
#1516 = CARTESIAN_POINT('',(-3.333859099172,-4.191098700247,
    -1.779898619645));
#1517 = CARTESIAN_POINT('',(-3.333312079608,-4.183412828834,
    -1.784713936134));
#1518 = CARTESIAN_POINT('',(-3.280376518064,-3.437500146004,
    -2.249216871095));
#1519 = CARTESIAN_POINT('',(-3.218991512761,-2.428727051971,
    -2.706879611444));
#1520 = CARTESIAN_POINT('',(-3.160742650832,-1.145617966998,
    -3.184816895888));
#1521 = CONICAL_SURFACE('',#1522,2.922122864744,0.228351225557);
#1522 = AXIS2_PLACEMENT_3D('',#1523,#1524,#1525);
#1523 = CARTESIAN_POINT('',(0.,-7.879115574362,0.));
#1524 = DIRECTION('',(0.,1.,0.));
#1525 = DIRECTION('',(1.,0.,0.));
#1526 = ADVANCED_FACE('',(#1527),#1539,.T.);
#1527 = FACE_BOUND('',#1528,.T.);
#1528 = EDGE_LOOP('',(#1529,#1530,#1531,#1532));
#1529 = ORIENTED_EDGE('',*,*,#920,.F.);
#1530 = ORIENTED_EDGE('',*,*,#1449,.T.);
#1531 = ORIENTED_EDGE('',*,*,#1063,.T.);
#1532 = ORIENTED_EDGE('',*,*,#1533,.F.);
#1533 = EDGE_CURVE('',#921,#1056,#1534,.T.);
#1534 = CIRCLE('',#1535,4.);
#1535 = AXIS2_PLACEMENT_3D('',#1536,#1537,#1538);
#1536 = CARTESIAN_POINT('',(0.,-2.66781541839,0.));
#1537 = DIRECTION('',(-0.,1.,0.));
#1538 = DIRECTION('',(1.,0.,0.));
#1539 = ( BOUNDED_SURFACE() B_SPLINE_SURFACE(2,2,(
    (#1540,#1541,#1542)
    ,(#1543,#1544,#1545)
    ,(#1546,#1547,#1548
)),.UNSPECIFIED.,.F.,.F.,.F.) B_SPLINE_SURFACE_WITH_KNOTS((3,3),(3,3),(
    39.269908169833,40.411664297697),(0.,0.48615613951),
.PIECEWISE_BEZIER_KNOTS.) GEOMETRIC_REPRESENTATION_ITEM() 
RATIONAL_B_SPLINE_SURFACE((
    (1.,0.970601709269,1.)
    ,(0.993489042444,0.964282162735,0.993489042444)
,(1.,0.970601709269,1.))) REPRESENTATION_ITEM('') SURFACE() );
#1540 = CARTESIAN_POINT('',(-3.882406837074,-2.667815418351,
    -0.962765366763));
#1541 = CARTESIAN_POINT('',(-4.121154910199,-2.667815418351,
    4.750644322371E-13));
#1542 = CARTESIAN_POINT('',(-3.882406837074,-2.667815418351,
    0.962765366764));
#1543 = CARTESIAN_POINT('',(-3.882406837079,-3.241187155075,
    -0.962765366764));
#1544 = CARTESIAN_POINT('',(-4.121154910204,-3.241187155075,
    4.750644322371E-13));
#1545 = CARTESIAN_POINT('',(-3.882406837079,-3.241187155075,
    0.962765366765));
#1546 = CARTESIAN_POINT('',(-3.756427369411,-3.799674709034,
    -0.931524779807));
#1547 = CARTESIAN_POINT('',(-3.987428352543,-3.799674709034,
    4.596323321948E-13));
#1548 = CARTESIAN_POINT('',(-3.756427369411,-3.799674709034,
    0.931524779808));
#1549 = ADVANCED_FACE('',(#1550),#1557,.T.);
#1550 = FACE_BOUND('',#1551,.T.);
#1551 = EDGE_LOOP('',(#1552,#1553,#1554,#1555,#1556));
#1552 = ORIENTED_EDGE('',*,*,#931,.F.);
#1553 = ORIENTED_EDGE('',*,*,#1533,.T.);
#1554 = ORIENTED_EDGE('',*,*,#1055,.T.);
#1555 = ORIENTED_EDGE('',*,*,#787,.F.);
#1556 = ORIENTED_EDGE('',*,*,#825,.F.);
#1557 = CYLINDRICAL_SURFACE('',#1558,4.);
#1558 = AXIS2_PLACEMENT_3D('',#1559,#1560,#1561);
#1559 = CARTESIAN_POINT('',(0.,-3.95,0.));
#1560 = DIRECTION('',(0.,-1.,0.));
#1561 = DIRECTION('',(1.,0.,0.));
#1562 = ADVANCED_FACE('',(#1563),#1589,.T.);
#1563 = FACE_BOUND('',#1564,.T.);
#1564 = EDGE_LOOP('',(#1565,#1566,#1574,#1582,#1588));
#1565 = ORIENTED_EDGE('',*,*,#1441,.T.);
#1566 = ORIENTED_EDGE('',*,*,#1567,.F.);
#1567 = EDGE_CURVE('',#1568,#1428,#1570,.T.);
#1568 = VERTEX_POINT('',#1569);
#1569 = CARTESIAN_POINT('',(-1.5,-7.679115574362,2.455278399856));
#1570 = LINE('',#1571,#1572);
#1571 = CARTESIAN_POINT('',(-1.5,-7.679115574362,2.508518658277));
#1572 = VECTOR('',#1573,1.);
#1573 = DIRECTION('',(0.,0.,1.));
#1574 = ORIENTED_EDGE('',*,*,#1575,.F.);
#1575 = EDGE_CURVE('',#1576,#1568,#1578,.T.);
#1576 = VERTEX_POINT('',#1577);
#1577 = CARTESIAN_POINT('',(1.5,-7.679115574362,2.455278399856));
#1578 = LINE('',#1579,#1580);
#1579 = CARTESIAN_POINT('',(0.,-7.679115574362,2.455278399856));
#1580 = VECTOR('',#1581,1.);
#1581 = DIRECTION('',(-1.,0.,0.));
#1582 = ORIENTED_EDGE('',*,*,#1583,.T.);
#1583 = EDGE_CURVE('',#1576,#1086,#1584,.T.);
#1584 = LINE('',#1585,#1586);
#1585 = CARTESIAN_POINT('',(1.5,-7.679115574362,1.452639199928));
#1586 = VECTOR('',#1587,1.);
#1587 = DIRECTION('',(0.,0.,-1.));
#1588 = ORIENTED_EDGE('',*,*,#1085,.F.);
#1589 = PLANE('',#1590);
#1590 = AXIS2_PLACEMENT_3D('',#1591,#1592,#1593);
#1591 = CARTESIAN_POINT('',(0.,-7.679115574362,2.455278399856));
#1592 = DIRECTION('',(0.,1.,0.));
#1593 = DIRECTION('',(0.,0.,-1.));
#1594 = ADVANCED_FACE('',(#1595),#1620,.F.);
#1595 = FACE_BOUND('',#1596,.T.);
#1596 = EDGE_LOOP('',(#1597,#1605,#1613,#1619));
#1597 = ORIENTED_EDGE('',*,*,#1598,.T.);
#1598 = EDGE_CURVE('',#1568,#1599,#1601,.T.);
#1599 = VERTEX_POINT('',#1600);
#1600 = CARTESIAN_POINT('',(-1.5,-6.410976896608,2.75));
#1601 = LINE('',#1602,#1603);
#1602 = CARTESIAN_POINT('',(-1.5,-7.045046235484,2.602639199928));
#1603 = VECTOR('',#1604,1.);
#1604 = DIRECTION('',(0.,0.974040954915,0.226371858121));
#1605 = ORIENTED_EDGE('',*,*,#1606,.F.);
#1606 = EDGE_CURVE('',#1607,#1599,#1609,.T.);
#1607 = VERTEX_POINT('',#1608);
#1608 = CARTESIAN_POINT('',(1.5,-6.410976896608,2.75));
#1609 = LINE('',#1610,#1611);
#1610 = CARTESIAN_POINT('',(0.,-6.410976896608,2.75));
#1611 = VECTOR('',#1612,1.);
#1612 = DIRECTION('',(-1.,0.,0.));
#1613 = ORIENTED_EDGE('',*,*,#1614,.T.);
#1614 = EDGE_CURVE('',#1607,#1576,#1615,.T.);
#1615 = LINE('',#1616,#1617);
#1616 = CARTESIAN_POINT('',(1.5,-7.045046235485,2.602639199928));
#1617 = VECTOR('',#1618,1.);
#1618 = DIRECTION('',(0.,-0.974040954915,-0.226371858121));
#1619 = ORIENTED_EDGE('',*,*,#1575,.T.);
#1620 = PLANE('',#1621);
#1621 = AXIS2_PLACEMENT_3D('',#1622,#1623,#1624);
#1622 = CARTESIAN_POINT('',(0.,-7.679115574362,2.455278399856));
#1623 = DIRECTION('',(0.,-0.226371858121,0.974040954915));
#1624 = DIRECTION('',(0.,0.974040954915,0.226371858121));
#1625 = ADVANCED_FACE('',(#1626),#1659,.F.);
#1626 = FACE_BOUND('',#1627,.T.);
#1627 = EDGE_LOOP('',(#1628,#1638,#1644,#1645,#1653));
#1628 = ORIENTED_EDGE('',*,*,#1629,.F.);
#1629 = EDGE_CURVE('',#1630,#1632,#1634,.T.);
#1630 = VERTEX_POINT('',#1631);
#1631 = CARTESIAN_POINT('',(1.5,0.8,2.75));
#1632 = VERTEX_POINT('',#1633);
#1633 = CARTESIAN_POINT('',(1.5,1.3,2.75));
#1634 = LINE('',#1635,#1636);
#1635 = CARTESIAN_POINT('',(1.5,1.05,2.75));
#1636 = VECTOR('',#1637,1.);
#1637 = DIRECTION('',(0.,1.,0.));
#1638 = ORIENTED_EDGE('',*,*,#1639,.T.);
#1639 = EDGE_CURVE('',#1630,#1607,#1640,.T.);
#1640 = LINE('',#1641,#1642);
#1641 = CARTESIAN_POINT('',(1.5,-2.805488448304,2.75));
#1642 = VECTOR('',#1643,1.);
#1643 = DIRECTION('',(0.,-1.,0.));
#1644 = ORIENTED_EDGE('',*,*,#1606,.T.);
#1645 = ORIENTED_EDGE('',*,*,#1646,.T.);
#1646 = EDGE_CURVE('',#1599,#1647,#1649,.T.);
#1647 = VERTEX_POINT('',#1648);
#1648 = CARTESIAN_POINT('',(-1.5,1.3,2.75));
#1649 = LINE('',#1650,#1651);
#1650 = CARTESIAN_POINT('',(-1.5,-2.555488448304,2.75));
#1651 = VECTOR('',#1652,1.);
#1652 = DIRECTION('',(0.,1.,0.));
#1653 = ORIENTED_EDGE('',*,*,#1654,.F.);
#1654 = EDGE_CURVE('',#1632,#1647,#1655,.T.);
#1655 = LINE('',#1656,#1657);
#1656 = CARTESIAN_POINT('',(0.,1.3,2.75));
#1657 = VECTOR('',#1658,1.);
#1658 = DIRECTION('',(-1.,0.,0.));
#1659 = PLANE('',#1660);
#1660 = AXIS2_PLACEMENT_3D('',#1661,#1662,#1663);
#1661 = CARTESIAN_POINT('',(0.,-6.410976896608,2.75));
#1662 = DIRECTION('',(0.,-0.,1.));
#1663 = DIRECTION('',(0.,1.,0.));
#1664 = ADVANCED_FACE('',(#1665),#1690,.T.);
#1665 = FACE_BOUND('',#1666,.T.);
#1666 = EDGE_LOOP('',(#1667,#1675,#1676,#1684));
#1667 = ORIENTED_EDGE('',*,*,#1668,.F.);
#1668 = EDGE_CURVE('',#1630,#1669,#1671,.T.);
#1669 = VERTEX_POINT('',#1670);
#1670 = CARTESIAN_POINT('',(1.5,0.8,3.708099243548));
#1671 = LINE('',#1672,#1673);
#1672 = CARTESIAN_POINT('',(1.5,0.8,3.229049621774));
#1673 = VECTOR('',#1674,1.);
#1674 = DIRECTION('',(0.,0.,1.));
#1675 = ORIENTED_EDGE('',*,*,#1629,.T.);
#1676 = ORIENTED_EDGE('',*,*,#1677,.F.);
#1677 = EDGE_CURVE('',#1678,#1632,#1680,.T.);
#1678 = VERTEX_POINT('',#1679);
#1679 = CARTESIAN_POINT('',(1.5,1.3,3.708099243548));
#1680 = LINE('',#1681,#1682);
#1681 = CARTESIAN_POINT('',(1.5,1.3,3.229049621774));
#1682 = VECTOR('',#1683,1.);
#1683 = DIRECTION('',(0.,0.,-1.));
#1684 = ORIENTED_EDGE('',*,*,#1685,.F.);
#1685 = EDGE_CURVE('',#1669,#1678,#1686,.T.);
#1686 = LINE('',#1687,#1688);
#1687 = CARTESIAN_POINT('',(1.5,0.55,3.708099243548));
#1688 = VECTOR('',#1689,1.);
#1689 = DIRECTION('',(0.,1.,0.));
#1690 = PLANE('',#1691);
#1691 = AXIS2_PLACEMENT_3D('',#1692,#1693,#1694);
#1692 = CARTESIAN_POINT('',(1.5,0.,0.));
#1693 = DIRECTION('',(1.,0.,0.));
#1694 = DIRECTION('',(-0.,1.,0.));
#1695 = ADVANCED_FACE('',(#1696),#1740,.T.);
#1696 = FACE_BOUND('',#1697,.T.);
#1697 = EDGE_LOOP('',(#1698,#1708,#1717,#1725,#1732,#1733));
#1698 = ORIENTED_EDGE('',*,*,#1699,.F.);
#1699 = EDGE_CURVE('',#1700,#1702,#1704,.T.);
#1700 = VERTEX_POINT('',#1701);
#1701 = CARTESIAN_POINT('',(-1.5,-3.310766620105E-02,3.708099243548));
#1702 = VERTEX_POINT('',#1703);
#1703 = CARTESIAN_POINT('',(-1.5,1.3,3.708099243548));
#1704 = LINE('',#1705,#1706);
#1705 = CARTESIAN_POINT('',(-1.5,0.633446166899,3.708099243548));
#1706 = VECTOR('',#1707,1.);
#1707 = DIRECTION('',(0.,1.,0.));
#1708 = ORIENTED_EDGE('',*,*,#1709,.F.);
#1709 = EDGE_CURVE('',#1710,#1700,#1712,.T.);
#1710 = VERTEX_POINT('',#1711);
#1711 = CARTESIAN_POINT('',(1.917702154417,-3.310766620105E-02,
    3.510330247561));
#1712 = CIRCLE('',#1713,4.);
#1713 = AXIS2_PLACEMENT_3D('',#1714,#1715,#1716);
#1714 = CARTESIAN_POINT('',(0.,-3.310766620105E-02,0.));
#1715 = DIRECTION('',(0.,-1.,0.));
#1716 = DIRECTION('',(1.,0.,0.));
#1717 = ORIENTED_EDGE('',*,*,#1718,.F.);
#1718 = EDGE_CURVE('',#1719,#1710,#1721,.T.);
#1719 = VERTEX_POINT('',#1720);
#1720 = CARTESIAN_POINT('',(1.917702154417,0.8,3.510330247561));
#1721 = LINE('',#1722,#1723);
#1722 = CARTESIAN_POINT('',(1.917702154417,0.55,3.510330247561));
#1723 = VECTOR('',#1724,1.);
#1724 = DIRECTION('',(0.,-1.,0.));
#1725 = ORIENTED_EDGE('',*,*,#1726,.F.);
#1726 = EDGE_CURVE('',#1669,#1719,#1727,.T.);
#1727 = CIRCLE('',#1728,4.);
#1728 = AXIS2_PLACEMENT_3D('',#1729,#1730,#1731);
#1729 = CARTESIAN_POINT('',(0.,0.8,0.));
#1730 = DIRECTION('',(-0.,1.,0.));
#1731 = DIRECTION('',(1.,0.,0.));
#1732 = ORIENTED_EDGE('',*,*,#1685,.T.);
#1733 = ORIENTED_EDGE('',*,*,#1734,.F.);
#1734 = EDGE_CURVE('',#1702,#1678,#1735,.T.);
#1735 = CIRCLE('',#1736,4.);
#1736 = AXIS2_PLACEMENT_3D('',#1737,#1738,#1739);
#1737 = CARTESIAN_POINT('',(0.,1.3,0.));
#1738 = DIRECTION('',(-0.,1.,0.));
#1739 = DIRECTION('',(1.,0.,0.));
#1740 = CYLINDRICAL_SURFACE('',#1741,4.);
#1741 = AXIS2_PLACEMENT_3D('',#1742,#1743,#1744);
#1742 = CARTESIAN_POINT('',(0.,-1.8,0.));
#1743 = DIRECTION('',(0.,-1.,0.));
#1744 = DIRECTION('',(1.,0.,0.));
#1745 = ADVANCED_FACE('',(#1746),#1773,.T.);
#1746 = FACE_BOUND('',#1747,.T.);
#1747 = EDGE_LOOP('',(#1748,#1757,#1758,#1767));
#1748 = ORIENTED_EDGE('',*,*,#1749,.F.);
#1749 = EDGE_CURVE('',#1719,#1750,#1752,.T.);
#1750 = VERTEX_POINT('',#1751);
#1751 = CARTESIAN_POINT('',(3.299475865069,0.8,2.261295870918));
#1752 = CIRCLE('',#1753,4.);
#1753 = AXIS2_PLACEMENT_3D('',#1754,#1755,#1756);
#1754 = CARTESIAN_POINT('',(0.,0.8,0.));
#1755 = DIRECTION('',(-0.,1.,0.));
#1756 = DIRECTION('',(1.,0.,0.));
#1757 = ORIENTED_EDGE('',*,*,#1718,.T.);
#1758 = ORIENTED_EDGE('',*,*,#1759,.F.);
#1759 = EDGE_CURVE('',#1760,#1710,#1762,.T.);
#1760 = VERTEX_POINT('',#1761);
#1761 = CARTESIAN_POINT('',(3.299475865069,-3.310766620105E-02,
    2.261295870918));
#1762 = CIRCLE('',#1763,4.);
#1763 = AXIS2_PLACEMENT_3D('',#1764,#1765,#1766);
#1764 = CARTESIAN_POINT('',(0.,-3.310766620105E-02,0.));
#1765 = DIRECTION('',(0.,-1.,0.));
#1766 = DIRECTION('',(1.,0.,0.));
#1767 = ORIENTED_EDGE('',*,*,#1768,.T.);
#1768 = EDGE_CURVE('',#1760,#1750,#1769,.T.);
#1769 = LINE('',#1770,#1771);
#1770 = CARTESIAN_POINT('',(3.299475865069,0.55,2.261295870918));
#1771 = VECTOR('',#1772,1.);
#1772 = DIRECTION('',(0.,1.,0.));
#1773 = CYLINDRICAL_SURFACE('',#1774,4.);
#1774 = AXIS2_PLACEMENT_3D('',#1775,#1776,#1777);
#1775 = CARTESIAN_POINT('',(0.,-1.8,0.));
#1776 = DIRECTION('',(0.,-1.,0.));
#1777 = DIRECTION('',(1.,0.,0.));
#1778 = ADVANCED_FACE('',(#1779),#1818,.F.);
#1779 = FACE_BOUND('',#1780,.F.);
#1780 = EDGE_LOOP('',(#1781,#1792,#1799,#1800));
#1781 = ORIENTED_EDGE('',*,*,#1782,.T.);
#1782 = EDGE_CURVE('',#1783,#1785,#1787,.T.);
#1783 = VERTEX_POINT('',#1784);
#1784 = CARTESIAN_POINT('',(3.074012753639,-0.333432483851,
    2.713382569643));
#1785 = VERTEX_POINT('',#1786);
#1786 = CARTESIAN_POINT('',(1.965761601539,-0.333432483851,
    3.598302475431));
#1787 = CIRCLE('',#1788,4.100243819431);
#1788 = AXIS2_PLACEMENT_3D('',#1789,#1790,#1791);
#1789 = CARTESIAN_POINT('',(0.,-0.333432483851,0.));
#1790 = DIRECTION('',(0.,-1.,0.));
#1791 = DIRECTION('',(1.,0.,0.));
#1792 = ORIENTED_EDGE('',*,*,#1793,.F.);
#1793 = EDGE_CURVE('',#1710,#1785,#1794,.T.);
#1794 = CIRCLE('',#1795,0.5);
#1795 = AXIS2_PLACEMENT_3D('',#1796,#1797,#1798);
#1796 = CARTESIAN_POINT('',(2.157414923719,-3.310766620105E-02,
    3.949121528507));
#1797 = DIRECTION('',(-0.87758256189,3.672553187053E-18,0.479425538604)
  );
#1798 = DIRECTION('',(0.479425538604,9.629649721936E-34,0.87758256189));
#1799 = ORIENTED_EDGE('',*,*,#1759,.F.);
#1800 = ORIENTED_EDGE('',*,*,#1801,.F.);
#1801 = EDGE_CURVE('',#1783,#1760,#1802,.T.);
#1802 = B_SPLINE_CURVE_WITH_KNOTS('',5,(#1803,#1804,#1805,#1806,#1807,
    #1808,#1809,#1810,#1811,#1812,#1813,#1814,#1815,#1816,#1817),
  .UNSPECIFIED.,.F.,.F.,(6,3,3,3,6),(1.648256007914,1.750537759451,
    2.10082534844,2.451809196291,2.901111090853),.UNSPECIFIED.);
#1803 = CARTESIAN_POINT('',(3.074012753639,-0.333432483851,
    2.713382569643));
#1804 = CARTESIAN_POINT('',(3.079381439867,-0.329936782207,
    2.703331817883));
#1805 = CARTESIAN_POINT('',(3.084719978603,-0.326402002183,2.69330454885
    ));
#1806 = CARTESIAN_POINT('',(3.090026828885,-0.322827464032,
    2.683303395894));
#1807 = CARTESIAN_POINT('',(3.113362232248,-0.306830774335,
    2.639176658044));
#1808 = CARTESIAN_POINT('',(3.136036793925,-0.290005088562,
    2.595633759912));
#1809 = CARTESIAN_POINT('',(3.153183688592,-0.276395502116,
    2.562289098056));
#1810 = CARTESIAN_POINT('',(3.186294642208,-0.248052479994,
    2.497060285482));
#1811 = CARTESIAN_POINT('',(3.216656525935,-0.216973718137,
    2.435672274741));
#1812 = CARTESIAN_POINT('',(3.231027912285,-0.20064253683,2.406218348115
    ));
#1813 = CARTESIAN_POINT('',(3.261431268002,-0.161370343155,
    2.343088796538));
#1814 = CARTESIAN_POINT('',(3.284483249634,-0.116942662062,
    2.293874816383));
#1815 = CARTESIAN_POINT('',(3.294490811973,-8.993595696086E-02,
    2.272133017388));
#1816 = CARTESIAN_POINT('',(3.299475688289,-6.149416058886E-02,
    2.261296128859));
#1817 = CARTESIAN_POINT('',(3.299475865069,-3.310766620105E-02,
    2.261295870918));
#1818 = TOROIDAL_SURFACE('',#1819,4.5,0.5);
#1819 = AXIS2_PLACEMENT_3D('',#1820,#1821,#1822);
#1820 = CARTESIAN_POINT('',(4.440892098501E-16,-3.310766620105E-02,
    4.440892098501E-16));
#1821 = DIRECTION('',(3.799046029133E-18,1.,-7.062131922556E-19));
#1822 = DIRECTION('',(0.479425538604,-1.201599306199E-18,0.87758256189)
  );
#1823 = ADVANCED_FACE('',(#1824),#1849,.F.);
#1824 = FACE_BOUND('',#1825,.F.);
#1825 = EDGE_LOOP('',(#1826,#1840,#1841,#1842));
#1826 = ORIENTED_EDGE('',*,*,#1827,.T.);
#1827 = EDGE_CURVE('',#1828,#1700,#1830,.T.);
#1828 = VERTEX_POINT('',#1829);
#1829 = CARTESIAN_POINT('',(-1.5,-0.333432483852,3.816018758683));
#1830 = B_SPLINE_CURVE_WITH_KNOTS('',5,(#1831,#1832,#1833,#1834,#1835,
    #1836,#1837,#1838,#1839),.UNSPECIFIED.,.F.,.F.,(6,3,6),(0.,
    0.324753546592,0.460519038189),.UNSPECIFIED.);
#1831 = CARTESIAN_POINT('',(-1.5,-0.333432483852,3.816018758683));
#1832 = CARTESIAN_POINT('',(-1.5,-0.297791849675,3.787248706966));
#1833 = CARTESIAN_POINT('',(-1.5,-0.25889002973,3.762486511126));
#1834 = CARTESIAN_POINT('',(-1.5,-0.217204782175,3.742347208766));
#1835 = CARTESIAN_POINT('',(-1.5,-0.155151356026,3.72118679688));
#1836 = CARTESIAN_POINT('',(-1.5,-9.073791087739E-02,3.711094263556));
#1837 = CARTESIAN_POINT('',(-1.5,-7.150786885676E-02,3.709093406185));
#1838 = CARTESIAN_POINT('',(-1.5,-5.230780615293E-02,3.708099243548));
#1839 = CARTESIAN_POINT('',(-1.5,-3.310766620105E-02,3.708099243548));
#1840 = ORIENTED_EDGE('',*,*,#1709,.F.);
#1841 = ORIENTED_EDGE('',*,*,#1793,.T.);
#1842 = ORIENTED_EDGE('',*,*,#1843,.T.);
#1843 = EDGE_CURVE('',#1785,#1828,#1844,.T.);
#1844 = CIRCLE('',#1845,4.100243819431);
#1845 = AXIS2_PLACEMENT_3D('',#1846,#1847,#1848);
#1846 = CARTESIAN_POINT('',(0.,-0.333432483851,0.));
#1847 = DIRECTION('',(0.,-1.,0.));
#1848 = DIRECTION('',(1.,0.,0.));
#1849 = TOROIDAL_SURFACE('',#1850,4.5,0.5);
#1850 = AXIS2_PLACEMENT_3D('',#1851,#1852,#1853);
#1851 = CARTESIAN_POINT('',(-2.192690473635E-15,-3.310766620105E-02,
    6.616929226766E-14));
#1852 = DIRECTION('',(0.,1.,0.));
#1853 = DIRECTION('',(-0.999221819306,0.,-3.944307064401E-02));
#1854 = ADVANCED_FACE('',(#1855),#1884,.T.);
#1855 = FACE_BOUND('',#1856,.T.);
#1856 = EDGE_LOOP('',(#1857,#1868,#1877,#1883));
#1857 = ORIENTED_EDGE('',*,*,#1858,.T.);
#1858 = EDGE_CURVE('',#1828,#1859,#1861,.T.);
#1859 = VERTEX_POINT('',#1860);
#1860 = CARTESIAN_POINT('',(-1.500000000001,-0.732107220287,
    4.136164219232));
#1861 = B_SPLINE_CURVE_WITH_KNOTS('',5,(#1862,#1863,#1864,#1865,#1866,
    #1867),.UNSPECIFIED.,.F.,.F.,(6,6),(1.015595146412,3.771824661379),
  .PIECEWISE_BEZIER_KNOTS.);
#1862 = CARTESIAN_POINT('',(-1.5,-0.333432483852,3.816018758683));
#1863 = CARTESIAN_POINT('',(-1.5,-0.407712172913,3.875979236754));
#1864 = CARTESIAN_POINT('',(-1.5,-0.484565356911,3.937859492852));
#1865 = CARTESIAN_POINT('',(-1.5,-0.564142618935,4.001771684956));
#1866 = CARTESIAN_POINT('',(-1.5,-0.646587937004,4.067821709353));
#1867 = CARTESIAN_POINT('',(-1.500000000001,-0.732107220287,
    4.136164219232));
#1868 = ORIENTED_EDGE('',*,*,#1869,.T.);
#1869 = EDGE_CURVE('',#1859,#1870,#1872,.T.);
#1870 = VERTEX_POINT('',#1871);
#1871 = CARTESIAN_POINT('',(2.109355476597,-0.732107220287,
    3.861149300637));
#1872 = CIRCLE('',#1873,4.399756180569);
#1873 = AXIS2_PLACEMENT_3D('',#1874,#1875,#1876);
#1874 = CARTESIAN_POINT('',(0.,-0.732107220287,0.));
#1875 = DIRECTION('',(-0.,1.,0.));
#1876 = DIRECTION('',(1.,0.,0.));
#1877 = ORIENTED_EDGE('',*,*,#1878,.F.);
#1878 = EDGE_CURVE('',#1785,#1870,#1879,.T.);
#1879 = LINE('',#1880,#1881);
#1880 = CARTESIAN_POINT('',(2.013528815507,-0.466053610144,
    3.685739774099));
#1881 = VECTOR('',#1882,1.);
#1882 = DIRECTION('',(0.287966774917,-0.799512361138,0.527119645746));
#1883 = ORIENTED_EDGE('',*,*,#1843,.T.);
#1884 = CONICAL_SURFACE('',#1885,4.,0.64431340044);
#1885 = AXIS2_PLACEMENT_3D('',#1886,#1887,#1888);
#1886 = CARTESIAN_POINT('',(0.,-0.2,0.));
#1887 = DIRECTION('',(0.,-1.,0.));
#1888 = DIRECTION('',(1.,0.,0.));
#1889 = ADVANCED_FACE('',(#1890),#1917,.F.);
#1890 = FACE_BOUND('',#1891,.T.);
#1891 = EDGE_LOOP('',(#1892,#1893,#1894,#1895,#1896,#1908,#1909,#1910,
    #1911));
#1892 = ORIENTED_EDGE('',*,*,#1646,.F.);
#1893 = ORIENTED_EDGE('',*,*,#1598,.F.);
#1894 = ORIENTED_EDGE('',*,*,#1567,.T.);
#1895 = ORIENTED_EDGE('',*,*,#1427,.T.);
#1896 = ORIENTED_EDGE('',*,*,#1897,.T.);
#1897 = EDGE_CURVE('',#1419,#1859,#1898,.T.);
#1898 = B_SPLINE_CURVE_WITH_KNOTS('',5,(#1899,#1900,#1901,#1902,#1903,
    #1904,#1905,#1906,#1907),.UNSPECIFIED.,.F.,.F.,(6,3,6),(0.,
    0.309382579261,0.620598658114),.UNSPECIFIED.);
#1899 = CARTESIAN_POINT('',(-1.499999999999,-1.145617966998,
    4.228871334662));
#1900 = CARTESIAN_POINT('',(-1.5,-1.103123206387,4.239350198199));
#1901 = CARTESIAN_POINT('',(-1.5,-1.059435875205,4.244936120712));
#1902 = CARTESIAN_POINT('',(-1.5,-1.015291610979,4.245396858067));
#1903 = CARTESIAN_POINT('',(-1.5,-0.927443608053,4.23601702304));
#1904 = CARTESIAN_POINT('',(-1.5,-0.843998987973,4.206830515901));
#1905 = CARTESIAN_POINT('',(-1.5,-0.804017008941,4.187428506674));
#1906 = CARTESIAN_POINT('',(-1.5,-0.766557324585,4.163694929301));
#1907 = CARTESIAN_POINT('',(-1.500000000001,-0.732107220287,
    4.136164219232));
#1908 = ORIENTED_EDGE('',*,*,#1858,.F.);
#1909 = ORIENTED_EDGE('',*,*,#1827,.T.);
#1910 = ORIENTED_EDGE('',*,*,#1699,.T.);
#1911 = ORIENTED_EDGE('',*,*,#1912,.F.);
#1912 = EDGE_CURVE('',#1647,#1702,#1913,.T.);
#1913 = LINE('',#1914,#1915);
#1914 = CARTESIAN_POINT('',(-1.5,1.3,3.229049621774));
#1915 = VECTOR('',#1916,1.);
#1916 = DIRECTION('',(0.,0.,1.));
#1917 = PLANE('',#1918);
#1918 = AXIS2_PLACEMENT_3D('',#1919,#1920,#1921);
#1919 = CARTESIAN_POINT('',(-1.5,0.,0.));
#1920 = DIRECTION('',(1.,0.,0.));
#1921 = DIRECTION('',(-0.,1.,0.));
#1922 = ADVANCED_FACE('',(#1923),#1929,.T.);
#1923 = FACE_BOUND('',#1924,.T.);
#1924 = EDGE_LOOP('',(#1925,#1926,#1927,#1928));
#1925 = ORIENTED_EDGE('',*,*,#1912,.T.);
#1926 = ORIENTED_EDGE('',*,*,#1734,.T.);
#1927 = ORIENTED_EDGE('',*,*,#1677,.T.);
#1928 = ORIENTED_EDGE('',*,*,#1654,.T.);
#1929 = PLANE('',#1930);
#1930 = AXIS2_PLACEMENT_3D('',#1931,#1932,#1933);
#1931 = CARTESIAN_POINT('',(0.,1.3,0.));
#1932 = DIRECTION('',(0.,1.,0.));
#1933 = DIRECTION('',(-1.,0.,0.));
#1934 = ADVANCED_FACE('',(#1935),#1947,.T.);
#1935 = FACE_BOUND('',#1936,.T.);
#1936 = EDGE_LOOP('',(#1937,#1938,#1945,#1946));
#1937 = ORIENTED_EDGE('',*,*,#1418,.T.);
#1938 = ORIENTED_EDGE('',*,*,#1939,.F.);
#1939 = EDGE_CURVE('',#1870,#637,#1940,.T.);
#1940 = CIRCLE('',#1941,0.5);
#1941 = AXIS2_PLACEMENT_3D('',#1942,#1943,#1944);
#1942 = CARTESIAN_POINT('',(1.917702154417,-1.032432037938,
    3.510330247561));
#1943 = DIRECTION('',(0.87758256189,0.,-0.479425538604));
#1944 = DIRECTION('',(0.479425538604,0.,0.87758256189));
#1945 = ORIENTED_EDGE('',*,*,#1869,.F.);
#1946 = ORIENTED_EDGE('',*,*,#1897,.F.);
#1947 = TOROIDAL_SURFACE('',#1948,4.,0.5);
#1948 = AXIS2_PLACEMENT_3D('',#1949,#1950,#1951);
#1949 = CARTESIAN_POINT('',(0.,-1.032432037938,0.));
#1950 = DIRECTION('',(0.,1.,0.));
#1951 = DIRECTION('',(1.,0.,0.));
#1952 = ADVANCED_FACE('',(#1953),#1975,.T.);
#1953 = FACE_BOUND('',#1954,.T.);
#1954 = EDGE_LOOP('',(#1955,#1964,#1965,#1966));
#1955 = ORIENTED_EDGE('',*,*,#1956,.F.);
#1956 = EDGE_CURVE('',#1870,#1957,#1959,.T.);
#1957 = VERTEX_POINT('',#1958);
#1958 = CARTESIAN_POINT('',(3.024147777261,-0.732107220287,
    3.195682191606));
#1959 = CIRCLE('',#1960,4.399756180569);
#1960 = AXIS2_PLACEMENT_3D('',#1961,#1962,#1963);
#1961 = CARTESIAN_POINT('',(0.,-0.732107220287,0.));
#1962 = DIRECTION('',(-0.,1.,0.));
#1963 = DIRECTION('',(1.,0.,0.));
#1964 = ORIENTED_EDGE('',*,*,#1939,.T.);
#1965 = ORIENTED_EDGE('',*,*,#636,.T.);
#1966 = ORIENTED_EDGE('',*,*,#1967,.F.);
#1967 = EDGE_CURVE('',#1957,#627,#1968,.T.);
#1968 = B_SPLINE_CURVE_WITH_KNOTS('',5,(#1969,#1970,#1971,#1972,#1973,
    #1974),.UNSPECIFIED.,.F.,.F.,(6,6),(2.326152540921E-06,
    0.617060257423),.PIECEWISE_BEZIER_KNOTS.);
#1969 = CARTESIAN_POINT('',(3.024147777261,-0.732107220287,
    3.195682191606));
#1970 = CARTESIAN_POINT('',(3.060175340516,-0.801878289514,
    3.233754615661));
#1971 = CARTESIAN_POINT('',(3.085746694487,-0.883084636468,
    3.260776427805));
#1972 = CARTESIAN_POINT('',(3.098542320267,-0.971307456135,
    3.274297846988));
#1973 = CARTESIAN_POINT('',(3.097705856835,-1.060616562138,
    3.273413937683));
#1974 = CARTESIAN_POINT('',(3.084127738709,-1.145617966998,
    3.259065641629));
#1975 = TOROIDAL_SURFACE('',#1976,4.,0.5);
#1976 = AXIS2_PLACEMENT_3D('',#1977,#1978,#1979);
#1977 = CARTESIAN_POINT('',(0.,-1.032432037938,0.));
#1978 = DIRECTION('',(0.,1.,0.));
#1979 = DIRECTION('',(1.,0.,0.));
#1980 = ADVANCED_FACE('',(#1981),#1994,.T.);
#1981 = FACE_BOUND('',#1982,.T.);
#1982 = EDGE_LOOP('',(#1983,#1984,#1985,#1986));
#1983 = ORIENTED_EDGE('',*,*,#1782,.T.);
#1984 = ORIENTED_EDGE('',*,*,#1878,.T.);
#1985 = ORIENTED_EDGE('',*,*,#1956,.T.);
#1986 = ORIENTED_EDGE('',*,*,#1987,.T.);
#1987 = EDGE_CURVE('',#1957,#1783,#1988,.T.);
#1988 = B_SPLINE_CURVE_WITH_KNOTS('',4,(#1989,#1990,#1991,#1992,#1993),
  .UNSPECIFIED.,.F.,.F.,(5,5),(-82.71755486437,-73.7031124011),
  .PIECEWISE_BEZIER_KNOTS.);
#1989 = CARTESIAN_POINT('',(3.024147777261,-0.732107220287,
    3.195682191606));
#1990 = CARTESIAN_POINT('',(3.037173617434,-0.618503439912,
    3.065851215166));
#1991 = CARTESIAN_POINT('',(3.04983951746,-0.515211890925,2.942964422708
    ));
#1992 = CARTESIAN_POINT('',(3.062132152502,-0.420548813861,
    2.825742336226));
#1993 = CARTESIAN_POINT('',(3.074012753639,-0.333432483851,
    2.713382569643));
#1994 = CONICAL_SURFACE('',#1995,4.,0.64431340044);
#1995 = AXIS2_PLACEMENT_3D('',#1996,#1997,#1998);
#1996 = CARTESIAN_POINT('',(0.,-0.2,0.));
#1997 = DIRECTION('',(0.,-1.,0.));
#1998 = DIRECTION('',(1.,0.,0.));
#1999 = ADVANCED_FACE('',(#2000),#2056,.F.);
#2000 = FACE_BOUND('',#2001,.F.);
#2001 = EDGE_LOOP('',(#2002,#2003,#2014,#2025,#2044));
#2002 = ORIENTED_EDGE('',*,*,#1987,.T.);
#2003 = ORIENTED_EDGE('',*,*,#2004,.T.);
#2004 = EDGE_CURVE('',#1783,#2005,#2007,.T.);
#2005 = VERTEX_POINT('',#2006);
#2006 = CARTESIAN_POINT('',(3.474606898801,-0.934081542409,
    2.184296920066));
#2007 = B_SPLINE_CURVE_WITH_KNOTS('',5,(#2008,#2009,#2010,#2011,#2012,
    #2013),.UNSPECIFIED.,.F.,.F.,(6,6),(-1.,0.),
  .PIECEWISE_BEZIER_KNOTS.);
#2008 = CARTESIAN_POINT('',(3.074012753639,-0.333432483851,
    2.713382569643));
#2009 = CARTESIAN_POINT('',(3.222584081322,-0.416922545897,
    2.639836813821));
#2010 = CARTESIAN_POINT('',(3.345356772726,-0.526265402126,
    2.543521981339));
#2011 = CARTESIAN_POINT('',(3.431562966445,-0.655524006584,
    2.429664329688));
#2012 = CARTESIAN_POINT('',(3.474606882994,-0.794808568122,
    2.306975297459));
#2013 = CARTESIAN_POINT('',(3.474606898801,-0.934081542409,
    2.184296920066));
#2014 = ORIENTED_EDGE('',*,*,#2015,.F.);
#2015 = EDGE_CURVE('',#2016,#2005,#2018,.T.);
#2016 = VERTEX_POINT('',#2017);
#2017 = CARTESIAN_POINT('',(3.474606898801,-1.146348245576,
    2.418534295941));
#2018 = B_SPLINE_CURVE_WITH_KNOTS('',5,(#2019,#2020,#2021,#2022,#2023,
    #2024),.UNSPECIFIED.,.F.,.F.,(6,6),(-78.7981836568,-73.70293696609),
  .PIECEWISE_BEZIER_KNOTS.);
#2019 = CARTESIAN_POINT('',(3.474606898801,-1.146348245576,
    2.418534295941));
#2020 = CARTESIAN_POINT('',(3.474606898801,-1.100650165217,
    2.369415672767));
#2021 = CARTESIAN_POINT('',(3.474606898801,-1.056670292234,
    2.321505553725));
#2022 = CARTESIAN_POINT('',(3.474606898801,-1.014308387455,
    2.274726891944));
#2023 = CARTESIAN_POINT('',(3.474606898801,-0.973474414503,
    2.229009982098));
#2024 = CARTESIAN_POINT('',(3.474606898801,-0.934081542409,
    2.184296920066));
#2025 = ORIENTED_EDGE('',*,*,#2026,.F.);
#2026 = EDGE_CURVE('',#2027,#2016,#2029,.T.);
#2027 = VERTEX_POINT('',#2028);
#2028 = CARTESIAN_POINT('',(3.161104906753,-0.779105499998,
    3.088343513125));
#2029 = B_SPLINE_CURVE_WITH_KNOTS('',3,(#2030,#2031,#2032,#2033,#2034,
    #2035,#2036,#2037,#2038,#2039,#2040,#2041,#2042,#2043),
  .UNSPECIFIED.,.F.,.F.,(4,2,2,1,1,2,2,4),(0.,0.25,0.375,0.4375,0.46875,
    0.484375,0.5,1.),.UNSPECIFIED.);
#2030 = CARTESIAN_POINT('',(3.161104906753,-0.779105499998,
    3.088343513125));
#2031 = CARTESIAN_POINT('',(3.211322687582,-0.802828808386,
    3.044603026199));
#2032 = CARTESIAN_POINT('',(3.258528633335,-0.830065448109,
    2.994323245972));
#2033 = CARTESIAN_POINT('',(3.321194796023,-0.876111643765,
    2.909730196625));
#2034 = CARTESIAN_POINT('',(3.34072404163,-0.892318159795,2.880012303447
    ));
#2035 = CARTESIAN_POINT('',(3.367518652508,-0.917828339075,
    2.833320099089));
#2036 = CARTESIAN_POINT('',(3.380291223001,-0.930882672985,
    2.809446089761));
#2037 = CARTESIAN_POINT('',(3.394000480213,-0.946608020303,
    2.780715479876));
#2038 = CARTESIAN_POINT('',(3.39961004276,-0.953449905103,2.768219927803
    ));
#2039 = CARTESIAN_POINT('',(3.403289531509,-0.958033500254,
    2.759849662666));
#2040 = CARTESIAN_POINT('',(3.405748984054,-0.961181698523,
    2.754101376177));
#2041 = CARTESIAN_POINT('',(3.443010471418,-1.00964832625,2.665611966949
    ));
#2042 = CARTESIAN_POINT('',(3.474642200312,-1.071614285252,2.55272558422
    ));
#2043 = CARTESIAN_POINT('',(3.474606898801,-1.146348245576,
    2.418534295941));
#2044 = ORIENTED_EDGE('',*,*,#2045,.F.);
#2045 = EDGE_CURVE('',#1957,#2027,#2046,.T.);
#2046 = B_SPLINE_CURVE_WITH_KNOTS('',3,(#2047,#2048,#2049,#2050,#2051,
    #2052,#2053,#2054,#2055),.UNSPECIFIED.,.F.,.F.,(4,1,2,2,4),(0.,0.25,
    0.375,0.5,1.),.UNSPECIFIED.);
#2047 = CARTESIAN_POINT('',(3.024147777261,-0.732107220287,
    3.195682191606));
#2048 = CARTESIAN_POINT('',(3.036119927309,-0.73503983888,3.187392105309
    ));
#2049 = CARTESIAN_POINT('',(3.053795193434,-0.739715496131,
    3.174708332451));
#2050 = CARTESIAN_POINT('',(3.071022638249,-0.744793555826,
    3.161675746696));
#2051 = CARTESIAN_POINT('',(3.082405852563,-0.748266405154,
    3.152911893961));
#2052 = CARTESIAN_POINT('',(3.089550583418,-0.750537141815,
    3.147292971383));
#2053 = CARTESIAN_POINT('',(3.109974320448,-0.757198909495,
    3.131007482282));
#2054 = CARTESIAN_POINT('',(3.13303480919,-0.765859383278,3.11281330174)
  );
#2055 = CARTESIAN_POINT('',(3.161104906753,-0.779105499998,
    3.088343513125));
#2056 = B_SPLINE_SURFACE_WITH_KNOTS('',3,4,(
    (#2057,#2058,#2059,#2060,#2061)
    ,(#2062,#2063,#2064,#2065,#2066)
    ,(#2067,#2068,#2069,#2070,#2071)
    ,(#2072,#2073,#2074,#2075,#2076
    )),.UNSPECIFIED.,.F.,.F.,.F.,(4,4),(5,5),(73.702936966091,
    82.717596067337),(-1.734723475979E-18,1.),.PIECEWISE_BEZIER_KNOTS.);
#2057 = CARTESIAN_POINT('',(3.474606898801,-0.934087189088,
    2.184291497994));
#2058 = CARTESIAN_POINT('',(3.47465378926,-0.760070414524,2.337574456471
    ));
#2059 = CARTESIAN_POINT('',(3.402665445018,-0.5855598782,2.491292345795)
  );
#2060 = CARTESIAN_POINT('',(3.259667086264,-0.437716764428,
    2.621520192658));
#2061 = CARTESIAN_POINT('',(3.074016786947,-0.333437553788,
    2.713374704699));
#2062 = CARTESIAN_POINT('',(3.474606898801,-1.050267471753,2.31618204246
    ));
#2063 = CARTESIAN_POINT('',(3.47465974219,-0.87512468062,2.475658710247)
  );
#2064 = CARTESIAN_POINT('',(3.3995811457,-0.699444620959,2.635623393087)
  );
#2065 = CARTESIAN_POINT('',(3.250526203011,-0.551810286855,
    2.770086840112));
#2066 = CARTESIAN_POINT('',(3.058167209323,-0.449617836452,
    2.863220624782));
#2067 = CARTESIAN_POINT('',(3.474606898801,-1.181332675212,
    2.458335730319));
#2068 = CARTESIAN_POINT('',(3.474666760096,-1.004980874621,
    2.623972144009));
#2069 = CARTESIAN_POINT('',(3.396308228252,-0.828042632514,
    2.790157951766));
#2070 = CARTESIAN_POINT('',(3.240840165115,-0.680645133487,2.92863651025
    ));
#2071 = CARTESIAN_POINT('',(3.041516689907,-0.580683039911,
    3.022610159251));
#2072 = CARTESIAN_POINT('',(3.474606898801,-1.332758932616,
    2.614973399775));
#2073 = CARTESIAN_POINT('',(3.47467525092,-1.15511040521,2.786724966069)
  );
#2074 = CARTESIAN_POINT('',(3.392850305343,-0.976819406313,
    2.959097677308));
#2075 = CARTESIAN_POINT('',(3.230627171538,-0.829693230195,
    3.101340067717));
#2076 = CARTESIAN_POINT('',(3.024146993391,-0.732109297315,
    3.195684746854));
#2077 = ADVANCED_FACE('',(#2078),#2113,.T.);
#2078 = FACE_BOUND('',#2079,.T.);
#2079 = EDGE_LOOP('',(#2080,#2081,#2104,#2112));
#2080 = ORIENTED_EDGE('',*,*,#2004,.T.);
#2081 = ORIENTED_EDGE('',*,*,#2082,.T.);
#2082 = EDGE_CURVE('',#2005,#2083,#2085,.T.);
#2083 = VERTEX_POINT('',#2084);
#2084 = CARTESIAN_POINT('',(3.474606898801,-3.310766620105E-02,
    1.695971903188));
#2085 = B_SPLINE_CURVE_WITH_KNOTS('',5,(#2086,#2087,#2088,#2089,#2090,
    #2091,#2092,#2093,#2094,#2095,#2096,#2097,#2098,#2099,#2100,#2101,
    #2102,#2103),.UNSPECIFIED.,.F.,.F.,(6,3,3,3,3,6),(1.648256007914,
    1.750537759451,2.10082534844,2.451809196291,2.827033986576,
    2.901111297732),.UNSPECIFIED.);
#2086 = CARTESIAN_POINT('',(3.474606898801,-0.934081542409,
    2.184296920066));
#2087 = CARTESIAN_POINT('',(3.474606898801,-0.92359467157,2.172390976977
    ));
#2088 = CARTESIAN_POINT('',(3.474606898801,-0.91299054364,2.16057736019)
  );
#2089 = CARTESIAN_POINT('',(3.474606898801,-0.902267061029,
    2.148857940979));
#2090 = CARTESIAN_POINT('',(3.474606898801,-0.854276986029,2.09742538711
    ));
#2091 = CARTESIAN_POINT('',(3.474606898801,-0.803799948953,
    2.047865450816));
#2092 = CARTESIAN_POINT('',(3.474606898801,-0.762971190548,2.01058567251
    ));
#2093 = CARTESIAN_POINT('',(3.474606898801,-0.677942090945,
    1.938892409399));
#2094 = CARTESIAN_POINT('',(3.474606898801,-0.584705838677,
    1.873563733325));
#2095 = CARTESIAN_POINT('',(3.474606898801,-0.53571231408,1.842707163539
    ));
#2096 = CARTESIAN_POINT('',(3.474606898801,-0.428801152332,
    1.783535264794));
#2097 = CARTESIAN_POINT('',(3.474606898801,-0.309154420407,
    1.737397190448));
#2098 = CARTESIAN_POINT('',(3.474606898801,-0.243072637728,
    1.717778784969));
#2099 = CARTESIAN_POINT('',(3.474606898801,-0.160136016387,
    1.702120572753));
#2100 = CARTESIAN_POINT('',(3.474606898801,-7.522467919072E-02,
    1.69684404474));
#2101 = CARTESIAN_POINT('',(3.474606898801,-6.119286738514E-02,
    1.696262413436));
#2102 = CARTESIAN_POINT('',(3.474606898801,-4.714801160079E-02,
    1.695971684354));
#2103 = CARTESIAN_POINT('',(3.474606898801,-3.310766620105E-02,
    1.695971903188));
#2104 = ORIENTED_EDGE('',*,*,#2105,.F.);
#2105 = EDGE_CURVE('',#1760,#2083,#2106,.T.);
#2106 = B_SPLINE_CURVE_WITH_KNOTS('',4,(#2107,#2108,#2109,#2110,#2111),
  .UNSPECIFIED.,.F.,.F.,(5,5),(-1.,0.),.PIECEWISE_BEZIER_KNOTS.);
#2107 = CARTESIAN_POINT('',(3.299475865069,-3.310766620105E-02,
    2.261295870918));
#2108 = CARTESIAN_POINT('',(3.384391419535,-3.310765966609E-02,
    2.137395058656));
#2109 = CARTESIAN_POINT('',(3.444510822631,-3.310766175422E-02,
    1.996437005877));
#2110 = CARTESIAN_POINT('',(3.474607030285,-3.310766398013E-02,
    1.846178100119));
#2111 = CARTESIAN_POINT('',(3.474606898801,-3.310766620105E-02,
    1.695971903188));
#2112 = ORIENTED_EDGE('',*,*,#1801,.F.);
#2113 = B_SPLINE_SURFACE_WITH_KNOTS('',5,4,(
    (#2114,#2115,#2116,#2117,#2118)
    ,(#2119,#2120,#2121,#2122,#2123)
    ,(#2124,#2125,#2126,#2127,#2128)
    ,(#2129,#2130,#2131,#2132,#2133)
    ,(#2134,#2135,#2136,#2137,#2138)
    ,(#2139,#2140,#2141,#2142,#2143)
    ,(#2144,#2145,#2146,#2147,#2148)
    ,(#2149,#2150,#2151,#2152,#2153)
    ,(#2154,#2155,#2156,#2157,#2158)
    ,(#2159,#2160,#2161,#2162,#2163)
    ,(#2164,#2165,#2166,#2167,#2168)
    ,(#2169,#2170,#2171,#2172,#2173
    )),.UNSPECIFIED.,.F.,.F.,.F.,(6,3,3,6),(5,5),(1.648256007914,
    2.10082534844,2.451809196291,2.901111297732),(0.,1.),.UNSPECIFIED.);
#2114 = CARTESIAN_POINT('',(3.474606898801,-0.934081542409,
    2.184296920066));
#2115 = CARTESIAN_POINT('',(3.474653757298,-0.760064596775,
    2.337580865369));
#2116 = CARTESIAN_POINT('',(3.402664606392,-0.585553878811,
    2.491299753203));
#2117 = CARTESIAN_POINT('',(3.259664703974,-0.43771091126,2.62152818164)
  );
#2118 = CARTESIAN_POINT('',(3.074012706219,-0.333432288979,
    2.713382676475));
#2119 = CARTESIAN_POINT('',(3.474606898801,-0.887679949278,
    2.131616312518));
#2120 = CARTESIAN_POINT('',(3.474644964401,-0.724312753322,
    2.285791860522));
#2121 = CARTESIAN_POINT('',(3.407287456458,-0.56054241757,2.44035166499)
  );
#2122 = CARTESIAN_POINT('',(3.273365013177,-0.420000713899,
    2.572876138899));
#2123 = CARTESIAN_POINT('',(3.097767794842,-0.31796509447,2.668910606833
    ));
#2124 = CARTESIAN_POINT('',(3.474606898801,-0.839055692196,
    2.080811894784));
#2125 = CARTESIAN_POINT('',(3.474637870065,-0.686457638716,
    2.235510585615));
#2126 = CARTESIAN_POINT('',(3.411727995341,-0.533531706811,
    2.390546744905));
#2127 = CARTESIAN_POINT('',(3.286551142597,-0.400737261836,
    2.525007883712));
#2128 = CARTESIAN_POINT('',(3.120901222081,-0.301757012351,
    2.624958349816));
#2129 = CARTESIAN_POINT('',(3.474606898801,-0.787621346775,
    2.031652291911));
#2130 = CARTESIAN_POINT('',(3.474631812524,-0.646035601829,
    2.186555459854));
#2131 = CARTESIAN_POINT('',(3.416003105389,-0.504184500254,
    2.341753563029));
#2132 = CARTESIAN_POINT('',(3.299267833606,-0.379667536425,
    2.477820757694));
#2133 = CARTESIAN_POINT('',(3.14345826666,-0.284612215665,2.581414591998
    ));
#2134 = CARTESIAN_POINT('',(3.474606898801,-0.69152414654,1.948406733202
    ));
#2135 = CARTESIAN_POINT('',(3.474623842207,-0.569858851262,
    2.103183684824));
#2136 = CARTESIAN_POINT('',(3.423200470298,-0.448018943423,
    2.258188721814));
#2137 = CARTESIAN_POINT('',(3.320703883079,-0.339091947785,
    2.396530041134));
#2138 = CARTESIAN_POINT('',(3.181872782304,-0.252579834634,
    2.506001199985));
#2139 = CARTESIAN_POINT('',(3.474606898801,-0.584718732969,1.87357457987
    ));
#2140 = CARTESIAN_POINT('',(3.474618323405,-0.484059642577,
    2.027553029684));
#2141 = CARTESIAN_POINT('',(3.429596808511,-0.383287246608,2.18170765548
    ));
#2142 = CARTESIAN_POINT('',(3.339793401764,-0.291875336968,
    2.321420719756));
#2143 = CARTESIAN_POINT('',(3.216651502275,-0.216978015338,
    2.435682078878));
#2144 = CARTESIAN_POINT('',(3.474606898801,-0.53569235921,1.842706301905
    ));
#2145 = CARTESIAN_POINT('',(3.474615474305,-0.444479069154,
    1.996235974377));
#2146 = CARTESIAN_POINT('',(3.43221933086,-0.353174518834,2.149921966518
    ));
#2147 = CARTESIAN_POINT('',(3.347628808704,-0.26983122743,2.290078913819
    ));
#2148 = CARTESIAN_POINT('',(3.231028357867,-0.200635877757,
    2.406218037057));
#2149 = CARTESIAN_POINT('',(3.474606898801,-0.417921165201,
    1.777500505747));
#2150 = CARTESIAN_POINT('',(3.474614515825,-0.348956433868,
    1.929859551496));
#2151 = CARTESIAN_POINT('',(3.437733165168,-0.279941510516,
    2.082336076761));
#2152 = CARTESIAN_POINT('',(3.364098872061,-0.216036426552,
    2.223193336065));
#2153 = CARTESIAN_POINT('',(3.261430705463,-0.161378857429,
    2.343089178411));
#2154 = CARTESIAN_POINT('',(3.474606898801,-0.284579943568,
    1.728118717894));
#2155 = CARTESIAN_POINT('',(3.474609609036,-0.23989115526,1.879242020608
    ));
#2156 = CARTESIAN_POINT('',(3.441849905335,-0.195176560819,
    2.030458178554));
#2157 = CARTESIAN_POINT('',(3.376425133741,-0.153382783851,
    2.171471245921));
#2158 = CARTESIAN_POINT('',(3.284483991732,-0.116931726788,
    2.293874281205));
#2159 = CARTESIAN_POINT('',(3.474606898801,-0.203579848961,
    1.706665518962));
#2160 = CARTESIAN_POINT('',(3.474611465134,-0.173389267552,
    1.857170455464));
#2161 = CARTESIAN_POINT('',(3.44362813604,-0.143182891097,2.007758797504
    ));
#2162 = CARTESIAN_POINT('',(3.381740503456,-0.114843197494,
    2.148745570117));
#2163 = CARTESIAN_POINT('',(3.294489715098,-8.993172074388E-02,
    2.272141271737));
#2164 = CARTESIAN_POINT('',(3.474606898801,-0.118266760032,
    1.695972481777));
#2165 = CARTESIAN_POINT('',(3.474610268194,-0.10318356662,1.846165800329
    ));
#2166 = CARTESIAN_POINT('',(3.444511127565,-8.809246876701E-02,
    1.99643782806));
#2167 = CARTESIAN_POINT('',(3.384386405336,-7.393548786798E-02,
    2.13740827064));
#2168 = CARTESIAN_POINT('',(3.299475562184,-6.14940347604E-02,
    2.261296127766));
#2169 = CARTESIAN_POINT('',(3.474606898801,-3.310766620527E-02,
    1.695971526925));
#2170 = CARTESIAN_POINT('',(3.474610562171,-3.310766398032E-02,
    1.846165033061));
#2171 = CARTESIAN_POINT('',(3.444511607531,-3.310766175421E-02,
    1.99643724903));
#2172 = CARTESIAN_POINT('',(3.384386945769,-3.31076596659E-02,
    2.13740783393));
#2173 = CARTESIAN_POINT('',(3.299476059252,-3.310765783064E-02,
    2.26129575425));
#2174 = ADVANCED_FACE('',(#2175),#2194,.T.);
#2175 = FACE_BOUND('',#2176,.T.);
#2176 = EDGE_LOOP('',(#2177,#2178,#2179,#2187));
#2177 = ORIENTED_EDGE('',*,*,#1768,.F.);
#2178 = ORIENTED_EDGE('',*,*,#2105,.T.);
#2179 = ORIENTED_EDGE('',*,*,#2180,.T.);
#2180 = EDGE_CURVE('',#2083,#2181,#2183,.T.);
#2181 = VERTEX_POINT('',#2182);
#2182 = CARTESIAN_POINT('',(3.474606898801,0.8,1.695971903188));
#2183 = LINE('',#2184,#2185);
#2184 = CARTESIAN_POINT('',(3.474606898801,0.383446166899,1.695971903188
    ));
#2185 = VECTOR('',#2186,1.);
#2186 = DIRECTION('',(0.,1.,0.));
#2187 = ORIENTED_EDGE('',*,*,#2188,.T.);
#2188 = EDGE_CURVE('',#2181,#1750,#2189,.T.);
#2189 = CIRCLE('',#2190,1.);
#2190 = AXIS2_PLACEMENT_3D('',#2191,#2192,#2193);
#2191 = CARTESIAN_POINT('',(2.474606898801,0.8,1.695971903188));
#2192 = DIRECTION('',(0.,-1.,0.));
#2193 = DIRECTION('',(1.,0.,0.));
#2194 = CYLINDRICAL_SURFACE('',#2195,1.);
#2195 = AXIS2_PLACEMENT_3D('',#2196,#2197,#2198);
#2196 = CARTESIAN_POINT('',(2.474606898801,-1.940245164285,
    1.695971903188));
#2197 = DIRECTION('',(0.,1.,0.));
#2198 = DIRECTION('',(1.,0.,0.));
#2199 = ADVANCED_FACE('',(#2200),#2228,.T.);
#2200 = FACE_BOUND('',#2201,.T.);
#2201 = EDGE_LOOP('',(#2202,#2212,#2218,#2219,#2220,#2221,#2222));
#2202 = ORIENTED_EDGE('',*,*,#2203,.F.);
#2203 = EDGE_CURVE('',#2204,#2206,#2208,.T.);
#2204 = VERTEX_POINT('',#2205);
#2205 = CARTESIAN_POINT('',(1.5,0.8,1.343698985867));
#2206 = VERTEX_POINT('',#2207);
#2207 = CARTESIAN_POINT('',(3.474606898801,0.8,1.343698985867));
#2208 = LINE('',#2209,#2210);
#2209 = CARTESIAN_POINT('',(2.487303449401,0.8,1.343698985867));
#2210 = VECTOR('',#2211,1.);
#2211 = DIRECTION('',(1.,0.,0.));
#2212 = ORIENTED_EDGE('',*,*,#2213,.F.);
#2213 = EDGE_CURVE('',#1630,#2204,#2214,.T.);
#2214 = LINE('',#2215,#2216);
#2215 = CARTESIAN_POINT('',(1.5,0.8,2.375));
#2216 = VECTOR('',#2217,1.);
#2217 = DIRECTION('',(0.,0.,-1.));
#2218 = ORIENTED_EDGE('',*,*,#1668,.T.);
#2219 = ORIENTED_EDGE('',*,*,#1726,.T.);
#2220 = ORIENTED_EDGE('',*,*,#1749,.T.);
#2221 = ORIENTED_EDGE('',*,*,#2188,.F.);
#2222 = ORIENTED_EDGE('',*,*,#2223,.F.);
#2223 = EDGE_CURVE('',#2206,#2181,#2224,.T.);
#2224 = LINE('',#2225,#2226);
#2225 = CARTESIAN_POINT('',(3.474606898801,0.8,1.519835444528));
#2226 = VECTOR('',#2227,1.);
#2227 = DIRECTION('',(0.,0.,1.));
#2228 = PLANE('',#2229);
#2229 = AXIS2_PLACEMENT_3D('',#2230,#2231,#2232);
#2230 = CARTESIAN_POINT('',(0.,0.8,4.));
#2231 = DIRECTION('',(-0.,1.,0.));
#2232 = DIRECTION('',(1.,0.,0.));
#2233 = ADVANCED_FACE('',(#2234),#2259,.F.);
#2234 = FACE_BOUND('',#2235,.T.);
#2235 = EDGE_LOOP('',(#2236,#2246,#2252,#2253));
#2236 = ORIENTED_EDGE('',*,*,#2237,.T.);
#2237 = EDGE_CURVE('',#2238,#2240,#2242,.T.);
#2238 = VERTEX_POINT('',#2239);
#2239 = CARTESIAN_POINT('',(3.474606898801,-2.881779224351,
    1.021585042131));
#2240 = VERTEX_POINT('',#2241);
#2241 = CARTESIAN_POINT('',(1.5,-2.881779224351,1.021585042131));
#2242 = LINE('',#2243,#2244);
#2243 = CARTESIAN_POINT('',(2.487303449401,-2.881779224351,
    1.021585042131));
#2244 = VECTOR('',#2245,1.);
#2245 = DIRECTION('',(-1.,0.,0.));
#2246 = ORIENTED_EDGE('',*,*,#2247,.F.);
#2247 = EDGE_CURVE('',#2204,#2240,#2248,.T.);
#2248 = LINE('',#2249,#2250);
#2249 = CARTESIAN_POINT('',(1.5,-1.040889612175,1.182642013999));
#2250 = VECTOR('',#2251,1.);
#2251 = DIRECTION('',(0.,-0.996194698092,-8.715574274766E-02));
#2252 = ORIENTED_EDGE('',*,*,#2203,.T.);
#2253 = ORIENTED_EDGE('',*,*,#2254,.T.);
#2254 = EDGE_CURVE('',#2206,#2238,#2255,.T.);
#2255 = LINE('',#2256,#2257);
#2256 = CARTESIAN_POINT('',(3.474606898801,-1.040889612175,
    1.182642013999));
#2257 = VECTOR('',#2258,1.);
#2258 = DIRECTION('',(0.,-0.996194698092,-8.715574274766E-02));
#2259 = PLANE('',#2260);
#2260 = AXIS2_PLACEMENT_3D('',#2261,#2262,#2263);
#2261 = CARTESIAN_POINT('',(1.5,2.160335213234,1.46271289562));
#2262 = DIRECTION('',(0.,-8.715574274766E-02,0.996194698092));
#2263 = DIRECTION('',(0.,-0.996194698092,-8.715574274766E-02));
#2264 = ADVANCED_FACE('',(#2265),#2280,.F.);
#2265 = FACE_BOUND('',#2266,.T.);
#2266 = EDGE_LOOP('',(#2267,#2268,#2269,#2270,#2271,#2272,#2273));
#2267 = ORIENTED_EDGE('',*,*,#1093,.F.);
#2268 = ORIENTED_EDGE('',*,*,#1583,.F.);
#2269 = ORIENTED_EDGE('',*,*,#1614,.F.);
#2270 = ORIENTED_EDGE('',*,*,#1639,.F.);
#2271 = ORIENTED_EDGE('',*,*,#2213,.T.);
#2272 = ORIENTED_EDGE('',*,*,#2247,.T.);
#2273 = ORIENTED_EDGE('',*,*,#2274,.T.);
#2274 = EDGE_CURVE('',#2240,#1094,#2275,.T.);
#2275 = CIRCLE('',#2276,1.);
#2276 = AXIS2_PLACEMENT_3D('',#2277,#2278,#2279);
#2277 = CARTESIAN_POINT('',(1.5,-2.794623481603,2.539034403896E-02));
#2278 = DIRECTION('',(1.,0.,0.));
#2279 = DIRECTION('',(-0.,1.,0.));
#2280 = PLANE('',#2281);
#2281 = AXIS2_PLACEMENT_3D('',#2282,#2283,#2284);
#2282 = CARTESIAN_POINT('',(1.5,0.,0.));
#2283 = DIRECTION('',(1.,0.,0.));
#2284 = DIRECTION('',(-0.,1.,0.));
#2285 = ADVANCED_FACE('',(#2286),#2298,.F.);
#2286 = FACE_BOUND('',#2287,.F.);
#2287 = EDGE_LOOP('',(#2288,#2289,#2290,#2297));
#2288 = ORIENTED_EDGE('',*,*,#2274,.T.);
#2289 = ORIENTED_EDGE('',*,*,#1101,.F.);
#2290 = ORIENTED_EDGE('',*,*,#2291,.T.);
#2291 = EDGE_CURVE('',#1102,#2238,#2292,.T.);
#2292 = CIRCLE('',#2293,1.);
#2293 = AXIS2_PLACEMENT_3D('',#2294,#2295,#2296);
#2294 = CARTESIAN_POINT('',(3.474606898801,-2.794623481603,
    2.539034403896E-02));
#2295 = DIRECTION('',(-1.,0.,0.));
#2296 = DIRECTION('',(0.,1.,0.));
#2297 = ORIENTED_EDGE('',*,*,#2237,.T.);
#2298 = CYLINDRICAL_SURFACE('',#2299,1.);
#2299 = AXIS2_PLACEMENT_3D('',#2300,#2301,#2302);
#2300 = CARTESIAN_POINT('',(2.487303449401,-2.794623481603,
    2.539034403896E-02));
#2301 = DIRECTION('',(-1.,-2.010339713359E-16,9.428228330522E-17));
#2302 = DIRECTION('',(2.22044604925E-16,-0.905376518397,0.424609655961)
  );
#2303 = ADVANCED_FACE('',(#2304),#2336,.T.);
#2304 = FACE_BOUND('',#2305,.T.);
#2305 = EDGE_LOOP('',(#2306,#2307,#2308,#2309,#2310,#2311,#2312,#2329,
    #2335));
#2306 = ORIENTED_EDGE('',*,*,#2291,.T.);
#2307 = ORIENTED_EDGE('',*,*,#2254,.F.);
#2308 = ORIENTED_EDGE('',*,*,#2223,.T.);
#2309 = ORIENTED_EDGE('',*,*,#2180,.F.);
#2310 = ORIENTED_EDGE('',*,*,#2082,.F.);
#2311 = ORIENTED_EDGE('',*,*,#2015,.F.);
#2312 = ORIENTED_EDGE('',*,*,#2313,.F.);
#2313 = EDGE_CURVE('',#2314,#2016,#2316,.T.);
#2314 = VERTEX_POINT('',#2315);
#2315 = CARTESIAN_POINT('',(3.474606898801,-4.680490328569,
    0.916426225175));
#2316 = B_SPLINE_CURVE_WITH_KNOTS('',5,(#2317,#2318,#2319,#2320,#2321,
    #2322,#2323,#2324,#2325,#2326,#2327,#2328),.UNSPECIFIED.,.F.,.F.,(6,
    3,3,6),(-58.86262353957,-54.06043209586,-34.85272219018,
    -16.57765398224),.UNSPECIFIED.);
#2317 = CARTESIAN_POINT('',(3.474606898801,-4.680490328569,
    0.916426225175));
#2318 = CARTESIAN_POINT('',(3.474606898801,-4.640192163918,
    0.943394819677));
#2319 = CARTESIAN_POINT('',(3.474606898801,-4.598239796721,
    0.970597878233));
#2320 = CARTESIAN_POINT('',(3.474606898801,-4.554589788382,
    0.998049510867));
#2321 = CARTESIAN_POINT('',(3.474606898801,-4.327622107573,
    1.136619687403));
#2322 = CARTESIAN_POINT('',(3.474606898801,-4.055697478512,
    1.282185346729));
#2323 = CARTESIAN_POINT('',(3.474606898801,-3.805842023044,
    1.404204845901));
#2324 = CARTESIAN_POINT('',(3.474606898801,-3.246822599648,1.65533946362
    ));
#2325 = CARTESIAN_POINT('',(3.474606898801,-2.520873129854,
    1.938951390394));
#2326 = CARTESIAN_POINT('',(3.474606898801,-2.120974743647,
    2.086549549988));
#2327 = CARTESIAN_POINT('',(3.474606898801,-1.666830755969,
    2.245471924787));
#2328 = CARTESIAN_POINT('',(3.474606898801,-1.146348245576,
    2.418534295941));
#2329 = ORIENTED_EDGE('',*,*,#2330,.F.);
#2330 = EDGE_CURVE('',#1110,#2314,#2331,.T.);
#2331 = LINE('',#2332,#2333);
#2332 = CARTESIAN_POINT('',(3.474606898801,-4.680490328569,5.45));
#2333 = VECTOR('',#2334,1.);
#2334 = DIRECTION('',(0.,0.,1.));
#2335 = ORIENTED_EDGE('',*,*,#1109,.T.);
#2336 = PLANE('',#2337);
#2337 = AXIS2_PLACEMENT_3D('',#2338,#2339,#2340);
#2338 = CARTESIAN_POINT('',(3.474606898801,-4.680490328569,0.45));
#2339 = DIRECTION('',(1.,0.,0.));
#2340 = DIRECTION('',(-0.,1.,0.));
#2341 = ADVANCED_FACE('',(#2342),#2364,.F.);
#2342 = FACE_BOUND('',#2343,.F.);
#2343 = EDGE_LOOP('',(#2344,#2345,#2354,#2355));
#2344 = ORIENTED_EDGE('',*,*,#609,.T.);
#2345 = ORIENTED_EDGE('',*,*,#2346,.T.);
#2346 = EDGE_CURVE('',#610,#2016,#2347,.T.);
#2347 = B_SPLINE_CURVE_WITH_KNOTS('',5,(#2348,#2349,#2350,#2351,#2352,
    #2353),.UNSPECIFIED.,.F.,.F.,(6,6),(0.,1.),
  .PIECEWISE_BEZIER_KNOTS.);
#2348 = CARTESIAN_POINT('',(3.161109283296,-1.153893434191,
    3.181742472205));
#2349 = CARTESIAN_POINT('',(3.308956348961,-1.151954576605,
    3.035278459343));
#2350 = CARTESIAN_POINT('',(3.39640114086,-1.150116494193,2.875470990582
    ));
#2351 = CARTESIAN_POINT('',(3.450279125787,-1.148717668519,
    2.718979578679));
#2352 = CARTESIAN_POINT('',(3.474478563816,-1.147440413067,
    2.566609905525));
#2353 = CARTESIAN_POINT('',(3.474606898801,-1.146348245576,
    2.418534295941));
#2354 = ORIENTED_EDGE('',*,*,#2313,.F.);
#2355 = ORIENTED_EDGE('',*,*,#2356,.F.);
#2356 = EDGE_CURVE('',#578,#2314,#2357,.T.);
#2357 = B_SPLINE_CURVE_WITH_KNOTS('',5,(#2358,#2359,#2360,#2361,#2362,
    #2363),.UNSPECIFIED.,.F.,.F.,(6,6),(-16.07088801835,0.),
  .PIECEWISE_BEZIER_KNOTS.);
#2358 = CARTESIAN_POINT('',(3.430258897349,-5.408645032045,0.67621101085
    ));
#2359 = CARTESIAN_POINT('',(3.444947249668,-5.288507492011,0.74605691352
    ));
#2360 = CARTESIAN_POINT('',(3.458064983942,-5.15603295973,0.801787782626
    ));
#2361 = CARTESIAN_POINT('',(3.468297647463,-5.01216465957,0.847665723147
    ));
#2362 = CARTESIAN_POINT('',(3.474606898801,-4.854458971425,
    0.885461718506));
#2363 = CARTESIAN_POINT('',(3.474606898801,-4.680490328569,
    0.916426225175));
#2364 = B_SPLINE_SURFACE_WITH_KNOTS('',5,4,(
    (#2365,#2366,#2367,#2368,#2369)
    ,(#2370,#2371,#2372,#2373,#2374)
    ,(#2375,#2376,#2377,#2378,#2379)
    ,(#2380,#2381,#2382,#2383,#2384)
    ,(#2385,#2386,#2387,#2388,#2389)
    ,(#2390,#2391,#2392,#2393,#2394)
    ,(#2395,#2396,#2397,#2398,#2399)
    ,(#2400,#2401,#2402,#2403,#2404)
    ,(#2405,#2406,#2407,#2408,#2409
  )),.UNSPECIFIED.,.F.,.F.,.F.,(6,3,6),(5,5),(15.073058283253,
    54.060432095866,74.886807349466),(0.,1.000000002118),.UNSPECIFIED.);
#2365 = CARTESIAN_POINT('',(3.474606898801,-0.927525292085,
    2.490750218094));
#2366 = CARTESIAN_POINT('',(3.474628797032,-0.990871580628,
    2.684111913782));
#2367 = CARTESIAN_POINT('',(3.419295693031,-1.054326467506,
    2.877805100999));
#2368 = CARTESIAN_POINT('',(3.309078308434,-1.110414493112,
    3.049011275637));
#2369 = CARTESIAN_POINT('',(3.161113016165,-1.153897150566,
    3.181740131134));
#2370 = CARTESIAN_POINT('',(3.474606898801,-2.085578531147,
    2.111362709401));
#2371 = CARTESIAN_POINT('',(3.474617556512,-2.147628161856,
    2.286136149856));
#2372 = CARTESIAN_POINT('',(3.429157519048,-2.209746833585,
    2.461095253377));
#2373 = CARTESIAN_POINT('',(3.338448476253,-2.266021810488,
    2.619918169166));
#2374 = CARTESIAN_POINT('',(3.213737104783,-2.311950389646,
    2.750070468717));
#2375 = CARTESIAN_POINT('',(3.474606898801,-2.927904998113,
    1.799542965507));
#2376 = CARTESIAN_POINT('',(3.474611550456,-2.988842700028,
    1.955439521977));
#2377 = CARTESIAN_POINT('',(3.437944227303,-3.049823585741,
    2.111437927023));
#2378 = CARTESIAN_POINT('',(3.364713534919,-3.106218668218,
    2.256146095452));
#2379 = CARTESIAN_POINT('',(3.262084520448,-3.154276856648,2.38024133052
    ));
#2380 = CARTESIAN_POINT('',(3.474606898801,-3.577074755892,
    1.526841563018));
#2381 = CARTESIAN_POINT('',(3.47460972644,-3.637083663486,1.663798430188
    ));
#2382 = CARTESIAN_POINT('',(3.445506953637,-3.697119637531,
    1.800812241285));
#2383 = CARTESIAN_POINT('',(3.387354246327,-3.753589010125,
    1.930051397611));
#2384 = CARTESIAN_POINT('',(3.304696706076,-3.803446614434,
    2.044837782992));
#2385 = CARTESIAN_POINT('',(3.474606898801,-4.346887074817,
    1.149741123222));
#2386 = CARTESIAN_POINT('',(3.474607435332,-4.405721589804,1.25749135787
    ));
#2387 = CARTESIAN_POINT('',(3.45526264362,-4.464567658618,1.365260073097
    ));
#2388 = CARTESIAN_POINT('',(3.4165873323,-4.521108163082,1.469091115792)
  );
#2389 = CARTESIAN_POINT('',(3.360560275611,-4.573258933381,
    1.565400690374));
#2390 = CARTESIAN_POINT('',(3.474606898801,-4.837497623738,0.81622249072
    ));
#2391 = CARTESIAN_POINT('',(3.474607198129,-4.895527342591,
    0.894681658646));
#2392 = CARTESIAN_POINT('',(3.462116047147,-4.953562154572,
    0.973147248596));
#2393 = CARTESIAN_POINT('',(3.437138277369,-5.010132049039,
    1.049700556476));
#2394 = CARTESIAN_POINT('',(3.400553409576,-5.063869482314,
    1.122552057941));
#2395 = CARTESIAN_POINT('',(3.474606898801,-4.978859155372,
    0.703995273882));
#2396 = CARTESIAN_POINT('',(3.474606150175,-5.036651535178,
    0.772239074987));
#2397 = CARTESIAN_POINT('',(3.464150832576,-5.094447496706,
    0.840486816989));
#2398 = CARTESIAN_POINT('',(3.443243846114,-5.151024253508,
    0.907349708846));
#2399 = CARTESIAN_POINT('',(3.412505917073,-5.205231013952,
    0.971518160825));
#2400 = CARTESIAN_POINT('',(3.474606898801,-5.093224735496,
    0.594820877382));
#2401 = CARTESIAN_POINT('',(3.474606722283,-5.150822346128,
    0.652847380801));
#2402 = CARTESIAN_POINT('',(3.465832659444,-5.208422528661,0.71087635751
    ));
#2403 = CARTESIAN_POINT('',(3.448286522272,-5.265003863337,
    0.767905997789));
#2404 = CARTESIAN_POINT('',(3.422415132786,-5.31959659408,0.822984171298
    ));
#2405 = CARTESIAN_POINT('',(3.474606898801,-5.182272745883,
    0.487822417103));
#2406 = CARTESIAN_POINT('',(3.474606886717,-5.239717166367,
    0.535628079875));
#2407 = CARTESIAN_POINT('',(3.467159531972,-5.297163481683,0.58343531954
    ));
#2408 = CARTESIAN_POINT('',(3.452266014321,-5.353747882873,
    0.630525268028));
#2409 = CARTESIAN_POINT('',(3.430256175052,-5.408644604469,
    0.676210717333));
#2410 = ADVANCED_FACE('',(#2411),#2423,.F.);
#2411 = FACE_BOUND('',#2412,.F.);
#2412 = EDGE_LOOP('',(#2413,#2414,#2415));
#2413 = ORIENTED_EDGE('',*,*,#2026,.T.);
#2414 = ORIENTED_EDGE('',*,*,#2346,.F.);
#2415 = ORIENTED_EDGE('',*,*,#2416,.F.);
#2416 = EDGE_CURVE('',#2027,#610,#2417,.T.);
#2417 = B_SPLINE_CURVE_WITH_KNOTS('',4,(#2418,#2419,#2420,#2421,#2422),
  .UNSPECIFIED.,.F.,.F.,(5,5),(-0.499481941437,0.),
  .PIECEWISE_BEZIER_KNOTS.);
#2418 = CARTESIAN_POINT('',(3.161104906753,-0.779105499998,
    3.088343513125));
#2419 = CARTESIAN_POINT('',(3.18965140989,-0.861633303476,3.135296246637
    ));
#2420 = CARTESIAN_POINT('',(3.20018357864,-0.958023828288,3.169051629078
    ));
#2421 = CARTESIAN_POINT('',(3.189653736826,-1.058982632099,
    3.184476580587));
#2422 = CARTESIAN_POINT('',(3.161109283296,-1.153893434191,
    3.181742472205));
#2423 = B_SPLINE_SURFACE_WITH_KNOTS('',5,4,(
    (#2424,#2425,#2426,#2427,#2428)
    ,(#2429,#2430,#2431,#2432,#2433)
    ,(#2434,#2435,#2436,#2437,#2438)
    ,(#2439,#2440,#2441,#2442,#2443)
    ,(#2444,#2445,#2446,#2447,#2448)
    ,(#2449,#2450,#2451,#2452,#2453
    )),.UNSPECIFIED.,.F.,.F.,.F.,(6,6),(5,5),(1.238007311088E-15,
    4.021329463031),(0.,0.49718864401),.PIECEWISE_BEZIER_KNOTS.);
#2424 = CARTESIAN_POINT('',(3.474606898801,-1.146348245576,
    2.418534295941));
#2425 = CARTESIAN_POINT('',(3.474606898801,-1.146348245576,
    2.418534295941));
#2426 = CARTESIAN_POINT('',(3.474606898801,-1.146348245576,
    2.418534295941));
#2427 = CARTESIAN_POINT('',(3.474606898801,-1.146348245576,
    2.418534295941));
#2428 = CARTESIAN_POINT('',(3.474606898801,-1.146348245576,
    2.418534295941));
#2429 = CARTESIAN_POINT('',(3.474478563816,-1.147440413067,
    2.566609905525));
#2430 = CARTESIAN_POINT('',(3.474448914477,-1.129169438557,
    2.561905282379));
#2431 = CARTESIAN_POINT('',(3.474429826528,-1.110906366556,
    2.557224137222));
#2432 = CARTESIAN_POINT('',(3.47444891341,-1.092637198131,2.55256771293)
  );
#2433 = CARTESIAN_POINT('',(3.474478561775,-1.074350277525,
    2.547928551921));
#2434 = CARTESIAN_POINT('',(3.450279125787,-1.148717668519,
    2.718979578679));
#2435 = CARTESIAN_POINT('',(3.454001811253,-1.111702954881,
    2.709728454669));
#2436 = CARTESIAN_POINT('',(3.455280628678,-1.074654787292,
    2.700377098502));
#2437 = CARTESIAN_POINT('',(3.454001808913,-1.0376312585,2.69092609247)
  );
#2438 = CARTESIAN_POINT('',(3.450279120791,-1.000683342718,
    2.681401336131));
#2439 = CARTESIAN_POINT('',(3.39640114086,-1.150116494193,2.875470990582
    ));
#2440 = CARTESIAN_POINT('',(3.407162179277,-1.093898979613,
    2.863163931531));
#2441 = CARTESIAN_POINT('',(3.410665618857,-1.037225915667,
    2.849489555316));
#2442 = CARTESIAN_POINT('',(3.407162184736,-0.980852800788,
    2.834647085193));
#2443 = CARTESIAN_POINT('',(3.396401152184,-0.925539383041,
    2.818827519945));
#2444 = CARTESIAN_POINT('',(3.308956348961,-1.151954576605,
    3.035278459343));
#2445 = CARTESIAN_POINT('',(3.331496409096,-1.075851623704,
    3.026236070304));
#2446 = CARTESIAN_POINT('',(3.339387452278,-0.997336486342,
    3.009871962299));
#2447 = CARTESIAN_POINT('',(3.331496499695,-0.920393457838,
    2.987279943592));
#2448 = CARTESIAN_POINT('',(3.308956531619,-0.84904368401,2.959383228922
    ));
#2449 = CARTESIAN_POINT('',(3.161113460535,-1.153897143356,
    3.181740035837));
#2450 = CARTESIAN_POINT('',(3.18965797842,-1.059013656873,3.184478705173
    ));
#2451 = CARTESIAN_POINT('',(3.200191670998,-0.958028708969,
    3.169048464025));
#2452 = CARTESIAN_POINT('',(3.189658245658,-0.861613009126,
    3.135283536981));
#2453 = CARTESIAN_POINT('',(3.161113967914,-0.779111513844,
    3.088337900179));
#2454 = ADVANCED_FACE('',(#2455),#2461,.F.);
#2455 = FACE_BOUND('',#2456,.F.);
#2456 = EDGE_LOOP('',(#2457,#2458,#2459,#2460));
#2457 = ORIENTED_EDGE('',*,*,#2045,.T.);
#2458 = ORIENTED_EDGE('',*,*,#2416,.T.);
#2459 = ORIENTED_EDGE('',*,*,#626,.F.);
#2460 = ORIENTED_EDGE('',*,*,#1967,.F.);
#2461 = B_SPLINE_SURFACE_WITH_KNOTS('',2,4,(
    (#2462,#2463,#2464,#2465,#2466)
    ,(#2467,#2468,#2469,#2470,#2471)
    ,(#2472,#2473,#2474,#2475,#2476
    )),.UNSPECIFIED.,.F.,.F.,.F.,(3,3),(5,5),(85.922835637796,
    88.441674811726),(0.,0.499481941437),.PIECEWISE_BEZIER_KNOTS.);
#2462 = CARTESIAN_POINT('',(3.16110931104,-1.153893434191,3.18174250238)
  );
#2463 = CARTESIAN_POINT('',(3.189652762327,-1.059009198689,
    3.184482300026));
#2464 = CARTESIAN_POINT('',(3.200185203323,-0.9580234759,3.169053043052)
  );
#2465 = CARTESIAN_POINT('',(3.189650434769,-0.861607159752,3.13528883043
    ));
#2466 = CARTESIAN_POINT('',(3.161104891932,-0.779105334376,
    3.088343634302));
#2467 = CARTESIAN_POINT('',(3.123617052908,-1.145308186444,
    3.221799222759));
#2468 = CARTESIAN_POINT('',(3.146639753542,-1.044061408747,3.23242619693
    ));
#2469 = CARTESIAN_POINT('',(3.150139941594,-0.936105497334,
    3.222935065397));
#2470 = CARTESIAN_POINT('',(3.131386298358,-0.833903038914,
    3.192292042273));
#2471 = CARTESIAN_POINT('',(3.094637449619,-0.748136946685,
    3.146049945087));
#2472 = CARTESIAN_POINT('',(3.084128748019,-1.145616667433,
    3.259066323644));
#2473 = CARTESIAN_POINT('',(3.101106700381,-1.039408499685,
    3.277007271088));
#2474 = CARTESIAN_POINT('',(3.096817144357,-0.925758495172,
    3.272474383242));
#2475 = CARTESIAN_POINT('',(3.069177026335,-0.819277699479,
    3.243266455304));
#2476 = CARTESIAN_POINT('',(3.024149689789,-0.732106712257,
    3.195685082992));
#2477 = ADVANCED_FACE('',(#2478),#2485,.T.);
#2478 = FACE_BOUND('',#2479,.T.);
#2479 = EDGE_LOOP('',(#2480,#2481,#2482,#2483,#2484));
#2480 = ORIENTED_EDGE('',*,*,#577,.F.);
#2481 = ORIENTED_EDGE('',*,*,#568,.F.);
#2482 = ORIENTED_EDGE('',*,*,#1117,.T.);
#2483 = ORIENTED_EDGE('',*,*,#2330,.T.);
#2484 = ORIENTED_EDGE('',*,*,#2356,.F.);
#2485 = CYLINDRICAL_SURFACE('',#2486,6.);
#2486 = AXIS2_PLACEMENT_3D('',#2487,#2488,#2489);
#2487 = CARTESIAN_POINT('',(-2.525393101199,-4.680490328569,5.45));
#2488 = DIRECTION('',(0.,0.,1.));
#2489 = DIRECTION('',(1.,0.,-0.));
#2490 = ADVANCED_FACE('',(#2491),#2502,.T.);
#2491 = FACE_BOUND('',#2492,.T.);
#2492 = EDGE_LOOP('',(#2493,#2494,#2501));
#2493 = ORIENTED_EDGE('',*,*,#1410,.F.);
#2494 = ORIENTED_EDGE('',*,*,#2495,.F.);
#2495 = EDGE_CURVE('',#507,#1195,#2496,.T.);
#2496 = CIRCLE('',#2497,3.);
#2497 = AXIS2_PLACEMENT_3D('',#2498,#2499,#2500);
#2498 = CARTESIAN_POINT('',(0.,-7.2,0.));
#2499 = DIRECTION('',(0.87758256189,0.,-0.479425538604));
#2500 = DIRECTION('',(0.479425538604,0.,0.87758256189));
#2501 = ORIENTED_EDGE('',*,*,#504,.F.);
#2502 = SPHERICAL_SURFACE('',#2503,3.);
#2503 = AXIS2_PLACEMENT_3D('',#2504,#2505,#2506);
#2504 = CARTESIAN_POINT('',(0.,-7.2,0.));
#2505 = DIRECTION('',(0.,0.,-1.));
#2506 = DIRECTION('',(1.,0.,0.));
#2507 = ADVANCED_FACE('',(#2508),#2513,.T.);
#2508 = FACE_BOUND('',#2509,.T.);
#2509 = EDGE_LOOP('',(#2510,#2511,#2512));
#2510 = ORIENTED_EDGE('',*,*,#515,.F.);
#2511 = ORIENTED_EDGE('',*,*,#2495,.T.);
#2512 = ORIENTED_EDGE('',*,*,#1194,.F.);
#2513 = SPHERICAL_SURFACE('',#2514,3.);
#2514 = AXIS2_PLACEMENT_3D('',#2515,#2516,#2517);
#2515 = CARTESIAN_POINT('',(0.,-7.2,0.));
#2516 = DIRECTION('',(0.,0.,-1.));
#2517 = DIRECTION('',(1.,0.,0.));
#2518 = ADVANCED_FACE('',(#2519),#2570,.F.);
#2519 = FACE_BOUND('',#2520,.F.);
#2520 = EDGE_LOOP('',(#2521,#2522,#2542,#2556,#2569));
#2521 = ORIENTED_EDGE('',*,*,#1388,.F.);
#2522 = ORIENTED_EDGE('',*,*,#2523,.F.);
#2523 = EDGE_CURVE('',#2524,#1361,#2526,.T.);
#2524 = VERTEX_POINT('',#2525);
#2525 = CARTESIAN_POINT('',(-3.474606898801,-1.146345608943,
    -2.418531461952));
#2526 = B_SPLINE_CURVE_WITH_KNOTS('',5,(#2527,#2528,#2529,#2530,#2531,
    #2532,#2533,#2534,#2535,#2536,#2537,#2538,#2539,#2540,#2541),
  .UNSPECIFIED.,.F.,.F.,(6,3,3,3,6),(1.810737740144E-14,1.133608348363,
    2.267216696726,3.838638279676,5.410059862625),.UNSPECIFIED.);
#2527 = CARTESIAN_POINT('',(-3.474606898801,-1.146345608943,
    -2.418531461952));
#2528 = CARTESIAN_POINT('',(-3.474606898768,-1.140157189148,
    -2.442744369119));
#2529 = CARTESIAN_POINT('',(-3.474054413505,-1.133921493761,
    -2.467173379643));
#2530 = CARTESIAN_POINT('',(-3.47293172634,-1.127713356943,
    -2.49156914519));
#2531 = CARTESIAN_POINT('',(-3.469559155173,-1.115280427346,
    -2.540524381299));
#2532 = CARTESIAN_POINT('',(-3.463761673737,-1.102681580637,
    -2.590312946886));
#2533 = CARTESIAN_POINT('',(-3.460221410711,-1.096306330056,
    -2.615540854692));
#2534 = CARTESIAN_POINT('',(-3.450032432157,-1.080848937617,
    -2.676852018641));
#2535 = CARTESIAN_POINT('',(-3.435699864371,-1.065152635246,
    -2.739394962308));
#2536 = CARTESIAN_POINT('',(-3.425896509678,-1.055994141793,
    -2.775985484993));
#2537 = CARTESIAN_POINT('',(-3.403125023814,-1.037578587876,
    -2.849751002196));
#2538 = CARTESIAN_POINT('',(-3.373165008683,-1.018890281684,
    -2.924985532254));
#2539 = CARTESIAN_POINT('',(-3.356176395401,-1.009459344369,
    -2.963043232945));
#2540 = CARTESIAN_POINT('',(-3.33685473589,-0.99991475444,
    -3.001654076508));
#2541 = CARTESIAN_POINT('',(-3.314776387824,-0.990272566039,
    -3.040762296701));
#2542 = ORIENTED_EDGE('',*,*,#2543,.F.);
#2543 = EDGE_CURVE('',#2544,#2524,#2546,.T.);
#2544 = VERTEX_POINT('',#2545);
#2545 = CARTESIAN_POINT('',(-3.474606898801,-4.680490328569,
    -0.916426482176));
#2546 = B_SPLINE_CURVE_WITH_KNOTS('',5,(#2547,#2548,#2549,#2550,#2551,
    #2552,#2553,#2554,#2555),.UNSPECIFIED.,.F.,.F.,(6,3,6),(
    -56.38520546015,-33.26868878595,-14.09169659723),.UNSPECIFIED.);
#2547 = CARTESIAN_POINT('',(-3.474606898801,-4.680490328569,
    -0.916426482176));
#2548 = CARTESIAN_POINT('',(-3.474606898801,-4.486534501017,
    -1.04622179075));
#2549 = CARTESIAN_POINT('',(-3.474606898801,-4.254277959509,
    -1.181440203912));
#2550 = CARTESIAN_POINT('',(-3.474606898801,-3.97892274402,
    -1.323646159859));
#2551 = CARTESIAN_POINT('',(-3.474606898801,-3.383085087095,
    -1.600379485704));
#2552 = CARTESIAN_POINT('',(-3.474606898801,-2.579478492829,
    -1.917259793055));
#2553 = CARTESIAN_POINT('',(-3.474606898801,-2.16539682982,
    -2.070979695452));
#2554 = CARTESIAN_POINT('',(-3.474606898801,-1.692348335435,
    -2.23698293087));
#2555 = CARTESIAN_POINT('',(-3.474606898801,-1.146345608943,
    -2.418531461952));
#2556 = ORIENTED_EDGE('',*,*,#2557,.F.);
#2557 = EDGE_CURVE('',#1467,#2544,#2558,.T.);
#2558 = B_SPLINE_CURVE_WITH_KNOTS('',3,(#2559,#2560,#2561,#2562,#2563,
    #2564,#2565,#2566,#2567,#2568),.UNSPECIFIED.,.F.,.F.,(4,2,2,2,4),(0.
    ,0.25,0.375,0.5,1.),.UNSPECIFIED.);
#2559 = CARTESIAN_POINT('',(-3.430264964411,-5.408595407205,
    -0.676239854669));
#2560 = CARTESIAN_POINT('',(-3.436442472282,-5.357965693414,
    -0.705675770341));
#2561 = CARTESIAN_POINT('',(-3.442243385663,-5.305082425292,
    -0.732000727561));
#2562 = CARTESIAN_POINT('',(-3.450137698506,-5.222348450031,
    -0.767689868015));
#2563 = CARTESIAN_POINT('',(-3.452632797377,-5.194202112467,
    -0.778953390134));
#2564 = CARTESIAN_POINT('',(-3.457298646641,-5.136767143022,
    -0.800363502714));
#2565 = CARTESIAN_POINT('',(-3.459605354041,-5.105426659769,
    -0.811174087435));
#2566 = CARTESIAN_POINT('',(-3.468830433981,-4.966370972613,
    -0.856174773485));
#2567 = CARTESIAN_POINT('',(-3.474607169407,-4.836772238433,
    -0.888604583124));
#2568 = CARTESIAN_POINT('',(-3.474606898801,-4.680490328569,
    -0.916426482176));
#2569 = ORIENTED_EDGE('',*,*,#1498,.T.);
#2570 = B_SPLINE_SURFACE_WITH_KNOTS('',5,4,(
    (#2571,#2572,#2573,#2574,#2575)
    ,(#2576,#2577,#2578,#2579,#2580)
    ,(#2581,#2582,#2583,#2584,#2585)
    ,(#2586,#2587,#2588,#2589,#2590)
    ,(#2591,#2592,#2593,#2594,#2595)
    ,(#2596,#2597,#2598,#2599,#2600)
    ,(#2601,#2602,#2603,#2604,#2605)
    ,(#2606,#2607,#2608,#2609,#2610)
    ,(#2611,#2612,#2613,#2614,#2615
  )),.UNSPECIFIED.,.F.,.F.,.F.,(6,3,6),(5,5),(11.885871220505,
    33.268688785955,72.404402761741),(0.,1.),.UNSPECIFIED.);
#2571 = CARTESIAN_POINT('',(-3.474606898801,-0.822457576911,
    -2.525051462413));
#2572 = CARTESIAN_POINT('',(-3.474629840679,-0.885920890242,
    -2.72008130111));
#2573 = CARTESIAN_POINT('',(-3.418406756708,-0.949496398159,
    -2.91545592628));
#2574 = CARTESIAN_POINT('',(-3.30643116912,-1.005567420583,
    -3.087768430703));
#2575 = CARTESIAN_POINT('',(-3.156374136801,-1.048829435031,
    -3.220717425276));
#2576 = CARTESIAN_POINT('',(-3.474606898801,-1.469961732408,
    -2.314349585296));
#2577 = CARTESIAN_POINT('',(-3.474623514726,-1.532706860954,
    -2.499199555445));
#2578 = CARTESIAN_POINT('',(-3.423855927659,-1.59554195356,
    -2.684311900334));
#2579 = CARTESIAN_POINT('',(-3.322655699833,-1.651718124414,
    -2.849903414077));
#2580 = CARTESIAN_POINT('',(-3.185393335587,-1.696333590528,
    -2.981576770634));
#2581 = CARTESIAN_POINT('',(-3.474606898801,-2.020524593424,
    -2.12442553821));
#2582 = CARTESIAN_POINT('',(-3.474619051543,-2.082606902374,
    -2.299004785252));
#2583 = CARTESIAN_POINT('',(-3.428986023261,-2.144761113417,
    -2.47378293111));
#2584 = CARTESIAN_POINT('',(-3.337959343154,-2.201022063327,
    -2.632127915045));
#2585 = CARTESIAN_POINT('',(-3.213156172673,-2.246896451544,
    -2.761478337335));
#2586 = CARTESIAN_POINT('',(-3.474606898801,-2.495094193655,
    -1.950425425085));
#2587 = CARTESIAN_POINT('',(-3.474615989416,-2.556569325397,
    -2.114680652133));
#2588 = CARTESIAN_POINT('',(-3.433768495524,-2.618101848742,
    -2.279086632555));
#2589 = CARTESIAN_POINT('',(-3.352245570916,-2.674430518317,
    -2.429717562682));
#2590 = CARTESIAN_POINT('',(-3.239407085161,-2.721466051776,
    -2.555725581053));
#2591 = CARTESIAN_POINT('',(-3.474606898801,-3.660479714063,
    -1.493992456859));
#2592 = CARTESIAN_POINT('',(-3.474607297841,-3.720387426432,
    -1.628923700898));
#2593 = CARTESIAN_POINT('',(-3.446293518188,-3.780319619923,
    -1.763902377585));
#2594 = CARTESIAN_POINT('',(-3.389705205764,-3.836801193668,
    -1.891539185707));
#2595 = CARTESIAN_POINT('',(-3.309001410223,-3.886851572184,
    -2.005400344318));
#2596 = CARTESIAN_POINT('',(-3.474606898801,-4.40049589953,
    -1.119781721736));
#2597 = CARTESIAN_POINT('',(-3.474610067022,-4.459249337449,
    -1.225152218023));
#2598 = CARTESIAN_POINT('',(-3.455935439178,-4.518013098255,
    -1.330538077097));
#2599 = CARTESIAN_POINT('',(-3.418595206533,-4.574559211553,
    -1.432271777162));
#2600 = CARTESIAN_POINT('',(-3.364360667598,-4.626867757651,
    -1.526995699193));
#2601 = CARTESIAN_POINT('',(-3.474606898801,-4.758103478763,
    -0.897773605678));
#2602 = CARTESIAN_POINT('',(-3.474608099925,-4.816271299641,
    -0.983995750285));
#2603 = CARTESIAN_POINT('',(-3.46091866463,-4.874444741252,
    -1.070224897098));
#2604 = CARTESIAN_POINT('',(-3.433543710279,-4.931012256948,
    -1.154309295486));
#2605 = CARTESIAN_POINT('',(-3.393455213224,-4.984475336884,
    -1.234237849226));
#2606 = CARTESIAN_POINT('',(-3.474606898801,-5.014673288831,
    -0.689182737134));
#2607 = CARTESIAN_POINT('',(-3.474605797593,-5.072405972295,
    -0.756222651061));
#2608 = CARTESIAN_POINT('',(-3.464661147751,-5.130141824566,
    -0.823265828573));
#2609 = CARTESIAN_POINT('',(-3.444775339719,-5.1867204557,
    -0.889060973649));
#2610 = CARTESIAN_POINT('',(-3.415498345544,-5.241045146952,
    -0.952422356104));
#2611 = CARTESIAN_POINT('',(-3.474606898801,-5.182223779931,
    -0.487844392037));
#2612 = CARTESIAN_POINT('',(-3.474605030315,-5.239668136889,
    -0.53565167929));
#2613 = CARTESIAN_POINT('',(-3.46715636818,-5.297114388399,
    -0.583460543258));
#2614 = CARTESIAN_POINT('',(-3.452262119806,-5.353698790743,
    -0.630552144941));
#2615 = CARTESIAN_POINT('',(-3.430252104745,-5.408595638051,
    -0.676239301826));
#2616 = ADVANCED_FACE('',(#2617),#2642,.F.);
#2617 = FACE_BOUND('',#2618,.F.);
#2618 = EDGE_LOOP('',(#2619,#2620,#2621,#2632,#2641));
#2619 = ORIENTED_EDGE('',*,*,#1360,.F.);
#2620 = ORIENTED_EDGE('',*,*,#1344,.T.);
#2621 = ORIENTED_EDGE('',*,*,#2622,.T.);
#2622 = EDGE_CURVE('',#1326,#2623,#2625,.T.);
#2623 = VERTEX_POINT('',#2624);
#2624 = CARTESIAN_POINT('',(-3.474606898801,-0.934081542409,
    -2.184296920066));
#2625 = B_SPLINE_CURVE_WITH_KNOTS('',5,(#2626,#2627,#2628,#2629,#2630,
    #2631),.UNSPECIFIED.,.F.,.F.,(6,6),(-1.,0.),
  .PIECEWISE_BEZIER_KNOTS.);
#2626 = CARTESIAN_POINT('',(-3.074012753639,-0.333432483851,
    -2.713382569643));
#2627 = CARTESIAN_POINT('',(-3.222584081319,-0.41692254589,
    -2.639836813829));
#2628 = CARTESIAN_POINT('',(-3.345356772725,-0.526265402119,
    -2.543521981347));
#2629 = CARTESIAN_POINT('',(-3.431562966445,-0.655524006577,
    -2.429664329694));
#2630 = CARTESIAN_POINT('',(-3.474606882994,-0.794808568117,
    -2.306975297465));
#2631 = CARTESIAN_POINT('',(-3.474606898801,-0.934081542409,
    -2.184296920066));
#2632 = ORIENTED_EDGE('',*,*,#2633,.F.);
#2633 = EDGE_CURVE('',#2524,#2623,#2634,.T.);
#2634 = B_SPLINE_CURVE_WITH_KNOTS('',5,(#2635,#2636,#2637,#2638,#2639,
    #2640),.UNSPECIFIED.,.F.,.F.,(6,6),(-78.79812487898,-73.7029369834),
  .PIECEWISE_BEZIER_KNOTS.);
#2635 = CARTESIAN_POINT('',(-3.474606898801,-1.146345608943,
    -2.418531461952));
#2636 = CARTESIAN_POINT('',(-3.474606898801,-1.100648135211,
    -2.369413461351));
#2637 = CARTESIAN_POINT('',(-3.474606898801,-1.056668825733,
    -2.321503934325));
#2638 = CARTESIAN_POINT('',(-3.474606898801,-1.014307445044,
    -2.274725836845));
#2639 = CARTESIAN_POINT('',(-3.474606898801,-0.973473959987,
    -2.229009466069));
#2640 = CARTESIAN_POINT('',(-3.474606898801,-0.934081542409,
    -2.184296920066));
#2641 = ORIENTED_EDGE('',*,*,#2523,.T.);
#2642 = B_SPLINE_SURFACE_WITH_KNOTS('',3,4,(
    (#2643,#2644,#2645,#2646,#2647)
    ,(#2648,#2649,#2650,#2651,#2652)
    ,(#2653,#2654,#2655,#2656,#2657)
    ,(#2658,#2659,#2660,#2661,#2662
    )),.UNSPECIFIED.,.F.,.F.,.F.,(4,4),(5,5),(73.702936983401,
    83.614459441342),(0.,1.),.PIECEWISE_BEZIER_KNOTS.);
#2643 = CARTESIAN_POINT('',(-3.474606898801,-0.934087189083,
    -2.184291497999));
#2644 = CARTESIAN_POINT('',(-3.47465378926,-0.760070414518,
    -2.337574456477));
#2645 = CARTESIAN_POINT('',(-3.402665445018,-0.585559878194,
    -2.491292345802));
#2646 = CARTESIAN_POINT('',(-3.259667086262,-0.437716764421,
    -2.621520192666));
#2647 = CARTESIAN_POINT('',(-3.074016786943,-0.333437553782,
    -2.713374704707));
#2648 = CARTESIAN_POINT('',(-3.474606898801,-1.061844036622,
    -2.329317382598));
#2649 = CARTESIAN_POINT('',(-3.474660334397,-0.886589206508,
    -2.48941029672));
#2650 = CARTESIAN_POINT('',(-3.399274271196,-0.710792778128,
    -2.64999650885));
#2651 = CARTESIAN_POINT('',(-3.249616737945,-0.563179223331,
    -2.784881387731));
#2652 = CARTESIAN_POINT('',(-3.056590281219,-0.461194401321,
    -2.878142515798));
#2653 = CARTESIAN_POINT('',(-3.474606898801,-1.207524197739,
    -2.486696166398));
#2654 = CARTESIAN_POINT('',(-3.474668167155,-1.030931032465,
    -2.653557827919));
#2655 = CARTESIAN_POINT('',(-3.395655158232,-0.853741587705,
    -2.820981175523));
#2656 = CARTESIAN_POINT('',(-3.238907539557,-0.706391475989,
    -2.96025640562));
#2657 = CARTESIAN_POINT('',(-3.038195785945,-0.606874562438,
    -3.054392684831));
#2658 = CARTESIAN_POINT('',(-3.474606898801,-1.378589673655,
    -2.662177978875));
#2659 = CARTESIAN_POINT('',(-3.474677829209,-1.200551487645,
    -2.835753445686));
#2660 = CARTESIAN_POINT('',(-3.391812706722,-1.021853900412,
    -3.009971785117));
#2661 = CARTESIAN_POINT('',(-3.227563222067,-0.874809747029,
    -3.153330118166));
#2662 = CARTESIAN_POINT('',(-3.01894132037,-0.777940038354,
    -3.247771683091));
#2663 = ADVANCED_FACE('',(#2664),#2718,.T.);
#2664 = FACE_BOUND('',#2665,.T.);
#2665 = EDGE_LOOP('',(#2666,#2667,#2690,#2700));
#2666 = ORIENTED_EDGE('',*,*,#2622,.T.);
#2667 = ORIENTED_EDGE('',*,*,#2668,.T.);
#2668 = EDGE_CURVE('',#2623,#2669,#2671,.T.);
#2669 = VERTEX_POINT('',#2670);
#2670 = CARTESIAN_POINT('',(-3.474606898801,-3.310766620105E-02,
    -1.695971903188));
#2671 = B_SPLINE_CURVE_WITH_KNOTS('',5,(#2672,#2673,#2674,#2675,#2676,
    #2677,#2678,#2679,#2680,#2681,#2682,#2683,#2684,#2685,#2686,#2687,
    #2688,#2689),.UNSPECIFIED.,.F.,.F.,(6,3,3,3,3,6),(1.648256007914,
    1.750537759451,2.10082534844,2.451809196291,2.827033986577,
    2.901111297732),.UNSPECIFIED.);
#2672 = CARTESIAN_POINT('',(-3.474606898801,-0.934081542409,
    -2.184296920066));
#2673 = CARTESIAN_POINT('',(-3.474606898801,-0.92359467157,
    -2.172390976977));
#2674 = CARTESIAN_POINT('',(-3.474606898801,-0.91299054364,
    -2.16057736019));
#2675 = CARTESIAN_POINT('',(-3.474606898801,-0.902267061029,
    -2.148857940979));
#2676 = CARTESIAN_POINT('',(-3.474606898801,-0.854276986029,
    -2.09742538711));
#2677 = CARTESIAN_POINT('',(-3.474606898801,-0.803799948953,
    -2.047865450816));
#2678 = CARTESIAN_POINT('',(-3.474606898801,-0.762971190548,
    -2.01058567251));
#2679 = CARTESIAN_POINT('',(-3.474606898801,-0.677942090945,
    -1.938892409399));
#2680 = CARTESIAN_POINT('',(-3.474606898801,-0.584705838676,
    -1.873563733325));
#2681 = CARTESIAN_POINT('',(-3.474606898801,-0.53571231408,
    -1.842707163539));
#2682 = CARTESIAN_POINT('',(-3.474606898801,-0.428801152332,
    -1.783535264794));
#2683 = CARTESIAN_POINT('',(-3.474606898801,-0.309154420407,
    -1.737397190448));
#2684 = CARTESIAN_POINT('',(-3.474606898801,-0.243072637728,
    -1.717778784969));
#2685 = CARTESIAN_POINT('',(-3.474606898801,-0.160136016387,
    -1.702120572753));
#2686 = CARTESIAN_POINT('',(-3.474606898801,-7.522467919071E-02,
    -1.69684404474));
#2687 = CARTESIAN_POINT('',(-3.474606898801,-6.119286738512E-02,
    -1.696262413436));
#2688 = CARTESIAN_POINT('',(-3.474606898801,-4.714801160078E-02,
    -1.695971684354));
#2689 = CARTESIAN_POINT('',(-3.474606898801,-3.310766620105E-02,
    -1.695971903188));
#2690 = ORIENTED_EDGE('',*,*,#2691,.F.);
#2691 = EDGE_CURVE('',#2692,#2669,#2694,.T.);
#2692 = VERTEX_POINT('',#2693);
#2693 = CARTESIAN_POINT('',(-3.299475865069,-3.310766620105E-02,
    -2.261295870918));
#2694 = B_SPLINE_CURVE_WITH_KNOTS('',4,(#2695,#2696,#2697,#2698,#2699),
  .UNSPECIFIED.,.F.,.F.,(5,5),(-1.,0.),.PIECEWISE_BEZIER_KNOTS.);
#2695 = CARTESIAN_POINT('',(-3.299475865069,-3.310766620105E-02,
    -2.261295870918));
#2696 = CARTESIAN_POINT('',(-3.384391419535,-3.310765966608E-02,
    -2.137395058656));
#2697 = CARTESIAN_POINT('',(-3.444510822631,-3.310766175422E-02,
    -1.996437005877));
#2698 = CARTESIAN_POINT('',(-3.474607030285,-3.310766398013E-02,
    -1.846178100119));
#2699 = CARTESIAN_POINT('',(-3.474606898801,-3.310766620105E-02,
    -1.695971903188));
#2700 = ORIENTED_EDGE('',*,*,#2701,.F.);
#2701 = EDGE_CURVE('',#1326,#2692,#2702,.T.);
#2702 = B_SPLINE_CURVE_WITH_KNOTS('',5,(#2703,#2704,#2705,#2706,#2707,
    #2708,#2709,#2710,#2711,#2712,#2713,#2714,#2715,#2716,#2717),
  .UNSPECIFIED.,.F.,.F.,(6,3,3,3,6),(1.648256007914,1.750537759451,
    2.10082534844,2.451809196291,2.901111090854),.UNSPECIFIED.);
#2703 = CARTESIAN_POINT('',(-3.074012753639,-0.333432483851,
    -2.713382569643));
#2704 = CARTESIAN_POINT('',(-3.079381439867,-0.329936782207,
    -2.703331817883));
#2705 = CARTESIAN_POINT('',(-3.084719978603,-0.326402002183,
    -2.69330454885));
#2706 = CARTESIAN_POINT('',(-3.090026828885,-0.322827464032,
    -2.683303395894));
#2707 = CARTESIAN_POINT('',(-3.113362232248,-0.306830774335,
    -2.639176658044));
#2708 = CARTESIAN_POINT('',(-3.136036793925,-0.290005088562,
    -2.595633759912));
#2709 = CARTESIAN_POINT('',(-3.153183688592,-0.276395502116,
    -2.562289098056));
#2710 = CARTESIAN_POINT('',(-3.186294642208,-0.248052479994,
    -2.497060285482));
#2711 = CARTESIAN_POINT('',(-3.216656525935,-0.216973718137,
    -2.435672274741));
#2712 = CARTESIAN_POINT('',(-3.231027912285,-0.20064253683,
    -2.406218348115));
#2713 = CARTESIAN_POINT('',(-3.261431268002,-0.161370343155,
    -2.343088796538));
#2714 = CARTESIAN_POINT('',(-3.284483249634,-0.116942662062,
    -2.293874816383));
#2715 = CARTESIAN_POINT('',(-3.294490811973,-8.993595696087E-02,
    -2.272133017388));
#2716 = CARTESIAN_POINT('',(-3.299475688289,-6.149416058885E-02,
    -2.261296128859));
#2717 = CARTESIAN_POINT('',(-3.299475865069,-3.310766620105E-02,
    -2.261295870918));
#2718 = B_SPLINE_SURFACE_WITH_KNOTS('',5,4,(
    (#2719,#2720,#2721,#2722,#2723)
    ,(#2724,#2725,#2726,#2727,#2728)
    ,(#2729,#2730,#2731,#2732,#2733)
    ,(#2734,#2735,#2736,#2737,#2738)
    ,(#2739,#2740,#2741,#2742,#2743)
    ,(#2744,#2745,#2746,#2747,#2748)
    ,(#2749,#2750,#2751,#2752,#2753)
    ,(#2754,#2755,#2756,#2757,#2758)
    ,(#2759,#2760,#2761,#2762,#2763)
    ,(#2764,#2765,#2766,#2767,#2768)
    ,(#2769,#2770,#2771,#2772,#2773)
    ,(#2774,#2775,#2776,#2777,#2778
    )),.UNSPECIFIED.,.F.,.F.,.F.,(6,3,3,6),(5,5),(1.648256007914,
    2.10082534844,2.451809196291,2.901111297732),(0.,1.),.UNSPECIFIED.);
#2719 = CARTESIAN_POINT('',(-3.474606898801,-0.934081542409,
    -2.184296920066));
#2720 = CARTESIAN_POINT('',(-3.474653757298,-0.760064596775,
    -2.337580865369));
#2721 = CARTESIAN_POINT('',(-3.402664606392,-0.585553878811,
    -2.491299753203));
#2722 = CARTESIAN_POINT('',(-3.259664703974,-0.43771091126,
    -2.62152818164));
#2723 = CARTESIAN_POINT('',(-3.074012706219,-0.333432288979,
    -2.713382676475));
#2724 = CARTESIAN_POINT('',(-3.474606898801,-0.887679949278,
    -2.131616312518));
#2725 = CARTESIAN_POINT('',(-3.474644964401,-0.724312753322,
    -2.285791860522));
#2726 = CARTESIAN_POINT('',(-3.407287456458,-0.56054241757,
    -2.44035166499));
#2727 = CARTESIAN_POINT('',(-3.273365013177,-0.420000713899,
    -2.572876138899));
#2728 = CARTESIAN_POINT('',(-3.097767794842,-0.31796509447,
    -2.668910606833));
#2729 = CARTESIAN_POINT('',(-3.474606898801,-0.839055692196,
    -2.080811894784));
#2730 = CARTESIAN_POINT('',(-3.474637870064,-0.686457638716,
    -2.235510585615));
#2731 = CARTESIAN_POINT('',(-3.411727995341,-0.533531706811,
    -2.390546744905));
#2732 = CARTESIAN_POINT('',(-3.286551142597,-0.400737261836,
    -2.525007883712));
#2733 = CARTESIAN_POINT('',(-3.120901222081,-0.301757012351,
    -2.624958349816));
#2734 = CARTESIAN_POINT('',(-3.474606898801,-0.787621346775,
    -2.031652291911));
#2735 = CARTESIAN_POINT('',(-3.474631812524,-0.646035601829,
    -2.186555459854));
#2736 = CARTESIAN_POINT('',(-3.416003105389,-0.504184500254,
    -2.341753563029));
#2737 = CARTESIAN_POINT('',(-3.299267833606,-0.379667536425,
    -2.477820757694));
#2738 = CARTESIAN_POINT('',(-3.14345826666,-0.284612215665,
    -2.581414591998));
#2739 = CARTESIAN_POINT('',(-3.474606898801,-0.69152414654,
    -1.948406733202));
#2740 = CARTESIAN_POINT('',(-3.474623842207,-0.569858851262,
    -2.103183684823));
#2741 = CARTESIAN_POINT('',(-3.423200470298,-0.448018943423,
    -2.258188721813));
#2742 = CARTESIAN_POINT('',(-3.320703883079,-0.339091947785,
    -2.396530041134));
#2743 = CARTESIAN_POINT('',(-3.181872782304,-0.252579834633,
    -2.506001199984));
#2744 = CARTESIAN_POINT('',(-3.474606898801,-0.584718732969,
    -1.87357457987));
#2745 = CARTESIAN_POINT('',(-3.474618323405,-0.484059642577,
    -2.027553029684));
#2746 = CARTESIAN_POINT('',(-3.429596808511,-0.383287246608,
    -2.18170765548));
#2747 = CARTESIAN_POINT('',(-3.339793401764,-0.291875336968,
    -2.321420719756));
#2748 = CARTESIAN_POINT('',(-3.216651502275,-0.216978015338,
    -2.435682078878));
#2749 = CARTESIAN_POINT('',(-3.474606898801,-0.53569235921,
    -1.842706301905));
#2750 = CARTESIAN_POINT('',(-3.474615474305,-0.444479069154,
    -1.996235974377));
#2751 = CARTESIAN_POINT('',(-3.43221933086,-0.353174518834,
    -2.149921966518));
#2752 = CARTESIAN_POINT('',(-3.347628808704,-0.26983122743,
    -2.29007891382));
#2753 = CARTESIAN_POINT('',(-3.231028357867,-0.200635877757,
    -2.406218037057));
#2754 = CARTESIAN_POINT('',(-3.474606898801,-0.417921165201,
    -1.777500505747));
#2755 = CARTESIAN_POINT('',(-3.474614515825,-0.348956433868,
    -1.929859551496));
#2756 = CARTESIAN_POINT('',(-3.437733165168,-0.279941510516,
    -2.082336076761));
#2757 = CARTESIAN_POINT('',(-3.364098872061,-0.216036426552,
    -2.223193336065));
#2758 = CARTESIAN_POINT('',(-3.261430705463,-0.161378857429,
    -2.343089178411));
#2759 = CARTESIAN_POINT('',(-3.474606898801,-0.284579943568,
    -1.728118717894));
#2760 = CARTESIAN_POINT('',(-3.474609609036,-0.23989115526,
    -1.879242020608));
#2761 = CARTESIAN_POINT('',(-3.441849905335,-0.195176560819,
    -2.030458178554));
#2762 = CARTESIAN_POINT('',(-3.376425133741,-0.153382783851,
    -2.171471245921));
#2763 = CARTESIAN_POINT('',(-3.284483991732,-0.116931726788,
    -2.293874281205));
#2764 = CARTESIAN_POINT('',(-3.474606898801,-0.203579848961,
    -1.706665518962));
#2765 = CARTESIAN_POINT('',(-3.474611465134,-0.173389267552,
    -1.857170455464));
#2766 = CARTESIAN_POINT('',(-3.44362813604,-0.143182891097,
    -2.007758797504));
#2767 = CARTESIAN_POINT('',(-3.381740503456,-0.114843197494,
    -2.148745570117));
#2768 = CARTESIAN_POINT('',(-3.294489715098,-8.99317207439E-02,
    -2.272141271737));
#2769 = CARTESIAN_POINT('',(-3.474606898801,-0.118266760032,
    -1.695972481777));
#2770 = CARTESIAN_POINT('',(-3.474610268194,-0.10318356662,
    -1.846165800329));
#2771 = CARTESIAN_POINT('',(-3.444511127565,-8.8092468767E-02,
    -1.99643782806));
#2772 = CARTESIAN_POINT('',(-3.384386405336,-7.393548786797E-02,
    -2.13740827064));
#2773 = CARTESIAN_POINT('',(-3.299475562184,-6.149403476039E-02,
    -2.261296127766));
#2774 = CARTESIAN_POINT('',(-3.474606898801,-3.310766620527E-02,
    -1.695971526925));
#2775 = CARTESIAN_POINT('',(-3.474610562171,-3.310766398032E-02,
    -1.846165033061));
#2776 = CARTESIAN_POINT('',(-3.444511607531,-3.310766175421E-02,
    -1.99643724903));
#2777 = CARTESIAN_POINT('',(-3.384386945769,-3.31076596659E-02,
    -2.13740783393));
#2778 = CARTESIAN_POINT('',(-3.299476059252,-3.310765783064E-02,
    -2.26129575425));
#2779 = ADVANCED_FACE('',(#2780),#2800,.F.);
#2780 = FACE_BOUND('',#2781,.F.);
#2781 = EDGE_LOOP('',(#2782,#2783,#2792,#2799));
#2782 = ORIENTED_EDGE('',*,*,#1325,.T.);
#2783 = ORIENTED_EDGE('',*,*,#2784,.F.);
#2784 = EDGE_CURVE('',#2785,#1303,#2787,.T.);
#2785 = VERTEX_POINT('',#2786);
#2786 = CARTESIAN_POINT('',(-1.917702154417,-3.310766620105E-02,
    -3.510330247561));
#2787 = CIRCLE('',#2788,0.5);
#2788 = AXIS2_PLACEMENT_3D('',#2789,#2790,#2791);
#2789 = CARTESIAN_POINT('',(-2.157414923719,-3.310766620105E-02,
    -3.949121528507));
#2790 = DIRECTION('',(0.87758256189,4.480939141245E-20,-0.479425538604)
  );
#2791 = DIRECTION('',(-0.479425538604,1.504632769053E-35,-0.87758256189)
  );
#2792 = ORIENTED_EDGE('',*,*,#2793,.F.);
#2793 = EDGE_CURVE('',#2692,#2785,#2794,.T.);
#2794 = CIRCLE('',#2795,4.);
#2795 = AXIS2_PLACEMENT_3D('',#2796,#2797,#2798);
#2796 = CARTESIAN_POINT('',(0.,-3.310766620105E-02,0.));
#2797 = DIRECTION('',(0.,-1.,0.));
#2798 = DIRECTION('',(1.,0.,0.));
#2799 = ORIENTED_EDGE('',*,*,#2701,.F.);
#2800 = TOROIDAL_SURFACE('',#2801,4.5,0.5);
#2801 = AXIS2_PLACEMENT_3D('',#2802,#2803,#2804);
#2802 = CARTESIAN_POINT('',(0.,-3.310766620105E-02,0.));
#2803 = DIRECTION('',(-6.683513727446E-20,1.,-2.887614126996E-20));
#2804 = DIRECTION('',(-0.379730662278,-5.209258517186E-20,
    -0.925097089027));
#2805 = ADVANCED_FACE('',(#2806),#2831,.F.);
#2806 = FACE_BOUND('',#2807,.F.);
#2807 = EDGE_LOOP('',(#2808,#2822,#2829,#2830));
#2808 = ORIENTED_EDGE('',*,*,#2809,.T.);
#2809 = EDGE_CURVE('',#1291,#2810,#2812,.T.);
#2810 = VERTEX_POINT('',#2811);
#2811 = CARTESIAN_POINT('',(1.5,-3.310766620105E-02,-3.708099243548));
#2812 = B_SPLINE_CURVE_WITH_KNOTS('',5,(#2813,#2814,#2815,#2816,#2817,
    #2818,#2819,#2820,#2821),.UNSPECIFIED.,.F.,.F.,(6,3,6),(0.,
    0.324753546592,0.460519038189),.UNSPECIFIED.);
#2813 = CARTESIAN_POINT('',(1.5,-0.333432483852,-3.816018758683));
#2814 = CARTESIAN_POINT('',(1.5,-0.297791849675,-3.787248706966));
#2815 = CARTESIAN_POINT('',(1.5,-0.25889002973,-3.762486511126));
#2816 = CARTESIAN_POINT('',(1.5,-0.217204782175,-3.742347208766));
#2817 = CARTESIAN_POINT('',(1.5,-0.155151356026,-3.72118679688));
#2818 = CARTESIAN_POINT('',(1.5,-9.073791087738E-02,-3.711094263556));
#2819 = CARTESIAN_POINT('',(1.5,-7.150786885675E-02,-3.709093406185));
#2820 = CARTESIAN_POINT('',(1.5,-5.230780615292E-02,-3.708099243548));
#2821 = CARTESIAN_POINT('',(1.5,-3.310766620105E-02,-3.708099243548));
#2822 = ORIENTED_EDGE('',*,*,#2823,.F.);
#2823 = EDGE_CURVE('',#2785,#2810,#2824,.T.);
#2824 = CIRCLE('',#2825,4.);
#2825 = AXIS2_PLACEMENT_3D('',#2826,#2827,#2828);
#2826 = CARTESIAN_POINT('',(0.,-3.310766620105E-02,0.));
#2827 = DIRECTION('',(0.,-1.,0.));
#2828 = DIRECTION('',(1.,0.,0.));
#2829 = ORIENTED_EDGE('',*,*,#2784,.T.);
#2830 = ORIENTED_EDGE('',*,*,#1310,.T.);
#2831 = TOROIDAL_SURFACE('',#2832,4.5,0.5);
#2832 = AXIS2_PLACEMENT_3D('',#2833,#2834,#2835);
#2833 = CARTESIAN_POINT('',(-8.881784197001E-16,-3.310766620105E-02,
    -4.440892098501E-16));
#2834 = DIRECTION('',(4.948059254455E-18,1.,-9.476986467493E-19));
#2835 = DIRECTION('',(0.532266972259,-3.435987977259E-18,-0.846576558996
    ));
#2836 = ADVANCED_FACE('',(#2837),#2881,.T.);
#2837 = FACE_BOUND('',#2838,.T.);
#2838 = EDGE_LOOP('',(#2839,#2849,#2857,#2863,#2864,#2865,#2866,#2867,
    #2875));
#2839 = ORIENTED_EDGE('',*,*,#2840,.T.);
#2840 = EDGE_CURVE('',#2841,#2843,#2845,.T.);
#2841 = VERTEX_POINT('',#2842);
#2842 = CARTESIAN_POINT('',(1.5,1.3,-2.75));
#2843 = VERTEX_POINT('',#2844);
#2844 = CARTESIAN_POINT('',(1.5,-6.410976896608,-2.75));
#2845 = LINE('',#2846,#2847);
#2846 = CARTESIAN_POINT('',(1.5,-2.555488448308,-2.75));
#2847 = VECTOR('',#2848,1.);
#2848 = DIRECTION('',(0.,-1.,0.));
#2849 = ORIENTED_EDGE('',*,*,#2850,.F.);
#2850 = EDGE_CURVE('',#2851,#2843,#2853,.T.);
#2851 = VERTEX_POINT('',#2852);
#2852 = CARTESIAN_POINT('',(1.5,-7.679115574362,-2.455278399856));
#2853 = LINE('',#2854,#2855);
#2854 = CARTESIAN_POINT('',(1.5,-7.045046235486,-2.602639199928));
#2855 = VECTOR('',#2856,1.);
#2856 = DIRECTION('',(0.,0.974040954915,-0.226371858121));
#2857 = ORIENTED_EDGE('',*,*,#2858,.T.);
#2858 = EDGE_CURVE('',#2851,#1221,#2859,.T.);
#2859 = LINE('',#2860,#2861);
#2860 = CARTESIAN_POINT('',(1.5,-7.679115574362,-2.508518658277));
#2861 = VECTOR('',#2862,1.);
#2862 = DIRECTION('',(0.,0.,-1.));
#2863 = ORIENTED_EDGE('',*,*,#1220,.T.);
#2864 = ORIENTED_EDGE('',*,*,#1270,.T.);
#2865 = ORIENTED_EDGE('',*,*,#1290,.F.);
#2866 = ORIENTED_EDGE('',*,*,#2809,.T.);
#2867 = ORIENTED_EDGE('',*,*,#2868,.T.);
#2868 = EDGE_CURVE('',#2810,#2869,#2871,.T.);
#2869 = VERTEX_POINT('',#2870);
#2870 = CARTESIAN_POINT('',(1.5,1.3,-3.708099243548));
#2871 = LINE('',#2872,#2873);
#2872 = CARTESIAN_POINT('',(1.5,0.633446166899,-3.708099243548));
#2873 = VECTOR('',#2874,1.);
#2874 = DIRECTION('',(0.,1.,0.));
#2875 = ORIENTED_EDGE('',*,*,#2876,.F.);
#2876 = EDGE_CURVE('',#2841,#2869,#2877,.T.);
#2877 = LINE('',#2878,#2879);
#2878 = CARTESIAN_POINT('',(1.5,1.3,-3.229049621774));
#2879 = VECTOR('',#2880,1.);
#2880 = DIRECTION('',(0.,0.,-1.));
#2881 = PLANE('',#2882);
#2882 = AXIS2_PLACEMENT_3D('',#2883,#2884,#2885);
#2883 = CARTESIAN_POINT('',(1.5,0.,0.));
#2884 = DIRECTION('',(1.,0.,0.));
#2885 = DIRECTION('',(-0.,1.,0.));
#2886 = ADVANCED_FACE('',(#2887),#2906,.T.);
#2887 = FACE_BOUND('',#2888,.T.);
#2888 = EDGE_LOOP('',(#2889,#2890,#2891,#2899,#2905));
#2889 = ORIENTED_EDGE('',*,*,#1234,.T.);
#2890 = ORIENTED_EDGE('',*,*,#2858,.F.);
#2891 = ORIENTED_EDGE('',*,*,#2892,.F.);
#2892 = EDGE_CURVE('',#2893,#2851,#2895,.T.);
#2893 = VERTEX_POINT('',#2894);
#2894 = CARTESIAN_POINT('',(-1.5,-7.679115574362,-2.455278399856));
#2895 = LINE('',#2896,#2897);
#2896 = CARTESIAN_POINT('',(0.,-7.679115574362,-2.455278399856));
#2897 = VECTOR('',#2898,1.);
#2898 = DIRECTION('',(1.,0.,0.));
#2899 = ORIENTED_EDGE('',*,*,#2900,.F.);
#2900 = EDGE_CURVE('',#964,#2893,#2901,.T.);
#2901 = LINE('',#2902,#2903);
#2902 = CARTESIAN_POINT('',(-1.5,-7.679115574362,-1.452639199928));
#2903 = VECTOR('',#2904,1.);
#2904 = DIRECTION('',(0.,0.,-1.));
#2905 = ORIENTED_EDGE('',*,*,#963,.T.);
#2906 = PLANE('',#2907);
#2907 = AXIS2_PLACEMENT_3D('',#2908,#2909,#2910);
#2908 = CARTESIAN_POINT('',(0.,-7.679115574362,2.455278399856));
#2909 = DIRECTION('',(0.,1.,0.));
#2910 = DIRECTION('',(0.,0.,-1.));
#2911 = ADVANCED_FACE('',(#2912),#2955,.T.);
#2912 = FACE_BOUND('',#2913,.T.);
#2913 = EDGE_LOOP('',(#2914,#2924,#2931,#2932,#2933,#2941,#2949));
#2914 = ORIENTED_EDGE('',*,*,#2915,.T.);
#2915 = EDGE_CURVE('',#2916,#2918,#2920,.T.);
#2916 = VERTEX_POINT('',#2917);
#2917 = CARTESIAN_POINT('',(-1.5,0.8,-1.343698985867));
#2918 = VERTEX_POINT('',#2919);
#2919 = CARTESIAN_POINT('',(-1.5,-2.881779224351,-1.021585042131));
#2920 = LINE('',#2921,#2922);
#2921 = CARTESIAN_POINT('',(-1.5,-1.040889612175,-1.182642013999));
#2922 = VECTOR('',#2923,1.);
#2923 = DIRECTION('',(0.,-0.996194698092,8.715574274766E-02));
#2924 = ORIENTED_EDGE('',*,*,#2925,.T.);
#2925 = EDGE_CURVE('',#2918,#972,#2926,.T.);
#2926 = CIRCLE('',#2927,1.);
#2927 = AXIS2_PLACEMENT_3D('',#2928,#2929,#2930);
#2928 = CARTESIAN_POINT('',(-1.5,-2.794623481603,-2.539034403896E-02));
#2929 = DIRECTION('',(-1.,0.,0.));
#2930 = DIRECTION('',(0.,1.,0.));
#2931 = ORIENTED_EDGE('',*,*,#971,.T.);
#2932 = ORIENTED_EDGE('',*,*,#2900,.T.);
#2933 = ORIENTED_EDGE('',*,*,#2934,.T.);
#2934 = EDGE_CURVE('',#2893,#2935,#2937,.T.);
#2935 = VERTEX_POINT('',#2936);
#2936 = CARTESIAN_POINT('',(-1.5,-6.410976896608,-2.75));
#2937 = LINE('',#2938,#2939);
#2938 = CARTESIAN_POINT('',(-1.5,-7.045046235485,-2.602639199928));
#2939 = VECTOR('',#2940,1.);
#2940 = DIRECTION('',(0.,0.974040954915,-0.226371858121));
#2941 = ORIENTED_EDGE('',*,*,#2942,.T.);
#2942 = EDGE_CURVE('',#2935,#2943,#2945,.T.);
#2943 = VERTEX_POINT('',#2944);
#2944 = CARTESIAN_POINT('',(-1.5,0.8,-2.75));
#2945 = LINE('',#2946,#2947);
#2946 = CARTESIAN_POINT('',(-1.5,-2.805488448304,-2.75));
#2947 = VECTOR('',#2948,1.);
#2948 = DIRECTION('',(0.,1.,0.));
#2949 = ORIENTED_EDGE('',*,*,#2950,.F.);
#2950 = EDGE_CURVE('',#2916,#2943,#2951,.T.);
#2951 = LINE('',#2952,#2953);
#2952 = CARTESIAN_POINT('',(-1.5,0.8,-2.046849492933));
#2953 = VECTOR('',#2954,1.);
#2954 = DIRECTION('',(0.,0.,-1.));
#2955 = PLANE('',#2956);
#2956 = AXIS2_PLACEMENT_3D('',#2957,#2958,#2959);
#2957 = CARTESIAN_POINT('',(-1.5,0.,0.));
#2958 = DIRECTION('',(1.,0.,0.));
#2959 = DIRECTION('',(-0.,1.,0.));
#2960 = ADVANCED_FACE('',(#2961),#3013,.T.);
#2961 = FACE_BOUND('',#2962,.T.);
#2962 = EDGE_LOOP('',(#2963,#2971,#2972,#2980,#2989,#2998,#3007));
#2963 = ORIENTED_EDGE('',*,*,#2964,.T.);
#2964 = EDGE_CURVE('',#2965,#2916,#2967,.T.);
#2965 = VERTEX_POINT('',#2966);
#2966 = CARTESIAN_POINT('',(-3.474606898801,0.8,-1.343698985867));
#2967 = LINE('',#2968,#2969);
#2968 = CARTESIAN_POINT('',(-2.487303449401,0.8,-1.343698985867));
#2969 = VECTOR('',#2970,1.);
#2970 = DIRECTION('',(1.,0.,0.));
#2971 = ORIENTED_EDGE('',*,*,#2950,.T.);
#2972 = ORIENTED_EDGE('',*,*,#2973,.F.);
#2973 = EDGE_CURVE('',#2974,#2943,#2976,.T.);
#2974 = VERTEX_POINT('',#2975);
#2975 = CARTESIAN_POINT('',(-1.5,0.8,-3.708099243548));
#2976 = LINE('',#2977,#2978);
#2977 = CARTESIAN_POINT('',(-1.5,0.8,-3.229049621774));
#2978 = VECTOR('',#2979,1.);
#2979 = DIRECTION('',(0.,0.,1.));
#2980 = ORIENTED_EDGE('',*,*,#2981,.T.);
#2981 = EDGE_CURVE('',#2974,#2982,#2984,.T.);
#2982 = VERTEX_POINT('',#2983);
#2983 = CARTESIAN_POINT('',(-1.917702154417,0.8,-3.510330247561));
#2984 = CIRCLE('',#2985,4.);
#2985 = AXIS2_PLACEMENT_3D('',#2986,#2987,#2988);
#2986 = CARTESIAN_POINT('',(0.,0.8,0.));
#2987 = DIRECTION('',(-0.,1.,0.));
#2988 = DIRECTION('',(1.,0.,0.));
#2989 = ORIENTED_EDGE('',*,*,#2990,.T.);
#2990 = EDGE_CURVE('',#2982,#2991,#2993,.T.);
#2991 = VERTEX_POINT('',#2992);
#2992 = CARTESIAN_POINT('',(-3.299475865069,0.8,-2.261295870918));
#2993 = CIRCLE('',#2994,4.);
#2994 = AXIS2_PLACEMENT_3D('',#2995,#2996,#2997);
#2995 = CARTESIAN_POINT('',(0.,0.8,0.));
#2996 = DIRECTION('',(-0.,1.,0.));
#2997 = DIRECTION('',(1.,0.,0.));
#2998 = ORIENTED_EDGE('',*,*,#2999,.F.);
#2999 = EDGE_CURVE('',#3000,#2991,#3002,.T.);
#3000 = VERTEX_POINT('',#3001);
#3001 = CARTESIAN_POINT('',(-3.474606898801,0.8,-1.695971903188));
#3002 = CIRCLE('',#3003,1.);
#3003 = AXIS2_PLACEMENT_3D('',#3004,#3005,#3006);
#3004 = CARTESIAN_POINT('',(-2.474606898801,0.8,-1.695971903188));
#3005 = DIRECTION('',(0.,-1.,0.));
#3006 = DIRECTION('',(1.,0.,0.));
#3007 = ORIENTED_EDGE('',*,*,#3008,.F.);
#3008 = EDGE_CURVE('',#2965,#3000,#3009,.T.);
#3009 = LINE('',#3010,#3011);
#3010 = CARTESIAN_POINT('',(-3.474606898801,0.8,-1.519835444528));
#3011 = VECTOR('',#3012,1.);
#3012 = DIRECTION('',(0.,0.,-1.));
#3013 = PLANE('',#3014);
#3014 = AXIS2_PLACEMENT_3D('',#3015,#3016,#3017);
#3015 = CARTESIAN_POINT('',(0.,0.8,4.));
#3016 = DIRECTION('',(-0.,1.,0.));
#3017 = DIRECTION('',(1.,0.,0.));
#3018 = ADVANCED_FACE('',(#3019),#3037,.T.);
#3019 = FACE_BOUND('',#3020,.T.);
#3020 = EDGE_LOOP('',(#3021,#3029,#3030,#3031));
#3021 = ORIENTED_EDGE('',*,*,#3022,.F.);
#3022 = EDGE_CURVE('',#2918,#3023,#3025,.T.);
#3023 = VERTEX_POINT('',#3024);
#3024 = CARTESIAN_POINT('',(-3.474606898801,-2.881779224351,
    -1.021585042131));
#3025 = LINE('',#3026,#3027);
#3026 = CARTESIAN_POINT('',(-2.487303449401,-2.881779224351,
    -1.021585042131));
#3027 = VECTOR('',#3028,1.);
#3028 = DIRECTION('',(-1.,0.,0.));
#3029 = ORIENTED_EDGE('',*,*,#2915,.F.);
#3030 = ORIENTED_EDGE('',*,*,#2964,.F.);
#3031 = ORIENTED_EDGE('',*,*,#3032,.T.);
#3032 = EDGE_CURVE('',#2965,#3023,#3033,.T.);
#3033 = LINE('',#3034,#3035);
#3034 = CARTESIAN_POINT('',(-3.474606898801,-1.040889612175,
    -1.182642013999));
#3035 = VECTOR('',#3036,1.);
#3036 = DIRECTION('',(0.,-0.996194698092,8.715574274766E-02));
#3037 = PLANE('',#3038);
#3038 = AXIS2_PLACEMENT_3D('',#3039,#3040,#3041);
#3039 = CARTESIAN_POINT('',(1.5,2.160335213234,-1.46271289562));
#3040 = DIRECTION('',(0.,8.715574274766E-02,0.996194698092));
#3041 = DIRECTION('',(0.,-0.996194698092,8.715574274766E-02));
#3042 = ADVANCED_FACE('',(#3043),#3055,.F.);
#3043 = FACE_BOUND('',#3044,.F.);
#3044 = EDGE_LOOP('',(#3045,#3052,#3053,#3054));
#3045 = ORIENTED_EDGE('',*,*,#3046,.T.);
#3046 = EDGE_CURVE('',#893,#3023,#3047,.T.);
#3047 = CIRCLE('',#3048,1.);
#3048 = AXIS2_PLACEMENT_3D('',#3049,#3050,#3051);
#3049 = CARTESIAN_POINT('',(-3.474606898801,-2.794623481603,
    -2.539034403896E-02));
#3050 = DIRECTION('',(1.,0.,0.));
#3051 = DIRECTION('',(-0.,1.,0.));
#3052 = ORIENTED_EDGE('',*,*,#3022,.F.);
#3053 = ORIENTED_EDGE('',*,*,#2925,.T.);
#3054 = ORIENTED_EDGE('',*,*,#979,.T.);
#3055 = CYLINDRICAL_SURFACE('',#3056,1.);
#3056 = AXIS2_PLACEMENT_3D('',#3057,#3058,#3059);
#3057 = CARTESIAN_POINT('',(-2.487303449401,-2.794623481603,
    -2.539034403896E-02));
#3058 = DIRECTION('',(-1.,0.,0.));
#3059 = DIRECTION('',(-0.,-0.905376518397,-0.424609655961));
#3060 = ADVANCED_FACE('',(#3061),#3082,.T.);
#3061 = FACE_BOUND('',#3062,.T.);
#3062 = EDGE_LOOP('',(#3063,#3069,#3070,#3071,#3072,#3073,#3079,#3080,
    #3081));
#3063 = ORIENTED_EDGE('',*,*,#3064,.F.);
#3064 = EDGE_CURVE('',#891,#2544,#3065,.T.);
#3065 = LINE('',#3066,#3067);
#3066 = CARTESIAN_POINT('',(-3.474606898801,-4.680490328569,-5.45));
#3067 = VECTOR('',#3068,1.);
#3068 = DIRECTION('',(0.,0.,-1.));
#3069 = ORIENTED_EDGE('',*,*,#890,.T.);
#3070 = ORIENTED_EDGE('',*,*,#3046,.T.);
#3071 = ORIENTED_EDGE('',*,*,#3032,.F.);
#3072 = ORIENTED_EDGE('',*,*,#3008,.T.);
#3073 = ORIENTED_EDGE('',*,*,#3074,.F.);
#3074 = EDGE_CURVE('',#2669,#3000,#3075,.T.);
#3075 = LINE('',#3076,#3077);
#3076 = CARTESIAN_POINT('',(-3.474606898801,0.383446166899,
    -1.695971903188));
#3077 = VECTOR('',#3078,1.);
#3078 = DIRECTION('',(0.,1.,0.));
#3079 = ORIENTED_EDGE('',*,*,#2668,.F.);
#3080 = ORIENTED_EDGE('',*,*,#2633,.F.);
#3081 = ORIENTED_EDGE('',*,*,#2543,.F.);
#3082 = PLANE('',#3083);
#3083 = AXIS2_PLACEMENT_3D('',#3084,#3085,#3086);
#3084 = CARTESIAN_POINT('',(-3.474606898801,-4.680490328569,-0.45));
#3085 = DIRECTION('',(-1.,0.,0.));
#3086 = DIRECTION('',(0.,1.,0.));
#3087 = ADVANCED_FACE('',(#3088),#3099,.T.);
#3088 = FACE_BOUND('',#3089,.T.);
#3089 = EDGE_LOOP('',(#3090,#3096,#3097,#3098));
#3090 = ORIENTED_EDGE('',*,*,#3091,.F.);
#3091 = EDGE_CURVE('',#2692,#2991,#3092,.T.);
#3092 = LINE('',#3093,#3094);
#3093 = CARTESIAN_POINT('',(-3.299475865069,0.55,-2.261295870918));
#3094 = VECTOR('',#3095,1.);
#3095 = DIRECTION('',(0.,1.,0.));
#3096 = ORIENTED_EDGE('',*,*,#2691,.T.);
#3097 = ORIENTED_EDGE('',*,*,#3074,.T.);
#3098 = ORIENTED_EDGE('',*,*,#2999,.T.);
#3099 = CYLINDRICAL_SURFACE('',#3100,1.);
#3100 = AXIS2_PLACEMENT_3D('',#3101,#3102,#3103);
#3101 = CARTESIAN_POINT('',(-2.474606898801,-1.940245164285,
    -1.695971903188));
#3102 = DIRECTION('',(0.,1.,0.));
#3103 = DIRECTION('',(-1.,0.,0.));
#3104 = ADVANCED_FACE('',(#3105),#3116,.T.);
#3105 = FACE_BOUND('',#3106,.T.);
#3106 = EDGE_LOOP('',(#3107,#3108,#3114,#3115));
#3107 = ORIENTED_EDGE('',*,*,#2990,.F.);
#3108 = ORIENTED_EDGE('',*,*,#3109,.T.);
#3109 = EDGE_CURVE('',#2982,#2785,#3110,.T.);
#3110 = LINE('',#3111,#3112);
#3111 = CARTESIAN_POINT('',(-1.917702154417,0.55,-3.510330247561));
#3112 = VECTOR('',#3113,1.);
#3113 = DIRECTION('',(0.,-1.,0.));
#3114 = ORIENTED_EDGE('',*,*,#2793,.F.);
#3115 = ORIENTED_EDGE('',*,*,#3091,.T.);
#3116 = CYLINDRICAL_SURFACE('',#3117,4.);
#3117 = AXIS2_PLACEMENT_3D('',#3118,#3119,#3120);
#3118 = CARTESIAN_POINT('',(0.,-1.8,0.));
#3119 = DIRECTION('',(0.,-1.,0.));
#3120 = DIRECTION('',(1.,0.,0.));
#3121 = ADVANCED_FACE('',(#3122),#3143,.T.);
#3122 = FACE_BOUND('',#3123,.T.);
#3123 = EDGE_LOOP('',(#3124,#3125,#3126,#3127,#3128,#3136));
#3124 = ORIENTED_EDGE('',*,*,#2868,.F.);
#3125 = ORIENTED_EDGE('',*,*,#2823,.F.);
#3126 = ORIENTED_EDGE('',*,*,#3109,.F.);
#3127 = ORIENTED_EDGE('',*,*,#2981,.F.);
#3128 = ORIENTED_EDGE('',*,*,#3129,.T.);
#3129 = EDGE_CURVE('',#2974,#3130,#3132,.T.);
#3130 = VERTEX_POINT('',#3131);
#3131 = CARTESIAN_POINT('',(-1.5,1.3,-3.708099243548));
#3132 = LINE('',#3133,#3134);
#3133 = CARTESIAN_POINT('',(-1.5,0.55,-3.708099243548));
#3134 = VECTOR('',#3135,1.);
#3135 = DIRECTION('',(0.,1.,0.));
#3136 = ORIENTED_EDGE('',*,*,#3137,.F.);
#3137 = EDGE_CURVE('',#2869,#3130,#3138,.T.);
#3138 = CIRCLE('',#3139,4.);
#3139 = AXIS2_PLACEMENT_3D('',#3140,#3141,#3142);
#3140 = CARTESIAN_POINT('',(0.,1.3,0.));
#3141 = DIRECTION('',(-0.,1.,0.));
#3142 = DIRECTION('',(1.,0.,0.));
#3143 = CYLINDRICAL_SURFACE('',#3144,4.);
#3144 = AXIS2_PLACEMENT_3D('',#3145,#3146,#3147);
#3145 = CARTESIAN_POINT('',(0.,-1.8,0.));
#3146 = DIRECTION('',(0.,-1.,0.));
#3147 = DIRECTION('',(1.,0.,0.));
#3148 = ADVANCED_FACE('',(#3149),#3167,.T.);
#3149 = FACE_BOUND('',#3150,.T.);
#3150 = EDGE_LOOP('',(#3151,#3152,#3160,#3166));
#3151 = ORIENTED_EDGE('',*,*,#3137,.T.);
#3152 = ORIENTED_EDGE('',*,*,#3153,.T.);
#3153 = EDGE_CURVE('',#3130,#3154,#3156,.T.);
#3154 = VERTEX_POINT('',#3155);
#3155 = CARTESIAN_POINT('',(-1.5,1.3,-2.75));
#3156 = LINE('',#3157,#3158);
#3157 = CARTESIAN_POINT('',(-1.5,1.3,-3.229049621774));
#3158 = VECTOR('',#3159,1.);
#3159 = DIRECTION('',(0.,0.,1.));
#3160 = ORIENTED_EDGE('',*,*,#3161,.T.);
#3161 = EDGE_CURVE('',#3154,#2841,#3162,.T.);
#3162 = LINE('',#3163,#3164);
#3163 = CARTESIAN_POINT('',(0.,1.3,-2.75));
#3164 = VECTOR('',#3165,1.);
#3165 = DIRECTION('',(1.,0.,0.));
#3166 = ORIENTED_EDGE('',*,*,#2876,.T.);
#3167 = PLANE('',#3168);
#3168 = AXIS2_PLACEMENT_3D('',#3169,#3170,#3171);
#3169 = CARTESIAN_POINT('',(0.,1.3,0.));
#3170 = DIRECTION('',(0.,1.,0.));
#3171 = DIRECTION('',(-1.,0.,0.));
#3172 = ADVANCED_FACE('',(#3173),#3190,.T.);
#3173 = FACE_BOUND('',#3174,.T.);
#3174 = EDGE_LOOP('',(#3175,#3181,#3182,#3188,#3189));
#3175 = ORIENTED_EDGE('',*,*,#3176,.F.);
#3176 = EDGE_CURVE('',#2943,#3154,#3177,.T.);
#3177 = LINE('',#3178,#3179);
#3178 = CARTESIAN_POINT('',(-1.5,1.05,-2.75));
#3179 = VECTOR('',#3180,1.);
#3180 = DIRECTION('',(0.,1.,0.));
#3181 = ORIENTED_EDGE('',*,*,#2942,.F.);
#3182 = ORIENTED_EDGE('',*,*,#3183,.T.);
#3183 = EDGE_CURVE('',#2935,#2843,#3184,.T.);
#3184 = LINE('',#3185,#3186);
#3185 = CARTESIAN_POINT('',(0.,-6.410976896608,-2.75));
#3186 = VECTOR('',#3187,1.);
#3187 = DIRECTION('',(1.,0.,0.));
#3188 = ORIENTED_EDGE('',*,*,#2840,.F.);
#3189 = ORIENTED_EDGE('',*,*,#3161,.F.);
#3190 = PLANE('',#3191);
#3191 = AXIS2_PLACEMENT_3D('',#3192,#3193,#3194);
#3192 = CARTESIAN_POINT('',(0.,2.320884425638,-2.75));
#3193 = DIRECTION('',(0.,0.,1.));
#3194 = DIRECTION('',(0.,-1.,0.));
#3195 = ADVANCED_FACE('',(#3196),#3202,.T.);
#3196 = FACE_BOUND('',#3197,.T.);
#3197 = EDGE_LOOP('',(#3198,#3199,#3200,#3201));
#3198 = ORIENTED_EDGE('',*,*,#3183,.F.);
#3199 = ORIENTED_EDGE('',*,*,#2934,.F.);
#3200 = ORIENTED_EDGE('',*,*,#2892,.T.);
#3201 = ORIENTED_EDGE('',*,*,#2850,.T.);
#3202 = PLANE('',#3203);
#3203 = AXIS2_PLACEMENT_3D('',#3204,#3205,#3206);
#3204 = CARTESIAN_POINT('',(0.,-6.410976896608,-2.75));
#3205 = DIRECTION('',(0.,0.226371858121,0.974040954915));
#3206 = DIRECTION('',(0.,-0.974040954915,0.226371858121));
#3207 = ADVANCED_FACE('',(#3208),#3214,.F.);
#3208 = FACE_BOUND('',#3209,.T.);
#3209 = EDGE_LOOP('',(#3210,#3211,#3212,#3213));
#3210 = ORIENTED_EDGE('',*,*,#3153,.F.);
#3211 = ORIENTED_EDGE('',*,*,#3129,.F.);
#3212 = ORIENTED_EDGE('',*,*,#2973,.T.);
#3213 = ORIENTED_EDGE('',*,*,#3176,.T.);
#3214 = PLANE('',#3215);
#3215 = AXIS2_PLACEMENT_3D('',#3216,#3217,#3218);
#3216 = CARTESIAN_POINT('',(-1.5,0.,0.));
#3217 = DIRECTION('',(1.,0.,0.));
#3218 = DIRECTION('',(-0.,1.,0.));
#3219 = ADVANCED_FACE('',(#3220),#3227,.T.);
#3220 = FACE_BOUND('',#3221,.T.);
#3221 = EDGE_LOOP('',(#3222,#3223,#3224,#3225,#3226));
#3222 = ORIENTED_EDGE('',*,*,#1466,.F.);
#3223 = ORIENTED_EDGE('',*,*,#1457,.F.);
#3224 = ORIENTED_EDGE('',*,*,#900,.T.);
#3225 = ORIENTED_EDGE('',*,*,#3064,.T.);
#3226 = ORIENTED_EDGE('',*,*,#2557,.F.);
#3227 = CYLINDRICAL_SURFACE('',#3228,6.);
#3228 = AXIS2_PLACEMENT_3D('',#3229,#3230,#3231);
#3229 = CARTESIAN_POINT('',(2.525393101199,-4.680490328569,-5.45));
#3230 = DIRECTION('',(0.,0.,-1.));
#3231 = DIRECTION('',(1.,0.,0.));
#3232 = ADVANCED_FACE('',(#3233),#3244,.F.);
#3233 = FACE_BOUND('',#3234,.F.);
#3234 = EDGE_LOOP('',(#3235,#3236,#3242,#3243));
#3235 = ORIENTED_EDGE('',*,*,#441,.T.);
#3236 = ORIENTED_EDGE('',*,*,#3237,.T.);
#3237 = EDGE_CURVE('',#442,#704,#3238,.T.);
#3238 = LINE('',#3239,#3240);
#3239 = CARTESIAN_POINT('',(-2.930153331874,1.035925161963,
    -5.36360969673));
#3240 = VECTOR('',#3241,1.);
#3241 = DIRECTION('',(0.467137893109,0.224951054344,0.855090177684));
#3242 = ORIENTED_EDGE('',*,*,#738,.F.);
#3243 = ORIENTED_EDGE('',*,*,#481,.T.);
#3244 = CONICAL_SURFACE('',#3245,4.223601355927,1.343903524036);
#3245 = AXIS2_PLACEMENT_3D('',#3246,#3247,#3248);
#3246 = CARTESIAN_POINT('',(0.,1.471850323926,0.));
#3247 = DIRECTION('',(0.,-1.,0.));
#3248 = DIRECTION('',(1.,0.,0.));
#3249 = ADVANCED_FACE('',(#3250),#3263,.F.);
#3250 = FACE_BOUND('',#3251,.F.);
#3251 = EDGE_LOOP('',(#3252,#3253,#3254,#3255,#3256));
#3252 = ORIENTED_EDGE('',*,*,#464,.T.);
#3253 = ORIENTED_EDGE('',*,*,#805,.F.);
#3254 = ORIENTED_EDGE('',*,*,#853,.F.);
#3255 = ORIENTED_EDGE('',*,*,#3237,.F.);
#3256 = ORIENTED_EDGE('',*,*,#3257,.T.);
#3257 = EDGE_CURVE('',#442,#465,#3258,.T.);
#3258 = CIRCLE('',#3259,8.);
#3259 = AXIS2_PLACEMENT_3D('',#3260,#3261,#3262);
#3260 = CARTESIAN_POINT('',(0.,0.6,0.));
#3261 = DIRECTION('',(-0.,1.,0.));
#3262 = DIRECTION('',(1.,0.,0.));
#3263 = CONICAL_SURFACE('',#3264,4.223601355927,1.343903524036);
#3264 = AXIS2_PLACEMENT_3D('',#3265,#3266,#3267);
#3265 = CARTESIAN_POINT('',(0.,1.471850323926,0.));
#3266 = DIRECTION('',(0.,-1.,0.));
#3267 = DIRECTION('',(1.,0.,0.));
#3268 = ADVANCED_FACE('',(#3269),#3288,.T.);
#3269 = FACE_BOUND('',#3270,.T.);
#3270 = EDGE_LOOP('',(#3271,#3280,#3281,#3282));
#3271 = ORIENTED_EDGE('',*,*,#3272,.F.);
#3272 = EDGE_CURVE('',#410,#3273,#3275,.T.);
#3273 = VERTEX_POINT('',#3274);
#3274 = CARTESIAN_POINT('',(3.835404308834,0.8,7.020660495123));
#3275 = CIRCLE('',#3276,8.);
#3276 = AXIS2_PLACEMENT_3D('',#3277,#3278,#3279);
#3277 = CARTESIAN_POINT('',(0.,0.8,0.));
#3278 = DIRECTION('',(-0.,1.,0.));
#3279 = DIRECTION('',(1.,0.,0.));
#3280 = ORIENTED_EDGE('',*,*,#450,.T.);
#3281 = ORIENTED_EDGE('',*,*,#3257,.T.);
#3282 = ORIENTED_EDGE('',*,*,#3283,.F.);
#3283 = EDGE_CURVE('',#3273,#465,#3284,.T.);
#3284 = LINE('',#3285,#3286);
#3285 = CARTESIAN_POINT('',(3.835404308834,0.7,7.020660495123));
#3286 = VECTOR('',#3287,1.);
#3287 = DIRECTION('',(0.,-1.,0.));
#3288 = CYLINDRICAL_SURFACE('',#3289,8.);
#3289 = AXIS2_PLACEMENT_3D('',#3290,#3291,#3292);
#3290 = CARTESIAN_POINT('',(0.,1.600000000006,0.));
#3291 = DIRECTION('',(0.,-1.,0.));
#3292 = DIRECTION('',(1.,0.,0.));
#3293 = ADVANCED_FACE('',(#3294),#3306,.T.);
#3294 = FACE_BOUND('',#3295,.T.);
#3295 = EDGE_LOOP('',(#3296,#3297,#3304,#3305));
#3296 = ORIENTED_EDGE('',*,*,#433,.F.);
#3297 = ORIENTED_EDGE('',*,*,#3298,.F.);
#3298 = EDGE_CURVE('',#3273,#402,#3299,.T.);
#3299 = CIRCLE('',#3300,8.);
#3300 = AXIS2_PLACEMENT_3D('',#3301,#3302,#3303);
#3301 = CARTESIAN_POINT('',(0.,0.8,0.));
#3302 = DIRECTION('',(-0.,1.,0.));
#3303 = DIRECTION('',(1.,0.,0.));
#3304 = ORIENTED_EDGE('',*,*,#3283,.T.);
#3305 = ORIENTED_EDGE('',*,*,#474,.T.);
#3306 = CYLINDRICAL_SURFACE('',#3307,8.);
#3307 = AXIS2_PLACEMENT_3D('',#3308,#3309,#3310);
#3308 = CARTESIAN_POINT('',(0.,1.600000000006,0.));
#3309 = DIRECTION('',(0.,-1.,0.));
#3310 = DIRECTION('',(1.,0.,0.));
#3311 = ADVANCED_FACE('',(#3312),#3323,.T.);
#3312 = FACE_BOUND('',#3313,.T.);
#3313 = EDGE_LOOP('',(#3314,#3315,#3316,#3322));
#3314 = ORIENTED_EDGE('',*,*,#401,.F.);
#3315 = ORIENTED_EDGE('',*,*,#294,.F.);
#3316 = ORIENTED_EDGE('',*,*,#3317,.T.);
#3317 = EDGE_CURVE('',#295,#3273,#3318,.T.);
#3318 = LINE('',#3319,#3320);
#3319 = CARTESIAN_POINT('',(2.897054070938,1.59077578185,5.303021905988)
  );
#3320 = VECTOR('',#3321,1.);
#3321 = DIRECTION('',(0.444515618861,-0.374606593416,0.813680382434));
#3322 = ORIENTED_EDGE('',*,*,#3298,.T.);
#3323 = CONICAL_SURFACE('',#3324,4.085522516685,1.186823891356);
#3324 = AXIS2_PLACEMENT_3D('',#3325,#3326,#3327);
#3325 = CARTESIAN_POINT('',(0.,2.3815515637,0.));
#3326 = DIRECTION('',(0.,-1.,0.));
#3327 = DIRECTION('',(1.,0.,0.));
#3328 = ADVANCED_FACE('',(#3329),#3342,.T.);
#3329 = FACE_BOUND('',#3330,.T.);
#3330 = EDGE_LOOP('',(#3331,#3332,#3333,#3334,#3335));
#3331 = ORIENTED_EDGE('',*,*,#344,.F.);
#3332 = ORIENTED_EDGE('',*,*,#418,.T.);
#3333 = ORIENTED_EDGE('',*,*,#3272,.T.);
#3334 = ORIENTED_EDGE('',*,*,#3317,.F.);
#3335 = ORIENTED_EDGE('',*,*,#3336,.F.);
#3336 = EDGE_CURVE('',#347,#295,#3337,.T.);
#3337 = CIRCLE('',#3338,4.085522516685);
#3338 = AXIS2_PLACEMENT_3D('',#3339,#3340,#3341);
#3339 = CARTESIAN_POINT('',(0.,2.3815515637,0.));
#3340 = DIRECTION('',(-0.,1.,0.));
#3341 = DIRECTION('',(1.,0.,0.));
#3342 = CONICAL_SURFACE('',#3343,4.085522516685,1.186823891356);
#3343 = AXIS2_PLACEMENT_3D('',#3344,#3345,#3346);
#3344 = CARTESIAN_POINT('',(0.,2.3815515637,0.));
#3345 = DIRECTION('',(0.,-1.,0.));
#3346 = DIRECTION('',(1.,0.,0.));
#3347 = ADVANCED_FACE('',(#3348),#3360,.T.);
#3348 = FACE_BOUND('',#3349,.T.);
#3349 = EDGE_LOOP('',(#3350,#3351,#3352,#3353));
#3350 = ORIENTED_EDGE('',*,*,#355,.F.);
#3351 = ORIENTED_EDGE('',*,*,#3336,.T.);
#3352 = ORIENTED_EDGE('',*,*,#323,.F.);
#3353 = ORIENTED_EDGE('',*,*,#3354,.F.);
#3354 = EDGE_CURVE('',#356,#315,#3355,.T.);
#3355 = CIRCLE('',#3356,2.961702736437);
#3356 = AXIS2_PLACEMENT_3D('',#3357,#3358,#3359);
#3357 = CARTESIAN_POINT('',(0.,2.6,0.));
#3358 = DIRECTION('',(-0.,1.,0.));
#3359 = DIRECTION('',(1.,0.,0.));
#3360 = SURFACE_OF_REVOLUTION('',#3361,#3368);
#3361 = B_SPLINE_CURVE_WITH_KNOTS('',5,(#3362,#3363,#3364,#3365,#3366,
    #3367),.UNSPECIFIED.,.F.,.F.,(6,6),(1.186823891356,1.570796326795),
  .PIECEWISE_BEZIER_KNOTS.);
#3362 = CARTESIAN_POINT('',(4.085522516685,2.3815515637,0.));
#3363 = CARTESIAN_POINT('',(3.871914691043,2.467854727304,0.));
#3364 = CARTESIAN_POINT('',(3.650022421114,2.533653307611,0.));
#3365 = CARTESIAN_POINT('',(3.422469709852,2.577885073971,0.));
#3366 = CARTESIAN_POINT('',(3.192086197701,2.6,0.));
#3367 = CARTESIAN_POINT('',(2.961702736437,2.6,0.));
#3368 = AXIS1_PLACEMENT('',#3369,#3370);
#3369 = CARTESIAN_POINT('',(0.,-0.4,0.));
#3370 = DIRECTION('',(0.,1.,0.));
#3371 = ADVANCED_FACE('',(#3372),#3384,.T.);
#3372 = FACE_BOUND('',#3373,.T.);
#3373 = EDGE_LOOP('',(#3374,#3375,#3376,#3377));
#3374 = ORIENTED_EDGE('',*,*,#305,.F.);
#3375 = ORIENTED_EDGE('',*,*,#394,.T.);
#3376 = ORIENTED_EDGE('',*,*,#373,.F.);
#3377 = ORIENTED_EDGE('',*,*,#3378,.F.);
#3378 = EDGE_CURVE('',#306,#365,#3379,.T.);
#3379 = CIRCLE('',#3380,2.961702736437);
#3380 = AXIS2_PLACEMENT_3D('',#3381,#3382,#3383);
#3381 = CARTESIAN_POINT('',(0.,2.6,0.));
#3382 = DIRECTION('',(-0.,1.,0.));
#3383 = DIRECTION('',(1.,0.,0.));
#3384 = SURFACE_OF_REVOLUTION('',#3385,#3392);
#3385 = B_SPLINE_CURVE_WITH_KNOTS('',5,(#3386,#3387,#3388,#3389,#3390,
    #3391),.UNSPECIFIED.,.F.,.F.,(6,6),(1.186823891356,1.570796326795),
  .PIECEWISE_BEZIER_KNOTS.);
#3386 = CARTESIAN_POINT('',(4.085522516685,2.3815515637,0.));
#3387 = CARTESIAN_POINT('',(3.871914691043,2.467854727304,0.));
#3388 = CARTESIAN_POINT('',(3.650022421114,2.533653307611,0.));
#3389 = CARTESIAN_POINT('',(3.422469709852,2.577885073971,0.));
#3390 = CARTESIAN_POINT('',(3.192086197701,2.6,0.));
#3391 = CARTESIAN_POINT('',(2.961702736437,2.6,0.));
#3392 = AXIS1_PLACEMENT('',#3393,#3394);
#3393 = CARTESIAN_POINT('',(0.,-0.4,0.));
#3394 = DIRECTION('',(0.,1.,0.));
#3395 = ADVANCED_FACE('',(#3396,#3402),#3437,.F.);
#3396 = FACE_BOUND('',#3397,.T.);
#3397 = EDGE_LOOP('',(#3398,#3399,#3400,#3401));
#3398 = ORIENTED_EDGE('',*,*,#364,.T.);
#3399 = ORIENTED_EDGE('',*,*,#3354,.T.);
#3400 = ORIENTED_EDGE('',*,*,#314,.T.);
#3401 = ORIENTED_EDGE('',*,*,#3378,.T.);
#3402 = FACE_BOUND('',#3403,.T.);
#3403 = EDGE_LOOP('',(#3404,#3414,#3420,#3421,#3430));
#3404 = ORIENTED_EDGE('',*,*,#3405,.T.);
#3405 = EDGE_CURVE('',#3406,#3408,#3410,.T.);
#3406 = VERTEX_POINT('',#3407);
#3407 = CARTESIAN_POINT('',(-8.237718130648,2.6,-0.45));
#3408 = VERTEX_POINT('',#3409);
#3409 = CARTESIAN_POINT('',(-3.474606898801,2.6,-0.45));
#3410 = LINE('',#3411,#3412);
#3411 = CARTESIAN_POINT('',(-5.856162514725,2.6,-0.45));
#3412 = VECTOR('',#3413,1.);
#3413 = DIRECTION('',(1.,0.,0.));
#3414 = ORIENTED_EDGE('',*,*,#3415,.F.);
#3415 = EDGE_CURVE('',#255,#3408,#3416,.T.);
#3416 = LINE('',#3417,#3418);
#3417 = CARTESIAN_POINT('',(-3.474606898801,2.6,-3.966310161521));
#3418 = VECTOR('',#3419,1.);
#3419 = DIRECTION('',(1.262940950744E-16,0.,1.));
#3420 = ORIENTED_EDGE('',*,*,#254,.F.);
#3421 = ORIENTED_EDGE('',*,*,#3422,.F.);
#3422 = EDGE_CURVE('',#3423,#247,#3425,.T.);
#3423 = VERTEX_POINT('',#3424);
#3424 = CARTESIAN_POINT('',(3.955260693485,2.6,7.240056135596));
#3425 = CIRCLE('',#3426,8.25);
#3426 = AXIS2_PLACEMENT_3D('',#3427,#3428,#3429);
#3427 = CARTESIAN_POINT('',(0.,2.6,0.));
#3428 = DIRECTION('',(-0.,1.,0.));
#3429 = DIRECTION('',(1.,0.,0.));
#3430 = ORIENTED_EDGE('',*,*,#3431,.F.);
#3431 = EDGE_CURVE('',#3406,#3423,#3432,.T.);
#3432 = CIRCLE('',#3433,8.25);
#3433 = AXIS2_PLACEMENT_3D('',#3434,#3435,#3436);
#3434 = CARTESIAN_POINT('',(0.,2.6,0.));
#3435 = DIRECTION('',(-0.,1.,0.));
#3436 = DIRECTION('',(1.,0.,0.));
#3437 = PLANE('',#3438);
#3438 = AXIS2_PLACEMENT_3D('',#3439,#3440,#3441);
#3439 = CARTESIAN_POINT('',(0.,2.6,8.25));
#3440 = DIRECTION('',(-0.,1.,0.));
#3441 = DIRECTION('',(1.,0.,0.));
#3442 = ADVANCED_FACE('',(#3443),#3462,.T.);
#3443 = FACE_BOUND('',#3444,.T.);
#3444 = EDGE_LOOP('',(#3445,#3446,#3455,#3461));
#3445 = ORIENTED_EDGE('',*,*,#246,.F.);
#3446 = ORIENTED_EDGE('',*,*,#3447,.F.);
#3447 = EDGE_CURVE('',#3448,#215,#3450,.T.);
#3448 = VERTEX_POINT('',#3449);
#3449 = CARTESIAN_POINT('',(3.955260693485,2.800030326843,7.240056135596
    ));
#3450 = CIRCLE('',#3451,8.25);
#3451 = AXIS2_PLACEMENT_3D('',#3452,#3453,#3454);
#3452 = CARTESIAN_POINT('',(0.,2.800030326843,0.));
#3453 = DIRECTION('',(-0.,1.,0.));
#3454 = DIRECTION('',(1.,0.,0.));
#3455 = ORIENTED_EDGE('',*,*,#3456,.T.);
#3456 = EDGE_CURVE('',#3448,#3423,#3457,.T.);
#3457 = LINE('',#3458,#3459);
#3458 = CARTESIAN_POINT('',(3.955260693485,2.700015163422,7.240056135596
    ));
#3459 = VECTOR('',#3460,1.);
#3460 = DIRECTION('',(0.,-1.,0.));
#3461 = ORIENTED_EDGE('',*,*,#3422,.T.);
#3462 = CYLINDRICAL_SURFACE('',#3463,8.25);
#3463 = AXIS2_PLACEMENT_3D('',#3464,#3465,#3466);
#3464 = CARTESIAN_POINT('',(0.,-1.8,0.));
#3465 = DIRECTION('',(0.,-1.,0.));
#3466 = DIRECTION('',(1.,0.,0.));
#3467 = ADVANCED_FACE('',(#3468),#3494,.F.);
#3468 = FACE_BOUND('',#3469,.T.);
#3469 = EDGE_LOOP('',(#3470,#3479,#3480,#3488));
#3470 = ORIENTED_EDGE('',*,*,#3471,.F.);
#3471 = EDGE_CURVE('',#272,#3472,#3474,.T.);
#3472 = VERTEX_POINT('',#3473);
#3473 = CARTESIAN_POINT('',(-8.237718130648,2.603277046678,-0.45));
#3474 = CIRCLE('',#3475,8.25);
#3475 = AXIS2_PLACEMENT_3D('',#3476,#3477,#3478);
#3476 = CARTESIAN_POINT('',(0.,2.603277046678,-1.33226762955E-15));
#3477 = DIRECTION('',(-0.,1.,0.));
#3478 = DIRECTION('',(1.,0.,0.));
#3479 = ORIENTED_EDGE('',*,*,#271,.F.);
#3480 = ORIENTED_EDGE('',*,*,#3481,.F.);
#3481 = EDGE_CURVE('',#3482,#264,#3484,.T.);
#3482 = VERTEX_POINT('',#3483);
#3483 = CARTESIAN_POINT('',(-3.474606898801,2.603277046678,-0.45));
#3484 = LINE('',#3485,#3486);
#3485 = CARTESIAN_POINT('',(-3.474606898801,2.603277046678,
    -3.966310161521));
#3486 = VECTOR('',#3487,1.);
#3487 = DIRECTION('',(0.,0.,-1.));
#3488 = ORIENTED_EDGE('',*,*,#3489,.T.);
#3489 = EDGE_CURVE('',#3482,#3472,#3490,.T.);
#3490 = LINE('',#3491,#3492);
#3491 = CARTESIAN_POINT('',(-5.856162514725,2.603277046678,-0.45));
#3492 = VECTOR('',#3493,1.);
#3493 = DIRECTION('',(-1.,0.,0.));
#3494 = PLANE('',#3495);
#3495 = AXIS2_PLACEMENT_3D('',#3496,#3497,#3498);
#3496 = CARTESIAN_POINT('',(-9.558839797974,2.603277046678,-0.45));
#3497 = DIRECTION('',(-0.,1.,0.));
#3498 = DIRECTION('',(1.,0.,0.));
#3499 = ADVANCED_FACE('',(#3500),#3516,.T.);
#3500 = FACE_BOUND('',#3501,.T.);
#3501 = EDGE_LOOP('',(#3502,#3503,#3509,#3510));
#3502 = ORIENTED_EDGE('',*,*,#3489,.F.);
#3503 = ORIENTED_EDGE('',*,*,#3504,.F.);
#3504 = EDGE_CURVE('',#3408,#3482,#3505,.T.);
#3505 = LINE('',#3506,#3507);
#3506 = CARTESIAN_POINT('',(-3.474606898801,2.601638523339,-0.45));
#3507 = VECTOR('',#3508,1.);
#3508 = DIRECTION('',(0.,1.,0.));
#3509 = ORIENTED_EDGE('',*,*,#3405,.F.);
#3510 = ORIENTED_EDGE('',*,*,#3511,.T.);
#3511 = EDGE_CURVE('',#3406,#3472,#3512,.T.);
#3512 = LINE('',#3513,#3514);
#3513 = CARTESIAN_POINT('',(-8.237718130648,2.601638523339,-0.45));
#3514 = VECTOR('',#3515,1.);
#3515 = DIRECTION('',(0.,1.,0.));
#3516 = PLANE('',#3517);
#3517 = AXIS2_PLACEMENT_3D('',#3518,#3519,#3520);
#3518 = CARTESIAN_POINT('',(0.,-7.679115574362,-0.45));
#3519 = DIRECTION('',(0.,0.,-1.));
#3520 = DIRECTION('',(0.,1.,0.));
#3521 = ADVANCED_FACE('',(#3522),#3528,.T.);
#3522 = FACE_BOUND('',#3523,.T.);
#3523 = EDGE_LOOP('',(#3524,#3525,#3526,#3527));
#3524 = ORIENTED_EDGE('',*,*,#3504,.T.);
#3525 = ORIENTED_EDGE('',*,*,#3481,.T.);
#3526 = ORIENTED_EDGE('',*,*,#263,.T.);
#3527 = ORIENTED_EDGE('',*,*,#3415,.T.);
#3528 = PLANE('',#3529);
#3529 = AXIS2_PLACEMENT_3D('',#3530,#3531,#3532);
#3530 = CARTESIAN_POINT('',(-3.474606898801,-4.680490328569,-0.45));
#3531 = DIRECTION('',(-1.,0.,0.));
#3532 = DIRECTION('',(0.,1.,0.));
#3533 = ADVANCED_FACE('',(#3534),#3548,.T.);
#3534 = FACE_BOUND('',#3535,.T.);
#3535 = EDGE_LOOP('',(#3536,#3537,#3538,#3545,#3546,#3547));
#3536 = ORIENTED_EDGE('',*,*,#3431,.T.);
#3537 = ORIENTED_EDGE('',*,*,#3456,.F.);
#3538 = ORIENTED_EDGE('',*,*,#3539,.F.);
#3539 = EDGE_CURVE('',#223,#3448,#3540,.T.);
#3540 = CIRCLE('',#3541,8.25);
#3541 = AXIS2_PLACEMENT_3D('',#3542,#3543,#3544);
#3542 = CARTESIAN_POINT('',(0.,2.800030326843,0.));
#3543 = DIRECTION('',(-0.,1.,0.));
#3544 = DIRECTION('',(1.,0.,0.));
#3545 = ORIENTED_EDGE('',*,*,#280,.T.);
#3546 = ORIENTED_EDGE('',*,*,#3471,.T.);
#3547 = ORIENTED_EDGE('',*,*,#3511,.F.);
#3548 = CYLINDRICAL_SURFACE('',#3549,8.25);
#3549 = AXIS2_PLACEMENT_3D('',#3550,#3551,#3552);
#3550 = CARTESIAN_POINT('',(0.,-1.8,0.));
#3551 = DIRECTION('',(0.,-1.,0.));
#3552 = DIRECTION('',(1.,0.,0.));
#3553 = ADVANCED_FACE('',(#3554),#3573,.T.);
#3554 = FACE_BOUND('',#3555,.T.);
#3555 = EDGE_LOOP('',(#3556,#3565,#3566,#3567));
#3556 = ORIENTED_EDGE('',*,*,#3557,.F.);
#3557 = EDGE_CURVE('',#206,#3558,#3560,.T.);
#3558 = VERTEX_POINT('',#3559);
#3559 = CARTESIAN_POINT('',(3.595691539532,3.1,6.581869214178));
#3560 = CIRCLE('',#3561,7.5);
#3561 = AXIS2_PLACEMENT_3D('',#3562,#3563,#3564);
#3562 = CARTESIAN_POINT('',(0.,3.1,0.));
#3563 = DIRECTION('',(-0.,1.,0.));
#3564 = DIRECTION('',(1.,0.,0.));
#3565 = ORIENTED_EDGE('',*,*,#231,.T.);
#3566 = ORIENTED_EDGE('',*,*,#3539,.T.);
#3567 = ORIENTED_EDGE('',*,*,#3568,.F.);
#3568 = EDGE_CURVE('',#3558,#3448,#3569,.T.);
#3569 = LINE('',#3570,#3571);
#3570 = CARTESIAN_POINT('',(3.775476116508,2.950015163422,6.910962674887
    ));
#3571 = VECTOR('',#3572,1.);
#3572 = DIRECTION('',(0.445141644116,-0.371358310428,0.814826313977));
#3573 = CONICAL_SURFACE('',#3574,7.5,1.190324808609);
#3574 = AXIS2_PLACEMENT_3D('',#3575,#3576,#3577);
#3575 = CARTESIAN_POINT('',(0.,3.1,0.));
#3576 = DIRECTION('',(0.,-1.,0.));
#3577 = DIRECTION('',(1.,0.,0.));
#3578 = ADVANCED_FACE('',(#3579),#3591,.T.);
#3579 = FACE_BOUND('',#3580,.T.);
#3580 = EDGE_LOOP('',(#3581,#3582,#3589,#3590));
#3581 = ORIENTED_EDGE('',*,*,#214,.F.);
#3582 = ORIENTED_EDGE('',*,*,#3583,.F.);
#3583 = EDGE_CURVE('',#3558,#204,#3584,.T.);
#3584 = CIRCLE('',#3585,7.5);
#3585 = AXIS2_PLACEMENT_3D('',#3586,#3587,#3588);
#3586 = CARTESIAN_POINT('',(0.,3.1,0.));
#3587 = DIRECTION('',(-0.,1.,0.));
#3588 = DIRECTION('',(1.,0.,0.));
#3589 = ORIENTED_EDGE('',*,*,#3568,.T.);
#3590 = ORIENTED_EDGE('',*,*,#3447,.T.);
#3591 = CONICAL_SURFACE('',#3592,7.5,1.190324808609);
#3592 = AXIS2_PLACEMENT_3D('',#3593,#3594,#3595);
#3593 = CARTESIAN_POINT('',(0.,3.1,0.));
#3594 = DIRECTION('',(0.,-1.,0.));
#3595 = DIRECTION('',(1.,0.,0.));
#3596 = ADVANCED_FACE('',(#3597,#3616),#3621,.T.);
#3597 = FACE_BOUND('',#3598,.T.);
#3598 = EDGE_LOOP('',(#3599,#3608,#3615));
#3599 = ORIENTED_EDGE('',*,*,#3600,.F.);
#3600 = EDGE_CURVE('',#3601,#33,#3603,.T.);
#3601 = VERTEX_POINT('',#3602);
#3602 = CARTESIAN_POINT('',(1.198563846511,3.1,2.193956404726));
#3603 = CIRCLE('',#3604,2.5);
#3604 = AXIS2_PLACEMENT_3D('',#3605,#3606,#3607);
#3605 = CARTESIAN_POINT('',(0.,3.1,0.));
#3606 = DIRECTION('',(-0.,1.,0.));
#3607 = DIRECTION('',(1.,0.,0.));
#3608 = ORIENTED_EDGE('',*,*,#3609,.F.);
#3609 = EDGE_CURVE('',#41,#3601,#3610,.T.);
#3610 = CIRCLE('',#3611,2.5);
#3611 = AXIS2_PLACEMENT_3D('',#3612,#3613,#3614);
#3612 = CARTESIAN_POINT('',(0.,3.1,0.));
#3613 = DIRECTION('',(-0.,1.,0.));
#3614 = DIRECTION('',(1.,0.,0.));
#3615 = ORIENTED_EDGE('',*,*,#40,.F.);
#3616 = FACE_BOUND('',#3617,.T.);
#3617 = EDGE_LOOP('',(#3618,#3619,#3620));
#3618 = ORIENTED_EDGE('',*,*,#3557,.T.);
#3619 = ORIENTED_EDGE('',*,*,#3583,.T.);
#3620 = ORIENTED_EDGE('',*,*,#203,.T.);
#3621 = PLANE('',#3622);
#3622 = AXIS2_PLACEMENT_3D('',#3623,#3624,#3625);
#3623 = CARTESIAN_POINT('',(0.,3.1,2.5));
#3624 = DIRECTION('',(-0.,1.,0.));
#3625 = DIRECTION('',(1.,0.,0.));
#3626 = ADVANCED_FACE('',(#3627),#3646,.T.);
#3627 = FACE_BOUND('',#3628,.T.);
#3628 = EDGE_LOOP('',(#3629,#3638,#3639,#3640));
#3629 = ORIENTED_EDGE('',*,*,#3630,.F.);
#3630 = EDGE_CURVE('',#24,#3631,#3633,.T.);
#3631 = VERTEX_POINT('',#3632);
#3632 = CARTESIAN_POINT('',(1.198563846511,5.6,2.193956404726));
#3633 = CIRCLE('',#3634,2.5);
#3634 = AXIS2_PLACEMENT_3D('',#3635,#3636,#3637);
#3635 = CARTESIAN_POINT('',(0.,5.6,0.));
#3636 = DIRECTION('',(-0.,1.,0.));
#3637 = DIRECTION('',(1.,0.,0.));
#3638 = ORIENTED_EDGE('',*,*,#49,.T.);
#3639 = ORIENTED_EDGE('',*,*,#3609,.T.);
#3640 = ORIENTED_EDGE('',*,*,#3641,.F.);
#3641 = EDGE_CURVE('',#3631,#3601,#3642,.T.);
#3642 = LINE('',#3643,#3644);
#3643 = CARTESIAN_POINT('',(1.198563846511,3.2,2.193956404726));
#3644 = VECTOR('',#3645,1.);
#3645 = DIRECTION('',(0.,-1.,0.));
#3646 = CYLINDRICAL_SURFACE('',#3647,2.5);
#3647 = AXIS2_PLACEMENT_3D('',#3648,#3649,#3650);
#3648 = CARTESIAN_POINT('',(0.,-1.8,0.));
#3649 = DIRECTION('',(0.,-1.,0.));
#3650 = DIRECTION('',(1.,0.,0.));
#3651 = ADVANCED_FACE('',(#3652),#3679,.T.);
#3652 = FACE_BOUND('',#3653,.T.);
#3653 = EDGE_LOOP('',(#3654,#3655,#3664,#3672));
#3654 = ORIENTED_EDGE('',*,*,#172,.F.);
#3655 = ORIENTED_EDGE('',*,*,#3656,.F.);
#3656 = EDGE_CURVE('',#3657,#162,#3659,.T.);
#3657 = VERTEX_POINT('',#3658);
#3658 = CARTESIAN_POINT('',(3.595691539532,6.1,6.581869214178));
#3659 = CIRCLE('',#3660,7.5);
#3660 = AXIS2_PLACEMENT_3D('',#3661,#3662,#3663);
#3661 = CARTESIAN_POINT('',(0.,6.1,0.));
#3662 = DIRECTION('',(-0.,1.,0.));
#3663 = DIRECTION('',(1.,0.,0.));
#3664 = ORIENTED_EDGE('',*,*,#3665,.T.);
#3665 = EDGE_CURVE('',#3657,#3666,#3668,.T.);
#3666 = VERTEX_POINT('',#3667);
#3667 = CARTESIAN_POINT('',(3.595691539532,5.6,6.581869214178));
#3668 = LINE('',#3669,#3670);
#3669 = CARTESIAN_POINT('',(3.595691539532,6.1,6.581869214178));
#3670 = VECTOR('',#3671,1.);
#3671 = DIRECTION('',(0.,-1.,0.));
#3672 = ORIENTED_EDGE('',*,*,#3673,.T.);
#3673 = EDGE_CURVE('',#3666,#173,#3674,.T.);
#3674 = CIRCLE('',#3675,7.5);
#3675 = AXIS2_PLACEMENT_3D('',#3676,#3677,#3678);
#3676 = CARTESIAN_POINT('',(0.,5.6,0.));
#3677 = DIRECTION('',(-0.,1.,0.));
#3678 = DIRECTION('',(1.,0.,0.));
#3679 = CYLINDRICAL_SURFACE('',#3680,7.5);
#3680 = AXIS2_PLACEMENT_3D('',#3681,#3682,#3683);
#3681 = CARTESIAN_POINT('',(0.,-1.8,0.));
#3682 = DIRECTION('',(0.,-1.,0.));
#3683 = DIRECTION('',(1.,0.,0.));
#3684 = ADVANCED_FACE('',(#3685),#3703,.T.);
#3685 = FACE_BOUND('',#3686,.T.);
#3686 = EDGE_LOOP('',(#3687,#3688,#3695,#3696));
#3687 = ORIENTED_EDGE('',*,*,#123,.F.);
#3688 = ORIENTED_EDGE('',*,*,#3689,.T.);
#3689 = EDGE_CURVE('',#115,#64,#3690,.T.);
#3690 = CIRCLE('',#3691,5.316364570071);
#3691 = AXIS2_PLACEMENT_3D('',#3692,#3693,#3694);
#3692 = CARTESIAN_POINT('',(3.625386968726E-16,6.463939238321,
    -1.311140232718E-15));
#3693 = DIRECTION('',(-2.943268896587E-15,1.,2.911818070877E-16));
#3694 = DIRECTION('',(-9.845081512393E-02,-9.860761315263E-32,
    -0.99514191802));
#3695 = ORIENTED_EDGE('',*,*,#92,.F.);
#3696 = ORIENTED_EDGE('',*,*,#3697,.F.);
#3697 = EDGE_CURVE('',#124,#84,#3698,.T.);
#3698 = CIRCLE('',#3699,3.672374697018);
#3699 = AXIS2_PLACEMENT_3D('',#3700,#3701,#3702);
#3700 = CARTESIAN_POINT('',(9.600653605446E-14,6.6,-1.054711873394E-14)
  );
#3701 = DIRECTION('',(-0.,1.,0.));
#3702 = DIRECTION('',(1.,0.,0.));
#3703 = SURFACE_OF_REVOLUTION('',#3704,#3710);
#3704 = B_SPLINE_CURVE_WITH_KNOTS('',4,(#3705,#3706,#3707,#3708,#3709),
  .UNSPECIFIED.,.F.,.F.,(5,5),(1.40564764938,1.570796326795),
  .PIECEWISE_BEZIER_KNOTS.);
#3705 = CARTESIAN_POINT('',(3.696913260716,6.463939238321,
    -3.820545063817));
#3706 = CARTESIAN_POINT('',(3.413715377426,6.531814926626,
    -3.527876505271));
#3707 = CARTESIAN_POINT('',(3.127918584038,6.577271535591,
    -3.232522124134));
#3708 = CARTESIAN_POINT('',(2.840813746964,6.6,-2.935815955846));
#3709 = CARTESIAN_POINT('',(2.553709501442,6.6,-2.639110398892));
#3710 = AXIS1_PLACEMENT('',#3711,#3712);
#3711 = CARTESIAN_POINT('',(9.814371537686E-14,-3.4,-1.110223024625E-14)
  );
#3712 = DIRECTION('',(3.609000086367E-16,1.,7.595932185014E-17));
#3713 = ADVANCED_FACE('',(#3714),#3726,.T.);
#3714 = FACE_BOUND('',#3715,.T.);
#3715 = EDGE_LOOP('',(#3716,#3717,#3724,#3725));
#3716 = ORIENTED_EDGE('',*,*,#83,.T.);
#3717 = ORIENTED_EDGE('',*,*,#3718,.T.);
#3718 = EDGE_CURVE('',#75,#133,#3719,.T.);
#3719 = CIRCLE('',#3720,3.672374697018);
#3720 = AXIS2_PLACEMENT_3D('',#3721,#3722,#3723);
#3721 = CARTESIAN_POINT('',(-6.949996134153E-14,6.6,3.919087276927E-14)
  );
#3722 = DIRECTION('',(-0.,1.,0.));
#3723 = DIRECTION('',(1.,0.,0.));
#3724 = ORIENTED_EDGE('',*,*,#132,.T.);
#3725 = ORIENTED_EDGE('',*,*,#3697,.T.);
#3726 = PLANE('',#3727);
#3727 = AXIS2_PLACEMENT_3D('',#3728,#3729,#3730);
#3728 = CARTESIAN_POINT('',(0.,6.6,0.));
#3729 = DIRECTION('',(-0.,1.,0.));
#3730 = DIRECTION('',(1.,0.,0.));
#3731 = ADVANCED_FACE('',(#3732),#3744,.T.);
#3732 = FACE_BOUND('',#3733,.T.);
#3733 = EDGE_LOOP('',(#3734,#3735,#3742,#3743));
#3734 = ORIENTED_EDGE('',*,*,#74,.F.);
#3735 = ORIENTED_EDGE('',*,*,#3736,.T.);
#3736 = EDGE_CURVE('',#66,#113,#3737,.T.);
#3737 = CIRCLE('',#3738,5.316364570071);
#3738 = AXIS2_PLACEMENT_3D('',#3739,#3740,#3741);
#3739 = CARTESIAN_POINT('',(-8.066279067227E-16,6.463939238321,
    7.265569309205E-16));
#3740 = DIRECTION('',(2.238938994207E-15,1.,-1.223137947144E-15));
#3741 = DIRECTION('',(0.479425538604,-1.972152263053E-31,0.87758256189)
  );
#3742 = ORIENTED_EDGE('',*,*,#141,.F.);
#3743 = ORIENTED_EDGE('',*,*,#3718,.F.);
#3744 = SURFACE_OF_REVOLUTION('',#3745,#3751);
#3745 = B_SPLINE_CURVE_WITH_KNOTS('',4,(#3746,#3747,#3748,#3749,#3750),
  .UNSPECIFIED.,.F.,.F.,(5,5),(1.40564764938,1.570796326795),
  .PIECEWISE_BEZIER_KNOTS.);
#3746 = CARTESIAN_POINT('',(-2.604304773465,6.463939238321,
    4.634795452748));
#3747 = CARTESIAN_POINT('',(-2.404804934743,6.531814926626,
    4.279752158754));
#3748 = CARTESIAN_POINT('',(-2.203474283799,6.577271535592,
    3.921450628534));
#3749 = CARTESIAN_POINT('',(-2.001222176447,6.6,3.561509212684));
#3750 = CARTESIAN_POINT('',(-1.798970485816,6.6,3.20156853846));
#3751 = AXIS1_PLACEMENT('',#3752,#3753);
#3752 = CARTESIAN_POINT('',(-6.306066779871E-14,-3.4,3.441691376338E-14)
  );
#3753 = DIRECTION('',(1.498792429582E-16,1.,-1.448671746746E-16));
#3754 = ADVANCED_FACE('',(#3755),#3773,.T.);
#3755 = FACE_BOUND('',#3756,.T.);
#3756 = EDGE_LOOP('',(#3757,#3758,#3764,#3765,#3766,#3772));
#3757 = ORIENTED_EDGE('',*,*,#63,.F.);
#3758 = ORIENTED_EDGE('',*,*,#3759,.T.);
#3759 = EDGE_CURVE('',#64,#3657,#3760,.T.);
#3760 = LINE('',#3761,#3762);
#3761 = CARTESIAN_POINT('',(2.876553231625,6.35,5.265495371342));
#3762 = VECTOR('',#3763,1.);
#3763 = DIRECTION('',(0.472902438209,-0.164398987305,0.86564210671));
#3764 = ORIENTED_EDGE('',*,*,#3656,.T.);
#3765 = ORIENTED_EDGE('',*,*,#161,.T.);
#3766 = ORIENTED_EDGE('',*,*,#3767,.F.);
#3767 = EDGE_CURVE('',#113,#164,#3768,.T.);
#3768 = LINE('',#3769,#3770);
#3769 = CARTESIAN_POINT('',(-2.876553231625,6.35,-5.265495371342));
#3770 = VECTOR('',#3771,1.);
#3771 = DIRECTION('',(-0.472902438209,-0.164398987305,-0.86564210671));
#3772 = ORIENTED_EDGE('',*,*,#3736,.F.);
#3773 = CONICAL_SURFACE('',#3774,6.,1.40564764938);
#3774 = AXIS2_PLACEMENT_3D('',#3775,#3776,#3777);
#3775 = CARTESIAN_POINT('',(-1.110223024625E-15,6.35,7.771561172376E-16)
  );
#3776 = DIRECTION('',(-2.238938994207E-15,-1.,1.223137947144E-15));
#3777 = DIRECTION('',(0.479425538604,-3.944304526105E-31,0.87758256189)
  );
#3778 = ADVANCED_FACE('',(#3779),#3792,.T.);
#3779 = FACE_BOUND('',#3780,.T.);
#3780 = EDGE_LOOP('',(#3781,#3782,#3783,#3790,#3791));
#3781 = ORIENTED_EDGE('',*,*,#112,.F.);
#3782 = ORIENTED_EDGE('',*,*,#3767,.T.);
#3783 = ORIENTED_EDGE('',*,*,#3784,.T.);
#3784 = EDGE_CURVE('',#164,#3657,#3785,.T.);
#3785 = CIRCLE('',#3786,7.5);
#3786 = AXIS2_PLACEMENT_3D('',#3787,#3788,#3789);
#3787 = CARTESIAN_POINT('',(0.,6.1,0.));
#3788 = DIRECTION('',(-0.,1.,0.));
#3789 = DIRECTION('',(1.,0.,0.));
#3790 = ORIENTED_EDGE('',*,*,#3759,.F.);
#3791 = ORIENTED_EDGE('',*,*,#3689,.F.);
#3792 = CONICAL_SURFACE('',#3793,6.,1.40564764938);
#3793 = AXIS2_PLACEMENT_3D('',#3794,#3795,#3796);
#3794 = CARTESIAN_POINT('',(6.661338147751E-16,6.35,-1.665334536938E-15)
  );
#3795 = DIRECTION('',(2.943268896587E-15,-1.,-2.911818070877E-16));
#3796 = DIRECTION('',(-9.845081512393E-02,-9.860761315263E-32,
    -0.99514191802));
#3797 = ADVANCED_FACE('',(#3798),#3810,.T.);
#3798 = FACE_BOUND('',#3799,.T.);
#3799 = EDGE_LOOP('',(#3800,#3801,#3808,#3809));
#3800 = ORIENTED_EDGE('',*,*,#189,.T.);
#3801 = ORIENTED_EDGE('',*,*,#3802,.T.);
#3802 = EDGE_CURVE('',#181,#3666,#3803,.T.);
#3803 = CIRCLE('',#3804,7.5);
#3804 = AXIS2_PLACEMENT_3D('',#3805,#3806,#3807);
#3805 = CARTESIAN_POINT('',(0.,5.6,0.));
#3806 = DIRECTION('',(-0.,1.,0.));
#3807 = DIRECTION('',(1.,0.,0.));
#3808 = ORIENTED_EDGE('',*,*,#3665,.F.);
#3809 = ORIENTED_EDGE('',*,*,#3784,.F.);
#3810 = CYLINDRICAL_SURFACE('',#3811,7.5);
#3811 = AXIS2_PLACEMENT_3D('',#3812,#3813,#3814);
#3812 = CARTESIAN_POINT('',(0.,-1.8,0.));
#3813 = DIRECTION('',(0.,-1.,0.));
#3814 = DIRECTION('',(1.,0.,0.));
#3815 = ADVANCED_FACE('',(#3816,#3827),#3832,.F.);
#3816 = FACE_BOUND('',#3817,.T.);
#3817 = EDGE_LOOP('',(#3818,#3819,#3826));
#3818 = ORIENTED_EDGE('',*,*,#3630,.T.);
#3819 = ORIENTED_EDGE('',*,*,#3820,.T.);
#3820 = EDGE_CURVE('',#3631,#22,#3821,.T.);
#3821 = CIRCLE('',#3822,2.5);
#3822 = AXIS2_PLACEMENT_3D('',#3823,#3824,#3825);
#3823 = CARTESIAN_POINT('',(0.,5.6,0.));
#3824 = DIRECTION('',(-0.,1.,0.));
#3825 = DIRECTION('',(1.,0.,0.));
#3826 = ORIENTED_EDGE('',*,*,#21,.T.);
#3827 = FACE_BOUND('',#3828,.T.);
#3828 = EDGE_LOOP('',(#3829,#3830,#3831));
#3829 = ORIENTED_EDGE('',*,*,#3673,.F.);
#3830 = ORIENTED_EDGE('',*,*,#3802,.F.);
#3831 = ORIENTED_EDGE('',*,*,#180,.F.);
#3832 = PLANE('',#3833);
#3833 = AXIS2_PLACEMENT_3D('',#3834,#3835,#3836);
#3834 = CARTESIAN_POINT('',(0.,5.6,7.5));
#3835 = DIRECTION('',(-0.,1.,0.));
#3836 = DIRECTION('',(1.,0.,0.));
#3837 = ADVANCED_FACE('',(#3838),#3844,.T.);
#3838 = FACE_BOUND('',#3839,.T.);
#3839 = EDGE_LOOP('',(#3840,#3841,#3842,#3843));
#3840 = ORIENTED_EDGE('',*,*,#32,.F.);
#3841 = ORIENTED_EDGE('',*,*,#3820,.F.);
#3842 = ORIENTED_EDGE('',*,*,#3641,.T.);
#3843 = ORIENTED_EDGE('',*,*,#3600,.T.);
#3844 = CYLINDRICAL_SURFACE('',#3845,2.5);
#3845 = AXIS2_PLACEMENT_3D('',#3846,#3847,#3848);
#3846 = CARTESIAN_POINT('',(0.,-1.8,0.));
#3847 = DIRECTION('',(0.,-1.,0.));
#3848 = DIRECTION('',(1.,0.,0.));
#3849 = ( GEOMETRIC_REPRESENTATION_CONTEXT(3) 
GLOBAL_UNCERTAINTY_ASSIGNED_CONTEXT((#3853)) 
GLOBAL_UNIT_ASSIGNED_CONTEXT((#3850,#3851,#3852)) REPRESENTATION_CONTEXT
('Context #1','3D Context with UNIT and UNCERTAINTY') );
#3850 = ( LENGTH_UNIT() NAMED_UNIT(*) SI_UNIT(.MILLI.,.METRE.) );
#3851 = ( NAMED_UNIT(*) PLANE_ANGLE_UNIT() SI_UNIT($,.RADIAN.) );
#3852 = ( NAMED_UNIT(*) SI_UNIT($,.STERADIAN.) SOLID_ANGLE_UNIT() );
#3853 = UNCERTAINTY_MEASURE_WITH_UNIT(LENGTH_MEASURE(1.E-05),#3850,
  'distance_accuracy_value','confusion accuracy');
#3854 = PRODUCT_RELATED_PRODUCT_CATEGORY('part',$,(#7));
#3855 = MECHANICAL_DESIGN_GEOMETRIC_PRESENTATION_REPRESENTATION('',(
    #3856,#3867,#3875,#3882,#3890,#3897,#3904,#3911,#3918,#3925,#3932,
    #3939,#3946,#3953,#3960,#3967,#3974,#3981,#3988,#3995,#4002,#4009,
    #4016,#4023,#4030,#4037,#4044,#4051,#4058,#4065,#4072,#4079,#4086,
    #4093,#4100,#4107,#4114,#4121,#4128,#4135,#4142,#4149,#4156,#4163,
    #4170,#4177,#4184,#4191,#4198,#4205,#4212,#4219,#4226,#4233,#4240,
    #4247,#4254,#4261,#4268,#4275,#4282,#4289,#4296,#4303,#4310,#4317,
    #4324,#4331,#4338,#4345,#4352,#4359,#4366,#4373,#4380,#4387,#4394,
    #4401,#4408,#4415,#4422,#4429,#4436,#4443,#4450,#4457,#4464,#4471,
    #4478,#4485,#4492,#4499,#4506,#4513,#4520,#4527,#4534,#4542,#4549,
    #4556,#4563,#4570,#4577,#4584,#4591),#3849);
#3856 = STYLED_ITEM('color',(#3857),#15);
#3857 = PRESENTATION_STYLE_ASSIGNMENT((#3858,#3864));
#3858 = SURFACE_STYLE_USAGE(.BOTH.,#3859);
#3859 = SURFACE_SIDE_STYLE('',(#3860));
#3860 = SURFACE_STYLE_FILL_AREA(#3861);
#3861 = FILL_AREA_STYLE('',(#3862));
#3862 = FILL_AREA_STYLE_COLOUR('',#3863);
#3863 = DRAUGHTING_PRE_DEFINED_COLOUR('blue');
#3864 = CURVE_STYLE('',#3865,POSITIVE_LENGTH_MEASURE(0.1),#3866);
#3865 = DRAUGHTING_PRE_DEFINED_CURVE_FONT('continuous');
#3866 = COLOUR_RGB('',9.803921802644E-02,9.803921802644E-02,
  9.803921802644E-02);
#3867 = OVER_RIDING_STYLED_ITEM('overriding color',(#3868),#59,#3856);
#3868 = PRESENTATION_STYLE_ASSIGNMENT((#3869));
#3869 = SURFACE_STYLE_USAGE(.BOTH.,#3870);
#3870 = SURFACE_SIDE_STYLE('',(#3871));
#3871 = SURFACE_STYLE_FILL_AREA(#3872);
#3872 = FILL_AREA_STYLE('',(#3873));
#3873 = FILL_AREA_STYLE_COLOUR('',#3874);
#3874 = COLOUR_RGB('',0.699999984889,0.699999984889,0.699999984889);
#3875 = OVER_RIDING_STYLED_ITEM('overriding color',(#3876),#108,#3856);
#3876 = PRESENTATION_STYLE_ASSIGNMENT((#3877));
#3877 = SURFACE_STYLE_USAGE(.BOTH.,#3878);
#3878 = SURFACE_SIDE_STYLE('',(#3879));
#3879 = SURFACE_STYLE_FILL_AREA(#3880);
#3880 = FILL_AREA_STYLE('',(#3881));
#3881 = FILL_AREA_STYLE_COLOUR('',#3874);
#3882 = OVER_RIDING_STYLED_ITEM('overriding color',(#3883),#157,#3856);
#3883 = PRESENTATION_STYLE_ASSIGNMENT((#3884));
#3884 = SURFACE_STYLE_USAGE(.BOTH.,#3885);
#3885 = SURFACE_SIDE_STYLE('',(#3886));
#3886 = SURFACE_STYLE_FILL_AREA(#3887);
#3887 = FILL_AREA_STYLE('',(#3888));
#3888 = FILL_AREA_STYLE_COLOUR('',#3889);
#3889 = COLOUR_RGB('',0.500000003429,0.500000003429,0.500000003429);
#3890 = OVER_RIDING_STYLED_ITEM('overriding color',(#3891),#199,#3856);
#3891 = PRESENTATION_STYLE_ASSIGNMENT((#3892));
#3892 = SURFACE_STYLE_USAGE(.BOTH.,#3893);
#3893 = SURFACE_SIDE_STYLE('',(#3894));
#3894 = SURFACE_STYLE_FILL_AREA(#3895);
#3895 = FILL_AREA_STYLE('',(#3896));
#3896 = FILL_AREA_STYLE_COLOUR('',#3874);
#3897 = OVER_RIDING_STYLED_ITEM('overriding color',(#3898),#241,#3856);
#3898 = PRESENTATION_STYLE_ASSIGNMENT((#3899));
#3899 = SURFACE_STYLE_USAGE(.BOTH.,#3900);
#3900 = SURFACE_SIDE_STYLE('',(#3901));
#3901 = SURFACE_STYLE_FILL_AREA(#3902);
#3902 = FILL_AREA_STYLE('',(#3903));
#3903 = FILL_AREA_STYLE_COLOUR('',#3874);
#3904 = OVER_RIDING_STYLED_ITEM('overriding color',(#3905),#290,#3856);
#3905 = PRESENTATION_STYLE_ASSIGNMENT((#3906));
#3906 = SURFACE_STYLE_USAGE(.BOTH.,#3907);
#3907 = SURFACE_SIDE_STYLE('',(#3908));
#3908 = SURFACE_STYLE_FILL_AREA(#3909);
#3909 = FILL_AREA_STYLE('',(#3910));
#3910 = FILL_AREA_STYLE_COLOUR('',#3874);
#3911 = OVER_RIDING_STYLED_ITEM('overriding color',(#3912),#340,#3856);
#3912 = PRESENTATION_STYLE_ASSIGNMENT((#3913));
#3913 = SURFACE_STYLE_USAGE(.BOTH.,#3914);
#3914 = SURFACE_SIDE_STYLE('',(#3915));
#3915 = SURFACE_STYLE_FILL_AREA(#3916);
#3916 = FILL_AREA_STYLE('',(#3917));
#3917 = FILL_AREA_STYLE_COLOUR('',#3874);
#3918 = OVER_RIDING_STYLED_ITEM('overriding color',(#3919),#390,#3856);
#3919 = PRESENTATION_STYLE_ASSIGNMENT((#3920));
#3920 = SURFACE_STYLE_USAGE(.BOTH.,#3921);
#3921 = SURFACE_SIDE_STYLE('',(#3922));
#3922 = SURFACE_STYLE_FILL_AREA(#3923);
#3923 = FILL_AREA_STYLE('',(#3924));
#3924 = FILL_AREA_STYLE_COLOUR('',#3874);
#3925 = OVER_RIDING_STYLED_ITEM('overriding color',(#3926),#428,#3856);
#3926 = PRESENTATION_STYLE_ASSIGNMENT((#3927));
#3927 = SURFACE_STYLE_USAGE(.BOTH.,#3928);
#3928 = SURFACE_SIDE_STYLE('',(#3929));
#3929 = SURFACE_STYLE_FILL_AREA(#3930);
#3930 = FILL_AREA_STYLE('',(#3931));
#3931 = FILL_AREA_STYLE_COLOUR('',#3874);
#3932 = OVER_RIDING_STYLED_ITEM('overriding color',(#3933),#460,#3856);
#3933 = PRESENTATION_STYLE_ASSIGNMENT((#3934));
#3934 = SURFACE_STYLE_USAGE(.BOTH.,#3935);
#3935 = SURFACE_SIDE_STYLE('',(#3936));
#3936 = SURFACE_STYLE_FILL_AREA(#3937);
#3937 = FILL_AREA_STYLE('',(#3938));
#3938 = FILL_AREA_STYLE_COLOUR('',#3874);
#3939 = OVER_RIDING_STYLED_ITEM('overriding color',(#3940),#500,#3856);
#3940 = PRESENTATION_STYLE_ASSIGNMENT((#3941));
#3941 = SURFACE_STYLE_USAGE(.BOTH.,#3942);
#3942 = SURFACE_SIDE_STYLE('',(#3943));
#3943 = SURFACE_STYLE_FILL_AREA(#3944);
#3944 = FILL_AREA_STYLE('',(#3945));
#3945 = FILL_AREA_STYLE_COLOUR('',#3874);
#3946 = OVER_RIDING_STYLED_ITEM('overriding color',(#3947),#535,#3856);
#3947 = PRESENTATION_STYLE_ASSIGNMENT((#3948));
#3948 = SURFACE_STYLE_USAGE(.BOTH.,#3949);
#3949 = SURFACE_SIDE_STYLE('',(#3950));
#3950 = SURFACE_STYLE_FILL_AREA(#3951);
#3951 = FILL_AREA_STYLE('',(#3952));
#3952 = FILL_AREA_STYLE_COLOUR('',#3874);
#3953 = OVER_RIDING_STYLED_ITEM('overriding color',(#3954),#655,#3856);
#3954 = PRESENTATION_STYLE_ASSIGNMENT((#3955));
#3955 = SURFACE_STYLE_USAGE(.BOTH.,#3956);
#3956 = SURFACE_SIDE_STYLE('',(#3957));
#3957 = SURFACE_STYLE_FILL_AREA(#3958);
#3958 = FILL_AREA_STYLE('',(#3959));
#3959 = FILL_AREA_STYLE_COLOUR('',#3874);
#3960 = OVER_RIDING_STYLED_ITEM('overriding color',(#3961),#697,#3856);
#3961 = PRESENTATION_STYLE_ASSIGNMENT((#3962));
#3962 = SURFACE_STYLE_USAGE(.BOTH.,#3963);
#3963 = SURFACE_SIDE_STYLE('',(#3964));
#3964 = SURFACE_STYLE_FILL_AREA(#3965);
#3965 = FILL_AREA_STYLE('',(#3966));
#3966 = FILL_AREA_STYLE_COLOUR('',#3874);
#3967 = OVER_RIDING_STYLED_ITEM('overriding color',(#3968),#754,#3856);
#3968 = PRESENTATION_STYLE_ASSIGNMENT((#3969));
#3969 = SURFACE_STYLE_USAGE(.BOTH.,#3970);
#3970 = SURFACE_SIDE_STYLE('',(#3971));
#3971 = SURFACE_STYLE_FILL_AREA(#3972);
#3972 = FILL_AREA_STYLE('',(#3973));
#3973 = FILL_AREA_STYLE_COLOUR('',#3874);
#3974 = OVER_RIDING_STYLED_ITEM('overriding color',(#3975),#821,#3856);
#3975 = PRESENTATION_STYLE_ASSIGNMENT((#3976));
#3976 = SURFACE_STYLE_USAGE(.BOTH.,#3977);
#3977 = SURFACE_SIDE_STYLE('',(#3978));
#3978 = SURFACE_STYLE_FILL_AREA(#3979);
#3979 = FILL_AREA_STYLE('',(#3980));
#3980 = FILL_AREA_STYLE_COLOUR('',#3874);
#3981 = OVER_RIDING_STYLED_ITEM('overriding color',(#3982),#870,#3856);
#3982 = PRESENTATION_STYLE_ASSIGNMENT((#3983));
#3983 = SURFACE_STYLE_USAGE(.BOTH.,#3984);
#3984 = SURFACE_SIDE_STYLE('',(#3985));
#3985 = SURFACE_STYLE_FILL_AREA(#3986);
#3986 = FILL_AREA_STYLE('',(#3987));
#3987 = FILL_AREA_STYLE_COLOUR('',#3874);
#3988 = OVER_RIDING_STYLED_ITEM('overriding color',(#3989),#886,#3856);
#3989 = PRESENTATION_STYLE_ASSIGNMENT((#3990));
#3990 = SURFACE_STYLE_USAGE(.BOTH.,#3991);
#3991 = SURFACE_SIDE_STYLE('',(#3992));
#3992 = SURFACE_STYLE_FILL_AREA(#3993);
#3993 = FILL_AREA_STYLE('',(#3994));
#3994 = FILL_AREA_STYLE_COLOUR('',#3874);
#3995 = OVER_RIDING_STYLED_ITEM('overriding color',(#3996),#989,#3856);
#3996 = PRESENTATION_STYLE_ASSIGNMENT((#3997));
#3997 = SURFACE_STYLE_USAGE(.BOTH.,#3998);
#3998 = SURFACE_SIDE_STYLE('',(#3999));
#3999 = SURFACE_STYLE_FILL_AREA(#4000);
#4000 = FILL_AREA_STYLE('',(#4001));
#4001 = FILL_AREA_STYLE_COLOUR('',#3874);
#4002 = OVER_RIDING_STYLED_ITEM('overriding color',(#4003),#1032,#3856);
#4003 = PRESENTATION_STYLE_ASSIGNMENT((#4004));
#4004 = SURFACE_STYLE_USAGE(.BOTH.,#4005);
#4005 = SURFACE_SIDE_STYLE('',(#4006));
#4006 = SURFACE_STYLE_FILL_AREA(#4007);
#4007 = FILL_AREA_STYLE('',(#4008));
#4008 = FILL_AREA_STYLE_COLOUR('',#3874);
#4009 = OVER_RIDING_STYLED_ITEM('overriding color',(#4010),#1048,#3856);
#4010 = PRESENTATION_STYLE_ASSIGNMENT((#4011));
#4011 = SURFACE_STYLE_USAGE(.BOTH.,#4012);
#4012 = SURFACE_SIDE_STYLE('',(#4013));
#4013 = SURFACE_STYLE_FILL_AREA(#4014);
#4014 = FILL_AREA_STYLE('',(#4015));
#4015 = FILL_AREA_STYLE_COLOUR('',#3874);
#4016 = OVER_RIDING_STYLED_ITEM('overriding color',(#4017),#1146,#3856);
#4017 = PRESENTATION_STYLE_ASSIGNMENT((#4018));
#4018 = SURFACE_STYLE_USAGE(.BOTH.,#4019);
#4019 = SURFACE_SIDE_STYLE('',(#4020));
#4020 = SURFACE_STYLE_FILL_AREA(#4021);
#4021 = FILL_AREA_STYLE('',(#4022));
#4022 = FILL_AREA_STYLE_COLOUR('',#3874);
#4023 = OVER_RIDING_STYLED_ITEM('overriding color',(#4024),#1164,#3856);
#4024 = PRESENTATION_STYLE_ASSIGNMENT((#4025));
#4025 = SURFACE_STYLE_USAGE(.BOTH.,#4026);
#4026 = SURFACE_SIDE_STYLE('',(#4027));
#4027 = SURFACE_STYLE_FILL_AREA(#4028);
#4028 = FILL_AREA_STYLE('',(#4029));
#4029 = FILL_AREA_STYLE_COLOUR('',#3874);
#4030 = OVER_RIDING_STYLED_ITEM('overriding color',(#4031),#1189,#3856);
#4031 = PRESENTATION_STYLE_ASSIGNMENT((#4032));
#4032 = SURFACE_STYLE_USAGE(.BOTH.,#4033);
#4033 = SURFACE_SIDE_STYLE('',(#4034));
#4034 = SURFACE_STYLE_FILL_AREA(#4035);
#4035 = FILL_AREA_STYLE('',(#4036));
#4036 = FILL_AREA_STYLE_COLOUR('',#3874);
#4037 = OVER_RIDING_STYLED_ITEM('overriding color',(#4038),#1247,#3856);
#4038 = PRESENTATION_STYLE_ASSIGNMENT((#4039));
#4039 = SURFACE_STYLE_USAGE(.BOTH.,#4040);
#4040 = SURFACE_SIDE_STYLE('',(#4041));
#4041 = SURFACE_STYLE_FILL_AREA(#4042);
#4042 = FILL_AREA_STYLE('',(#4043));
#4043 = FILL_AREA_STYLE_COLOUR('',#3874);
#4044 = OVER_RIDING_STYLED_ITEM('overriding color',(#4045),#1286,#3856);
#4045 = PRESENTATION_STYLE_ASSIGNMENT((#4046));
#4046 = SURFACE_STYLE_USAGE(.BOTH.,#4047);
#4047 = SURFACE_SIDE_STYLE('',(#4048));
#4048 = SURFACE_STYLE_FILL_AREA(#4049);
#4049 = FILL_AREA_STYLE('',(#4050));
#4050 = FILL_AREA_STYLE_COLOUR('',#3874);
#4051 = OVER_RIDING_STYLED_ITEM('overriding color',(#4052),#1321,#3856);
#4052 = PRESENTATION_STYLE_ASSIGNMENT((#4053));
#4053 = SURFACE_STYLE_USAGE(.BOTH.,#4054);
#4054 = SURFACE_SIDE_STYLE('',(#4055));
#4055 = SURFACE_STYLE_FILL_AREA(#4056);
#4056 = FILL_AREA_STYLE('',(#4057));
#4057 = FILL_AREA_STYLE_COLOUR('',#3874);
#4058 = OVER_RIDING_STYLED_ITEM('overriding color',(#4059),#1356,#3856);
#4059 = PRESENTATION_STYLE_ASSIGNMENT((#4060));
#4060 = SURFACE_STYLE_USAGE(.BOTH.,#4061);
#4061 = SURFACE_SIDE_STYLE('',(#4062));
#4062 = SURFACE_STYLE_FILL_AREA(#4063);
#4063 = FILL_AREA_STYLE('',(#4064));
#4064 = FILL_AREA_STYLE_COLOUR('',#3874);
#4065 = OVER_RIDING_STYLED_ITEM('overriding color',(#4066),#1404,#3856);
#4066 = PRESENTATION_STYLE_ASSIGNMENT((#4067));
#4067 = SURFACE_STYLE_USAGE(.BOTH.,#4068);
#4068 = SURFACE_SIDE_STYLE('',(#4069));
#4069 = SURFACE_STYLE_FILL_AREA(#4070);
#4070 = FILL_AREA_STYLE('',(#4071));
#4071 = FILL_AREA_STYLE_COLOUR('',#3874);
#4072 = OVER_RIDING_STYLED_ITEM('overriding color',(#4073),#1526,#3856);
#4073 = PRESENTATION_STYLE_ASSIGNMENT((#4074));
#4074 = SURFACE_STYLE_USAGE(.BOTH.,#4075);
#4075 = SURFACE_SIDE_STYLE('',(#4076));
#4076 = SURFACE_STYLE_FILL_AREA(#4077);
#4077 = FILL_AREA_STYLE('',(#4078));
#4078 = FILL_AREA_STYLE_COLOUR('',#3874);
#4079 = OVER_RIDING_STYLED_ITEM('overriding color',(#4080),#1549,#3856);
#4080 = PRESENTATION_STYLE_ASSIGNMENT((#4081));
#4081 = SURFACE_STYLE_USAGE(.BOTH.,#4082);
#4082 = SURFACE_SIDE_STYLE('',(#4083));
#4083 = SURFACE_STYLE_FILL_AREA(#4084);
#4084 = FILL_AREA_STYLE('',(#4085));
#4085 = FILL_AREA_STYLE_COLOUR('',#3874);
#4086 = OVER_RIDING_STYLED_ITEM('overriding color',(#4087),#1562,#3856);
#4087 = PRESENTATION_STYLE_ASSIGNMENT((#4088));
#4088 = SURFACE_STYLE_USAGE(.BOTH.,#4089);
#4089 = SURFACE_SIDE_STYLE('',(#4090));
#4090 = SURFACE_STYLE_FILL_AREA(#4091);
#4091 = FILL_AREA_STYLE('',(#4092));
#4092 = FILL_AREA_STYLE_COLOUR('',#3874);
#4093 = OVER_RIDING_STYLED_ITEM('overriding color',(#4094),#1594,#3856);
#4094 = PRESENTATION_STYLE_ASSIGNMENT((#4095));
#4095 = SURFACE_STYLE_USAGE(.BOTH.,#4096);
#4096 = SURFACE_SIDE_STYLE('',(#4097));
#4097 = SURFACE_STYLE_FILL_AREA(#4098);
#4098 = FILL_AREA_STYLE('',(#4099));
#4099 = FILL_AREA_STYLE_COLOUR('',#3874);
#4100 = OVER_RIDING_STYLED_ITEM('overriding color',(#4101),#1625,#3856);
#4101 = PRESENTATION_STYLE_ASSIGNMENT((#4102));
#4102 = SURFACE_STYLE_USAGE(.BOTH.,#4103);
#4103 = SURFACE_SIDE_STYLE('',(#4104));
#4104 = SURFACE_STYLE_FILL_AREA(#4105);
#4105 = FILL_AREA_STYLE('',(#4106));
#4106 = FILL_AREA_STYLE_COLOUR('',#3874);
#4107 = OVER_RIDING_STYLED_ITEM('overriding color',(#4108),#1664,#3856);
#4108 = PRESENTATION_STYLE_ASSIGNMENT((#4109));
#4109 = SURFACE_STYLE_USAGE(.BOTH.,#4110);
#4110 = SURFACE_SIDE_STYLE('',(#4111));
#4111 = SURFACE_STYLE_FILL_AREA(#4112);
#4112 = FILL_AREA_STYLE('',(#4113));
#4113 = FILL_AREA_STYLE_COLOUR('',#3874);
#4114 = OVER_RIDING_STYLED_ITEM('overriding color',(#4115),#1695,#3856);
#4115 = PRESENTATION_STYLE_ASSIGNMENT((#4116));
#4116 = SURFACE_STYLE_USAGE(.BOTH.,#4117);
#4117 = SURFACE_SIDE_STYLE('',(#4118));
#4118 = SURFACE_STYLE_FILL_AREA(#4119);
#4119 = FILL_AREA_STYLE('',(#4120));
#4120 = FILL_AREA_STYLE_COLOUR('',#3874);
#4121 = OVER_RIDING_STYLED_ITEM('overriding color',(#4122),#1745,#3856);
#4122 = PRESENTATION_STYLE_ASSIGNMENT((#4123));
#4123 = SURFACE_STYLE_USAGE(.BOTH.,#4124);
#4124 = SURFACE_SIDE_STYLE('',(#4125));
#4125 = SURFACE_STYLE_FILL_AREA(#4126);
#4126 = FILL_AREA_STYLE('',(#4127));
#4127 = FILL_AREA_STYLE_COLOUR('',#3874);
#4128 = OVER_RIDING_STYLED_ITEM('overriding color',(#4129),#1778,#3856);
#4129 = PRESENTATION_STYLE_ASSIGNMENT((#4130));
#4130 = SURFACE_STYLE_USAGE(.BOTH.,#4131);
#4131 = SURFACE_SIDE_STYLE('',(#4132));
#4132 = SURFACE_STYLE_FILL_AREA(#4133);
#4133 = FILL_AREA_STYLE('',(#4134));
#4134 = FILL_AREA_STYLE_COLOUR('',#3874);
#4135 = OVER_RIDING_STYLED_ITEM('overriding color',(#4136),#1823,#3856);
#4136 = PRESENTATION_STYLE_ASSIGNMENT((#4137));
#4137 = SURFACE_STYLE_USAGE(.BOTH.,#4138);
#4138 = SURFACE_SIDE_STYLE('',(#4139));
#4139 = SURFACE_STYLE_FILL_AREA(#4140);
#4140 = FILL_AREA_STYLE('',(#4141));
#4141 = FILL_AREA_STYLE_COLOUR('',#3874);
#4142 = OVER_RIDING_STYLED_ITEM('overriding color',(#4143),#1854,#3856);
#4143 = PRESENTATION_STYLE_ASSIGNMENT((#4144));
#4144 = SURFACE_STYLE_USAGE(.BOTH.,#4145);
#4145 = SURFACE_SIDE_STYLE('',(#4146));
#4146 = SURFACE_STYLE_FILL_AREA(#4147);
#4147 = FILL_AREA_STYLE('',(#4148));
#4148 = FILL_AREA_STYLE_COLOUR('',#3874);
#4149 = OVER_RIDING_STYLED_ITEM('overriding color',(#4150),#1889,#3856);
#4150 = PRESENTATION_STYLE_ASSIGNMENT((#4151));
#4151 = SURFACE_STYLE_USAGE(.BOTH.,#4152);
#4152 = SURFACE_SIDE_STYLE('',(#4153));
#4153 = SURFACE_STYLE_FILL_AREA(#4154);
#4154 = FILL_AREA_STYLE('',(#4155));
#4155 = FILL_AREA_STYLE_COLOUR('',#3874);
#4156 = OVER_RIDING_STYLED_ITEM('overriding color',(#4157),#1922,#3856);
#4157 = PRESENTATION_STYLE_ASSIGNMENT((#4158));
#4158 = SURFACE_STYLE_USAGE(.BOTH.,#4159);
#4159 = SURFACE_SIDE_STYLE('',(#4160));
#4160 = SURFACE_STYLE_FILL_AREA(#4161);
#4161 = FILL_AREA_STYLE('',(#4162));
#4162 = FILL_AREA_STYLE_COLOUR('',#3874);
#4163 = OVER_RIDING_STYLED_ITEM('overriding color',(#4164),#1934,#3856);
#4164 = PRESENTATION_STYLE_ASSIGNMENT((#4165));
#4165 = SURFACE_STYLE_USAGE(.BOTH.,#4166);
#4166 = SURFACE_SIDE_STYLE('',(#4167));
#4167 = SURFACE_STYLE_FILL_AREA(#4168);
#4168 = FILL_AREA_STYLE('',(#4169));
#4169 = FILL_AREA_STYLE_COLOUR('',#3874);
#4170 = OVER_RIDING_STYLED_ITEM('overriding color',(#4171),#1952,#3856);
#4171 = PRESENTATION_STYLE_ASSIGNMENT((#4172));
#4172 = SURFACE_STYLE_USAGE(.BOTH.,#4173);
#4173 = SURFACE_SIDE_STYLE('',(#4174));
#4174 = SURFACE_STYLE_FILL_AREA(#4175);
#4175 = FILL_AREA_STYLE('',(#4176));
#4176 = FILL_AREA_STYLE_COLOUR('',#3874);
#4177 = OVER_RIDING_STYLED_ITEM('overriding color',(#4178),#1980,#3856);
#4178 = PRESENTATION_STYLE_ASSIGNMENT((#4179));
#4179 = SURFACE_STYLE_USAGE(.BOTH.,#4180);
#4180 = SURFACE_SIDE_STYLE('',(#4181));
#4181 = SURFACE_STYLE_FILL_AREA(#4182);
#4182 = FILL_AREA_STYLE('',(#4183));
#4183 = FILL_AREA_STYLE_COLOUR('',#3874);
#4184 = OVER_RIDING_STYLED_ITEM('overriding color',(#4185),#1999,#3856);
#4185 = PRESENTATION_STYLE_ASSIGNMENT((#4186));
#4186 = SURFACE_STYLE_USAGE(.BOTH.,#4187);
#4187 = SURFACE_SIDE_STYLE('',(#4188));
#4188 = SURFACE_STYLE_FILL_AREA(#4189);
#4189 = FILL_AREA_STYLE('',(#4190));
#4190 = FILL_AREA_STYLE_COLOUR('',#3874);
#4191 = OVER_RIDING_STYLED_ITEM('overriding color',(#4192),#2077,#3856);
#4192 = PRESENTATION_STYLE_ASSIGNMENT((#4193));
#4193 = SURFACE_STYLE_USAGE(.BOTH.,#4194);
#4194 = SURFACE_SIDE_STYLE('',(#4195));
#4195 = SURFACE_STYLE_FILL_AREA(#4196);
#4196 = FILL_AREA_STYLE('',(#4197));
#4197 = FILL_AREA_STYLE_COLOUR('',#3874);
#4198 = OVER_RIDING_STYLED_ITEM('overriding color',(#4199),#2174,#3856);
#4199 = PRESENTATION_STYLE_ASSIGNMENT((#4200));
#4200 = SURFACE_STYLE_USAGE(.BOTH.,#4201);
#4201 = SURFACE_SIDE_STYLE('',(#4202));
#4202 = SURFACE_STYLE_FILL_AREA(#4203);
#4203 = FILL_AREA_STYLE('',(#4204));
#4204 = FILL_AREA_STYLE_COLOUR('',#3874);
#4205 = OVER_RIDING_STYLED_ITEM('overriding color',(#4206),#2199,#3856);
#4206 = PRESENTATION_STYLE_ASSIGNMENT((#4207));
#4207 = SURFACE_STYLE_USAGE(.BOTH.,#4208);
#4208 = SURFACE_SIDE_STYLE('',(#4209));
#4209 = SURFACE_STYLE_FILL_AREA(#4210);
#4210 = FILL_AREA_STYLE('',(#4211));
#4211 = FILL_AREA_STYLE_COLOUR('',#3874);
#4212 = OVER_RIDING_STYLED_ITEM('overriding color',(#4213),#2233,#3856);
#4213 = PRESENTATION_STYLE_ASSIGNMENT((#4214));
#4214 = SURFACE_STYLE_USAGE(.BOTH.,#4215);
#4215 = SURFACE_SIDE_STYLE('',(#4216));
#4216 = SURFACE_STYLE_FILL_AREA(#4217);
#4217 = FILL_AREA_STYLE('',(#4218));
#4218 = FILL_AREA_STYLE_COLOUR('',#3874);
#4219 = OVER_RIDING_STYLED_ITEM('overriding color',(#4220),#2264,#3856);
#4220 = PRESENTATION_STYLE_ASSIGNMENT((#4221));
#4221 = SURFACE_STYLE_USAGE(.BOTH.,#4222);
#4222 = SURFACE_SIDE_STYLE('',(#4223));
#4223 = SURFACE_STYLE_FILL_AREA(#4224);
#4224 = FILL_AREA_STYLE('',(#4225));
#4225 = FILL_AREA_STYLE_COLOUR('',#3874);
#4226 = OVER_RIDING_STYLED_ITEM('overriding color',(#4227),#2285,#3856);
#4227 = PRESENTATION_STYLE_ASSIGNMENT((#4228));
#4228 = SURFACE_STYLE_USAGE(.BOTH.,#4229);
#4229 = SURFACE_SIDE_STYLE('',(#4230));
#4230 = SURFACE_STYLE_FILL_AREA(#4231);
#4231 = FILL_AREA_STYLE('',(#4232));
#4232 = FILL_AREA_STYLE_COLOUR('',#3874);
#4233 = OVER_RIDING_STYLED_ITEM('overriding color',(#4234),#2303,#3856);
#4234 = PRESENTATION_STYLE_ASSIGNMENT((#4235));
#4235 = SURFACE_STYLE_USAGE(.BOTH.,#4236);
#4236 = SURFACE_SIDE_STYLE('',(#4237));
#4237 = SURFACE_STYLE_FILL_AREA(#4238);
#4238 = FILL_AREA_STYLE('',(#4239));
#4239 = FILL_AREA_STYLE_COLOUR('',#3874);
#4240 = OVER_RIDING_STYLED_ITEM('overriding color',(#4241),#2341,#3856);
#4241 = PRESENTATION_STYLE_ASSIGNMENT((#4242));
#4242 = SURFACE_STYLE_USAGE(.BOTH.,#4243);
#4243 = SURFACE_SIDE_STYLE('',(#4244));
#4244 = SURFACE_STYLE_FILL_AREA(#4245);
#4245 = FILL_AREA_STYLE('',(#4246));
#4246 = FILL_AREA_STYLE_COLOUR('',#3874);
#4247 = OVER_RIDING_STYLED_ITEM('overriding color',(#4248),#2410,#3856);
#4248 = PRESENTATION_STYLE_ASSIGNMENT((#4249));
#4249 = SURFACE_STYLE_USAGE(.BOTH.,#4250);
#4250 = SURFACE_SIDE_STYLE('',(#4251));
#4251 = SURFACE_STYLE_FILL_AREA(#4252);
#4252 = FILL_AREA_STYLE('',(#4253));
#4253 = FILL_AREA_STYLE_COLOUR('',#3874);
#4254 = OVER_RIDING_STYLED_ITEM('overriding color',(#4255),#2454,#3856);
#4255 = PRESENTATION_STYLE_ASSIGNMENT((#4256));
#4256 = SURFACE_STYLE_USAGE(.BOTH.,#4257);
#4257 = SURFACE_SIDE_STYLE('',(#4258));
#4258 = SURFACE_STYLE_FILL_AREA(#4259);
#4259 = FILL_AREA_STYLE('',(#4260));
#4260 = FILL_AREA_STYLE_COLOUR('',#3874);
#4261 = OVER_RIDING_STYLED_ITEM('overriding color',(#4262),#2477,#3856);
#4262 = PRESENTATION_STYLE_ASSIGNMENT((#4263));
#4263 = SURFACE_STYLE_USAGE(.BOTH.,#4264);
#4264 = SURFACE_SIDE_STYLE('',(#4265));
#4265 = SURFACE_STYLE_FILL_AREA(#4266);
#4266 = FILL_AREA_STYLE('',(#4267));
#4267 = FILL_AREA_STYLE_COLOUR('',#3874);
#4268 = OVER_RIDING_STYLED_ITEM('overriding color',(#4269),#2490,#3856);
#4269 = PRESENTATION_STYLE_ASSIGNMENT((#4270));
#4270 = SURFACE_STYLE_USAGE(.BOTH.,#4271);
#4271 = SURFACE_SIDE_STYLE('',(#4272));
#4272 = SURFACE_STYLE_FILL_AREA(#4273);
#4273 = FILL_AREA_STYLE('',(#4274));
#4274 = FILL_AREA_STYLE_COLOUR('',#3874);
#4275 = OVER_RIDING_STYLED_ITEM('overriding color',(#4276),#2507,#3856);
#4276 = PRESENTATION_STYLE_ASSIGNMENT((#4277));
#4277 = SURFACE_STYLE_USAGE(.BOTH.,#4278);
#4278 = SURFACE_SIDE_STYLE('',(#4279));
#4279 = SURFACE_STYLE_FILL_AREA(#4280);
#4280 = FILL_AREA_STYLE('',(#4281));
#4281 = FILL_AREA_STYLE_COLOUR('',#3874);
#4282 = OVER_RIDING_STYLED_ITEM('overriding color',(#4283),#2518,#3856);
#4283 = PRESENTATION_STYLE_ASSIGNMENT((#4284));
#4284 = SURFACE_STYLE_USAGE(.BOTH.,#4285);
#4285 = SURFACE_SIDE_STYLE('',(#4286));
#4286 = SURFACE_STYLE_FILL_AREA(#4287);
#4287 = FILL_AREA_STYLE('',(#4288));
#4288 = FILL_AREA_STYLE_COLOUR('',#3874);
#4289 = OVER_RIDING_STYLED_ITEM('overriding color',(#4290),#2616,#3856);
#4290 = PRESENTATION_STYLE_ASSIGNMENT((#4291));
#4291 = SURFACE_STYLE_USAGE(.BOTH.,#4292);
#4292 = SURFACE_SIDE_STYLE('',(#4293));
#4293 = SURFACE_STYLE_FILL_AREA(#4294);
#4294 = FILL_AREA_STYLE('',(#4295));
#4295 = FILL_AREA_STYLE_COLOUR('',#3874);
#4296 = OVER_RIDING_STYLED_ITEM('overriding color',(#4297),#2663,#3856);
#4297 = PRESENTATION_STYLE_ASSIGNMENT((#4298));
#4298 = SURFACE_STYLE_USAGE(.BOTH.,#4299);
#4299 = SURFACE_SIDE_STYLE('',(#4300));
#4300 = SURFACE_STYLE_FILL_AREA(#4301);
#4301 = FILL_AREA_STYLE('',(#4302));
#4302 = FILL_AREA_STYLE_COLOUR('',#3874);
#4303 = OVER_RIDING_STYLED_ITEM('overriding color',(#4304),#2779,#3856);
#4304 = PRESENTATION_STYLE_ASSIGNMENT((#4305));
#4305 = SURFACE_STYLE_USAGE(.BOTH.,#4306);
#4306 = SURFACE_SIDE_STYLE('',(#4307));
#4307 = SURFACE_STYLE_FILL_AREA(#4308);
#4308 = FILL_AREA_STYLE('',(#4309));
#4309 = FILL_AREA_STYLE_COLOUR('',#3874);
#4310 = OVER_RIDING_STYLED_ITEM('overriding color',(#4311),#2805,#3856);
#4311 = PRESENTATION_STYLE_ASSIGNMENT((#4312));
#4312 = SURFACE_STYLE_USAGE(.BOTH.,#4313);
#4313 = SURFACE_SIDE_STYLE('',(#4314));
#4314 = SURFACE_STYLE_FILL_AREA(#4315);
#4315 = FILL_AREA_STYLE('',(#4316));
#4316 = FILL_AREA_STYLE_COLOUR('',#3874);
#4317 = OVER_RIDING_STYLED_ITEM('overriding color',(#4318),#2836,#3856);
#4318 = PRESENTATION_STYLE_ASSIGNMENT((#4319));
#4319 = SURFACE_STYLE_USAGE(.BOTH.,#4320);
#4320 = SURFACE_SIDE_STYLE('',(#4321));
#4321 = SURFACE_STYLE_FILL_AREA(#4322);
#4322 = FILL_AREA_STYLE('',(#4323));
#4323 = FILL_AREA_STYLE_COLOUR('',#3874);
#4324 = OVER_RIDING_STYLED_ITEM('overriding color',(#4325),#2886,#3856);
#4325 = PRESENTATION_STYLE_ASSIGNMENT((#4326));
#4326 = SURFACE_STYLE_USAGE(.BOTH.,#4327);
#4327 = SURFACE_SIDE_STYLE('',(#4328));
#4328 = SURFACE_STYLE_FILL_AREA(#4329);
#4329 = FILL_AREA_STYLE('',(#4330));
#4330 = FILL_AREA_STYLE_COLOUR('',#3874);
#4331 = OVER_RIDING_STYLED_ITEM('overriding color',(#4332),#2911,#3856);
#4332 = PRESENTATION_STYLE_ASSIGNMENT((#4333));
#4333 = SURFACE_STYLE_USAGE(.BOTH.,#4334);
#4334 = SURFACE_SIDE_STYLE('',(#4335));
#4335 = SURFACE_STYLE_FILL_AREA(#4336);
#4336 = FILL_AREA_STYLE('',(#4337));
#4337 = FILL_AREA_STYLE_COLOUR('',#3874);
#4338 = OVER_RIDING_STYLED_ITEM('overriding color',(#4339),#2960,#3856);
#4339 = PRESENTATION_STYLE_ASSIGNMENT((#4340));
#4340 = SURFACE_STYLE_USAGE(.BOTH.,#4341);
#4341 = SURFACE_SIDE_STYLE('',(#4342));
#4342 = SURFACE_STYLE_FILL_AREA(#4343);
#4343 = FILL_AREA_STYLE('',(#4344));
#4344 = FILL_AREA_STYLE_COLOUR('',#3874);
#4345 = OVER_RIDING_STYLED_ITEM('overriding color',(#4346),#3018,#3856);
#4346 = PRESENTATION_STYLE_ASSIGNMENT((#4347));
#4347 = SURFACE_STYLE_USAGE(.BOTH.,#4348);
#4348 = SURFACE_SIDE_STYLE('',(#4349));
#4349 = SURFACE_STYLE_FILL_AREA(#4350);
#4350 = FILL_AREA_STYLE('',(#4351));
#4351 = FILL_AREA_STYLE_COLOUR('',#3874);
#4352 = OVER_RIDING_STYLED_ITEM('overriding color',(#4353),#3042,#3856);
#4353 = PRESENTATION_STYLE_ASSIGNMENT((#4354));
#4354 = SURFACE_STYLE_USAGE(.BOTH.,#4355);
#4355 = SURFACE_SIDE_STYLE('',(#4356));
#4356 = SURFACE_STYLE_FILL_AREA(#4357);
#4357 = FILL_AREA_STYLE('',(#4358));
#4358 = FILL_AREA_STYLE_COLOUR('',#3874);
#4359 = OVER_RIDING_STYLED_ITEM('overriding color',(#4360),#3060,#3856);
#4360 = PRESENTATION_STYLE_ASSIGNMENT((#4361));
#4361 = SURFACE_STYLE_USAGE(.BOTH.,#4362);
#4362 = SURFACE_SIDE_STYLE('',(#4363));
#4363 = SURFACE_STYLE_FILL_AREA(#4364);
#4364 = FILL_AREA_STYLE('',(#4365));
#4365 = FILL_AREA_STYLE_COLOUR('',#3874);
#4366 = OVER_RIDING_STYLED_ITEM('overriding color',(#4367),#3087,#3856);
#4367 = PRESENTATION_STYLE_ASSIGNMENT((#4368));
#4368 = SURFACE_STYLE_USAGE(.BOTH.,#4369);
#4369 = SURFACE_SIDE_STYLE('',(#4370));
#4370 = SURFACE_STYLE_FILL_AREA(#4371);
#4371 = FILL_AREA_STYLE('',(#4372));
#4372 = FILL_AREA_STYLE_COLOUR('',#3874);
#4373 = OVER_RIDING_STYLED_ITEM('overriding color',(#4374),#3104,#3856);
#4374 = PRESENTATION_STYLE_ASSIGNMENT((#4375));
#4375 = SURFACE_STYLE_USAGE(.BOTH.,#4376);
#4376 = SURFACE_SIDE_STYLE('',(#4377));
#4377 = SURFACE_STYLE_FILL_AREA(#4378);
#4378 = FILL_AREA_STYLE('',(#4379));
#4379 = FILL_AREA_STYLE_COLOUR('',#3874);
#4380 = OVER_RIDING_STYLED_ITEM('overriding color',(#4381),#3121,#3856);
#4381 = PRESENTATION_STYLE_ASSIGNMENT((#4382));
#4382 = SURFACE_STYLE_USAGE(.BOTH.,#4383);
#4383 = SURFACE_SIDE_STYLE('',(#4384));
#4384 = SURFACE_STYLE_FILL_AREA(#4385);
#4385 = FILL_AREA_STYLE('',(#4386));
#4386 = FILL_AREA_STYLE_COLOUR('',#3874);
#4387 = OVER_RIDING_STYLED_ITEM('overriding color',(#4388),#3148,#3856);
#4388 = PRESENTATION_STYLE_ASSIGNMENT((#4389));
#4389 = SURFACE_STYLE_USAGE(.BOTH.,#4390);
#4390 = SURFACE_SIDE_STYLE('',(#4391));
#4391 = SURFACE_STYLE_FILL_AREA(#4392);
#4392 = FILL_AREA_STYLE('',(#4393));
#4393 = FILL_AREA_STYLE_COLOUR('',#3874);
#4394 = OVER_RIDING_STYLED_ITEM('overriding color',(#4395),#3172,#3856);
#4395 = PRESENTATION_STYLE_ASSIGNMENT((#4396));
#4396 = SURFACE_STYLE_USAGE(.BOTH.,#4397);
#4397 = SURFACE_SIDE_STYLE('',(#4398));
#4398 = SURFACE_STYLE_FILL_AREA(#4399);
#4399 = FILL_AREA_STYLE('',(#4400));
#4400 = FILL_AREA_STYLE_COLOUR('',#3874);
#4401 = OVER_RIDING_STYLED_ITEM('overriding color',(#4402),#3195,#3856);
#4402 = PRESENTATION_STYLE_ASSIGNMENT((#4403));
#4403 = SURFACE_STYLE_USAGE(.BOTH.,#4404);
#4404 = SURFACE_SIDE_STYLE('',(#4405));
#4405 = SURFACE_STYLE_FILL_AREA(#4406);
#4406 = FILL_AREA_STYLE('',(#4407));
#4407 = FILL_AREA_STYLE_COLOUR('',#3874);
#4408 = OVER_RIDING_STYLED_ITEM('overriding color',(#4409),#3207,#3856);
#4409 = PRESENTATION_STYLE_ASSIGNMENT((#4410));
#4410 = SURFACE_STYLE_USAGE(.BOTH.,#4411);
#4411 = SURFACE_SIDE_STYLE('',(#4412));
#4412 = SURFACE_STYLE_FILL_AREA(#4413);
#4413 = FILL_AREA_STYLE('',(#4414));
#4414 = FILL_AREA_STYLE_COLOUR('',#3874);
#4415 = OVER_RIDING_STYLED_ITEM('overriding color',(#4416),#3219,#3856);
#4416 = PRESENTATION_STYLE_ASSIGNMENT((#4417));
#4417 = SURFACE_STYLE_USAGE(.BOTH.,#4418);
#4418 = SURFACE_SIDE_STYLE('',(#4419));
#4419 = SURFACE_STYLE_FILL_AREA(#4420);
#4420 = FILL_AREA_STYLE('',(#4421));
#4421 = FILL_AREA_STYLE_COLOUR('',#3874);
#4422 = OVER_RIDING_STYLED_ITEM('overriding color',(#4423),#3232,#3856);
#4423 = PRESENTATION_STYLE_ASSIGNMENT((#4424));
#4424 = SURFACE_STYLE_USAGE(.BOTH.,#4425);
#4425 = SURFACE_SIDE_STYLE('',(#4426));
#4426 = SURFACE_STYLE_FILL_AREA(#4427);
#4427 = FILL_AREA_STYLE('',(#4428));
#4428 = FILL_AREA_STYLE_COLOUR('',#3874);
#4429 = OVER_RIDING_STYLED_ITEM('overriding color',(#4430),#3249,#3856);
#4430 = PRESENTATION_STYLE_ASSIGNMENT((#4431));
#4431 = SURFACE_STYLE_USAGE(.BOTH.,#4432);
#4432 = SURFACE_SIDE_STYLE('',(#4433));
#4433 = SURFACE_STYLE_FILL_AREA(#4434);
#4434 = FILL_AREA_STYLE('',(#4435));
#4435 = FILL_AREA_STYLE_COLOUR('',#3874);
#4436 = OVER_RIDING_STYLED_ITEM('overriding color',(#4437),#3268,#3856);
#4437 = PRESENTATION_STYLE_ASSIGNMENT((#4438));
#4438 = SURFACE_STYLE_USAGE(.BOTH.,#4439);
#4439 = SURFACE_SIDE_STYLE('',(#4440));
#4440 = SURFACE_STYLE_FILL_AREA(#4441);
#4441 = FILL_AREA_STYLE('',(#4442));
#4442 = FILL_AREA_STYLE_COLOUR('',#3874);
#4443 = OVER_RIDING_STYLED_ITEM('overriding color',(#4444),#3293,#3856);
#4444 = PRESENTATION_STYLE_ASSIGNMENT((#4445));
#4445 = SURFACE_STYLE_USAGE(.BOTH.,#4446);
#4446 = SURFACE_SIDE_STYLE('',(#4447));
#4447 = SURFACE_STYLE_FILL_AREA(#4448);
#4448 = FILL_AREA_STYLE('',(#4449));
#4449 = FILL_AREA_STYLE_COLOUR('',#3874);
#4450 = OVER_RIDING_STYLED_ITEM('overriding color',(#4451),#3311,#3856);
#4451 = PRESENTATION_STYLE_ASSIGNMENT((#4452));
#4452 = SURFACE_STYLE_USAGE(.BOTH.,#4453);
#4453 = SURFACE_SIDE_STYLE('',(#4454));
#4454 = SURFACE_STYLE_FILL_AREA(#4455);
#4455 = FILL_AREA_STYLE('',(#4456));
#4456 = FILL_AREA_STYLE_COLOUR('',#3874);
#4457 = OVER_RIDING_STYLED_ITEM('overriding color',(#4458),#3328,#3856);
#4458 = PRESENTATION_STYLE_ASSIGNMENT((#4459));
#4459 = SURFACE_STYLE_USAGE(.BOTH.,#4460);
#4460 = SURFACE_SIDE_STYLE('',(#4461));
#4461 = SURFACE_STYLE_FILL_AREA(#4462);
#4462 = FILL_AREA_STYLE('',(#4463));
#4463 = FILL_AREA_STYLE_COLOUR('',#3874);
#4464 = OVER_RIDING_STYLED_ITEM('overriding color',(#4465),#3347,#3856);
#4465 = PRESENTATION_STYLE_ASSIGNMENT((#4466));
#4466 = SURFACE_STYLE_USAGE(.BOTH.,#4467);
#4467 = SURFACE_SIDE_STYLE('',(#4468));
#4468 = SURFACE_STYLE_FILL_AREA(#4469);
#4469 = FILL_AREA_STYLE('',(#4470));
#4470 = FILL_AREA_STYLE_COLOUR('',#3874);
#4471 = OVER_RIDING_STYLED_ITEM('overriding color',(#4472),#3371,#3856);
#4472 = PRESENTATION_STYLE_ASSIGNMENT((#4473));
#4473 = SURFACE_STYLE_USAGE(.BOTH.,#4474);
#4474 = SURFACE_SIDE_STYLE('',(#4475));
#4475 = SURFACE_STYLE_FILL_AREA(#4476);
#4476 = FILL_AREA_STYLE('',(#4477));
#4477 = FILL_AREA_STYLE_COLOUR('',#3874);
#4478 = OVER_RIDING_STYLED_ITEM('overriding color',(#4479),#3395,#3856);
#4479 = PRESENTATION_STYLE_ASSIGNMENT((#4480));
#4480 = SURFACE_STYLE_USAGE(.BOTH.,#4481);
#4481 = SURFACE_SIDE_STYLE('',(#4482));
#4482 = SURFACE_STYLE_FILL_AREA(#4483);
#4483 = FILL_AREA_STYLE('',(#4484));
#4484 = FILL_AREA_STYLE_COLOUR('',#3874);
#4485 = OVER_RIDING_STYLED_ITEM('overriding color',(#4486),#3442,#3856);
#4486 = PRESENTATION_STYLE_ASSIGNMENT((#4487));
#4487 = SURFACE_STYLE_USAGE(.BOTH.,#4488);
#4488 = SURFACE_SIDE_STYLE('',(#4489));
#4489 = SURFACE_STYLE_FILL_AREA(#4490);
#4490 = FILL_AREA_STYLE('',(#4491));
#4491 = FILL_AREA_STYLE_COLOUR('',#3874);
#4492 = OVER_RIDING_STYLED_ITEM('overriding color',(#4493),#3467,#3856);
#4493 = PRESENTATION_STYLE_ASSIGNMENT((#4494));
#4494 = SURFACE_STYLE_USAGE(.BOTH.,#4495);
#4495 = SURFACE_SIDE_STYLE('',(#4496));
#4496 = SURFACE_STYLE_FILL_AREA(#4497);
#4497 = FILL_AREA_STYLE('',(#4498));
#4498 = FILL_AREA_STYLE_COLOUR('',#3874);
#4499 = OVER_RIDING_STYLED_ITEM('overriding color',(#4500),#3499,#3856);
#4500 = PRESENTATION_STYLE_ASSIGNMENT((#4501));
#4501 = SURFACE_STYLE_USAGE(.BOTH.,#4502);
#4502 = SURFACE_SIDE_STYLE('',(#4503));
#4503 = SURFACE_STYLE_FILL_AREA(#4504);
#4504 = FILL_AREA_STYLE('',(#4505));
#4505 = FILL_AREA_STYLE_COLOUR('',#3874);
#4506 = OVER_RIDING_STYLED_ITEM('overriding color',(#4507),#3521,#3856);
#4507 = PRESENTATION_STYLE_ASSIGNMENT((#4508));
#4508 = SURFACE_STYLE_USAGE(.BOTH.,#4509);
#4509 = SURFACE_SIDE_STYLE('',(#4510));
#4510 = SURFACE_STYLE_FILL_AREA(#4511);
#4511 = FILL_AREA_STYLE('',(#4512));
#4512 = FILL_AREA_STYLE_COLOUR('',#3874);
#4513 = OVER_RIDING_STYLED_ITEM('overriding color',(#4514),#3533,#3856);
#4514 = PRESENTATION_STYLE_ASSIGNMENT((#4515));
#4515 = SURFACE_STYLE_USAGE(.BOTH.,#4516);
#4516 = SURFACE_SIDE_STYLE('',(#4517));
#4517 = SURFACE_STYLE_FILL_AREA(#4518);
#4518 = FILL_AREA_STYLE('',(#4519));
#4519 = FILL_AREA_STYLE_COLOUR('',#3874);
#4520 = OVER_RIDING_STYLED_ITEM('overriding color',(#4521),#3553,#3856);
#4521 = PRESENTATION_STYLE_ASSIGNMENT((#4522));
#4522 = SURFACE_STYLE_USAGE(.BOTH.,#4523);
#4523 = SURFACE_SIDE_STYLE('',(#4524));
#4524 = SURFACE_STYLE_FILL_AREA(#4525);
#4525 = FILL_AREA_STYLE('',(#4526));
#4526 = FILL_AREA_STYLE_COLOUR('',#3874);
#4527 = OVER_RIDING_STYLED_ITEM('overriding color',(#4528),#3578,#3856);
#4528 = PRESENTATION_STYLE_ASSIGNMENT((#4529));
#4529 = SURFACE_STYLE_USAGE(.BOTH.,#4530);
#4530 = SURFACE_SIDE_STYLE('',(#4531));
#4531 = SURFACE_STYLE_FILL_AREA(#4532);
#4532 = FILL_AREA_STYLE('',(#4533));
#4533 = FILL_AREA_STYLE_COLOUR('',#3874);
#4534 = OVER_RIDING_STYLED_ITEM('overriding color',(#4535),#3596,#3856);
#4535 = PRESENTATION_STYLE_ASSIGNMENT((#4536));
#4536 = SURFACE_STYLE_USAGE(.BOTH.,#4537);
#4537 = SURFACE_SIDE_STYLE('',(#4538));
#4538 = SURFACE_STYLE_FILL_AREA(#4539);
#4539 = FILL_AREA_STYLE('',(#4540));
#4540 = FILL_AREA_STYLE_COLOUR('',#4541);
#4541 = DRAUGHTING_PRE_DEFINED_COLOUR('yellow');
#4542 = OVER_RIDING_STYLED_ITEM('overriding color',(#4543),#3651,#3856);
#4543 = PRESENTATION_STYLE_ASSIGNMENT((#4544));
#4544 = SURFACE_STYLE_USAGE(.BOTH.,#4545);
#4545 = SURFACE_SIDE_STYLE('',(#4546));
#4546 = SURFACE_STYLE_FILL_AREA(#4547);
#4547 = FILL_AREA_STYLE('',(#4548));
#4548 = FILL_AREA_STYLE_COLOUR('',#3889);
#4549 = OVER_RIDING_STYLED_ITEM('overriding color',(#4550),#3684,#3856);
#4550 = PRESENTATION_STYLE_ASSIGNMENT((#4551));
#4551 = SURFACE_STYLE_USAGE(.BOTH.,#4552);
#4552 = SURFACE_SIDE_STYLE('',(#4553));
#4553 = SURFACE_STYLE_FILL_AREA(#4554);
#4554 = FILL_AREA_STYLE('',(#4555));
#4555 = FILL_AREA_STYLE_COLOUR('',#3874);
#4556 = OVER_RIDING_STYLED_ITEM('overriding color',(#4557),#3713,#3856);
#4557 = PRESENTATION_STYLE_ASSIGNMENT((#4558));
#4558 = SURFACE_STYLE_USAGE(.BOTH.,#4559);
#4559 = SURFACE_SIDE_STYLE('',(#4560));
#4560 = SURFACE_STYLE_FILL_AREA(#4561);
#4561 = FILL_AREA_STYLE('',(#4562));
#4562 = FILL_AREA_STYLE_COLOUR('',#3874);
#4563 = OVER_RIDING_STYLED_ITEM('overriding color',(#4564),#3731,#3856);
#4564 = PRESENTATION_STYLE_ASSIGNMENT((#4565));
#4565 = SURFACE_STYLE_USAGE(.BOTH.,#4566);
#4566 = SURFACE_SIDE_STYLE('',(#4567));
#4567 = SURFACE_STYLE_FILL_AREA(#4568);
#4568 = FILL_AREA_STYLE('',(#4569));
#4569 = FILL_AREA_STYLE_COLOUR('',#3874);
#4570 = OVER_RIDING_STYLED_ITEM('overriding color',(#4571),#3754,#3856);
#4571 = PRESENTATION_STYLE_ASSIGNMENT((#4572));
#4572 = SURFACE_STYLE_USAGE(.BOTH.,#4573);
#4573 = SURFACE_SIDE_STYLE('',(#4574));
#4574 = SURFACE_STYLE_FILL_AREA(#4575);
#4575 = FILL_AREA_STYLE('',(#4576));
#4576 = FILL_AREA_STYLE_COLOUR('',#3874);
#4577 = OVER_RIDING_STYLED_ITEM('overriding color',(#4578),#3778,#3856);
#4578 = PRESENTATION_STYLE_ASSIGNMENT((#4579));
#4579 = SURFACE_STYLE_USAGE(.BOTH.,#4580);
#4580 = SURFACE_SIDE_STYLE('',(#4581));
#4581 = SURFACE_STYLE_FILL_AREA(#4582);
#4582 = FILL_AREA_STYLE('',(#4583));
#4583 = FILL_AREA_STYLE_COLOUR('',#3874);
#4584 = OVER_RIDING_STYLED_ITEM('overriding color',(#4585),#3797,#3856);
#4585 = PRESENTATION_STYLE_ASSIGNMENT((#4586));
#4586 = SURFACE_STYLE_USAGE(.BOTH.,#4587);
#4587 = SURFACE_SIDE_STYLE('',(#4588));
#4588 = SURFACE_STYLE_FILL_AREA(#4589);
#4589 = FILL_AREA_STYLE('',(#4590));
#4590 = FILL_AREA_STYLE_COLOUR('',#3889);
#4591 = OVER_RIDING_STYLED_ITEM('overriding color',(#4592),#3815,#3856);
#4592 = PRESENTATION_STYLE_ASSIGNMENT((#4593));
#4593 = SURFACE_STYLE_USAGE(.BOTH.,#4594);
#4594 = SURFACE_SIDE_STYLE('',(#4595));
#4595 = SURFACE_STYLE_FILL_AREA(#4596);
#4596 = FILL_AREA_STYLE('',(#4597));
#4597 = FILL_AREA_STYLE_COLOUR('',#3889);
ENDSEC;
END-ISO-10303-21;
